year,cbsa,occ,employment,p10,p25,p50,p75,p90
2019,14020,000000,70530.0,19290.0,24640.0,35770.0,55870.0,82360.0
2019,14020,110000,3530.0,47160.0,63940.0,88970.0,124700.0,171040.0
2019,14020,113021,260.0,72050.0,84840.0,99000.0,122080.0,156480.0
2019,14020,130000,2630.0,35070.0,45790.0,59230.0,77090.0,98160.0
2019,14020,150000,1890.0,41350.0,51810.0,64090.0,82880.0,112230.0
2019,14020,151211,230.0,50730.0,58470.0,71060.0,83760.0,99380.0
2019,14020,151231,40.0,28220.0,30420.0,34240.0,52150.0,65970.0
2019,14020,151232,360.0,35090.0,43740.0,51140.0,61350.0,72070.0
2019,14020,151241,70.0,39990.0,51890.0,57630.0,63420.0,113180.0
2019,14020,151244,140.0,48980.0,57370.0,68340.0,82270.0,96270.0
2019,14020,151251,310.0,45830.0,54180.0,61580.0,71590.0,80690.0
2019,14020,151299,150.0,33890.0,38510.0,48940.0,75490.0,135600.0
2019,14020,190000,2300.0,17190.0,18920.0,39220.0,63490.0,94180.0
2019,14020,210000,1130.0,27650.0,34440.0,44180.0,55180.0,72860.0
2019,14020,230000,450.0,32430.0,37400.0,54870.0,78780.0,148400.0
2019,14020,250000,6940.0,,,,,
2019,14020,270000,1060.0,20800.0,31190.0,44300.0,58340.0,76800.0
2019,14020,290000,3970.0,29200.0,43740.0,60470.0,80590.0,149020.0
2019,14020,310000,2640.0,21050.0,22950.0,26630.0,31310.0,40000.0
2019,14020,330000,1650.0,21620.0,24370.0,33030.0,52870.0,66680.0
2019,14020,350000,8240.0,16910.0,18380.0,21140.0,26550.0,33830.0
2019,14020,370000,2280.0,20420.0,24220.0,29370.0,34330.0,41140.0
2019,14020,390000,1250.0,17280.0,19150.0,23380.0,33290.0,48500.0
2019,14020,410000,6680.0,17710.0,20610.0,25660.0,40460.0,67000.0
2019,14020,430000,7540.0,21880.0,27640.0,34560.0,42190.0,54690.0
2019,14020,450000,50.0,21520.0,26510.0,33480.0,44990.0,51140.0
2019,14020,470000,2530.0,29460.0,36440.0,48150.0,65490.0,77230.0
2019,14020,490000,2830.0,26500.0,33510.0,42720.0,54400.0,67150.0
2019,14020,510000,5320.0,23320.0,27560.0,34040.0,43460.0,56020.0
2019,14020,530000,4320.0,19080.0,23140.0,29400.0,37220.0,45670.0
2019,14540,000000,74430.0,18620.0,23040.0,33250.0,49370.0,71810.0
2019,14540,110000,3610.0,39500.0,52630.0,76180.0,108400.0,160370.0
2019,14540,113021,50.0,63190.0,78660.0,103600.0,145390.0,164060.0
2019,14540,130000,2450.0,31180.0,41990.0,58110.0,75430.0,94380.0
2019,14540,150000,540.0,32900.0,44650.0,59810.0,77460.0,96740.0
2019,14540,151211,100.0,28060.0,40040.0,63260.0,88180.0,104050.0
2019,14540,151231,40.0,35180.0,43220.0,54830.0,62170.0,69150.0
2019,14540,151232,130.0,31980.0,37780.0,47810.0,57800.0,69700.0
2019,14540,151244,110.0,43670.0,53860.0,66500.0,80360.0,96920.0
2019,14540,170000,1460.0,34810.0,47200.0,64550.0,82410.0,102160.0
2019,14540,190000,,33880.0,41830.0,53970.0,77090.0,100200.0
2019,14540,210000,890.0,25750.0,32350.0,38880.0,49420.0,62420.0
2019,14540,230000,390.0,33660.0,40720.0,49920.0,72560.0,129570.0
2019,14540,250000,4290.0,23370.0,35820.0,51730.0,62670.0,83030.0
2019,14540,270000,680.0,19540.0,23650.0,34000.0,47280.0,68750.0
2019,14540,290000,4630.0,27650.0,39150.0,54530.0,73880.0,117090.0
2019,14540,310000,3070.0,18970.0,21220.0,24420.0,30440.0,39030.0
2019,14540,330000,1380.0,20090.0,23890.0,30280.0,45580.0,57330.0
2019,14540,350000,7620.0,16560.0,17730.0,19710.0,23620.0,28430.0
2019,14540,370000,1790.0,17830.0,20780.0,24800.0,30360.0,37170.0
2019,14540,390000,1540.0,17070.0,18720.0,21560.0,25420.0,36460.0
2019,14540,410000,7510.0,17280.0,19510.0,23850.0,35760.0,58320.0
2019,14540,430000,8990.0,20020.0,25130.0,32660.0,40830.0,53010.0
2019,14540,470000,2570.0,26820.0,32850.0,39780.0,49920.0,63800.0
2019,14540,490000,3300.0,24030.0,31370.0,41170.0,54820.0,65410.0
2019,14540,510000,9640.0,22110.0,27180.0,34940.0,43930.0,58520.0
2019,14540,530000,7820.0,19310.0,22990.0,30060.0,38390.0,49000.0
2019,16620,000000,110480.0,19750.0,23990.0,35820.0,55740.0,79800.0
2019,16620,110000,5850.0,38460.0,57620.0,78220.0,111030.0,153400.0
2019,16620,113021,180.0,66170.0,77570.0,106630.0,144090.0,184140.0
2019,16620,130000,5550.0,32510.0,41360.0,52700.0,69530.0,91490.0
2019,16620,150000,3040.0,27930.0,40440.0,56290.0,76300.0,101470.0
2019,16620,151211,160.0,45820.0,57540.0,70140.0,82170.0,95470.0
2019,16620,151212,70.0,44680.0,56040.0,79470.0,111290.0,124700.0
2019,16620,151231,140.0,40190.0,47660.0,59610.0,77150.0,111970.0
2019,16620,151232,810.0,22620.0,26760.0,35370.0,49230.0,62490.0
2019,16620,151241,80.0,45880.0,57600.0,87010.0,142410.0,159270.0
2019,16620,151244,240.0,42410.0,51790.0,64520.0,80690.0,99000.0
2019,16620,151251,220.0,40240.0,44940.0,54020.0,68800.0,84260.0
2019,16620,151299,310.0,26540.0,33820.0,62620.0,95390.0,140660.0
2019,16620,152031,190.0,32140.0,36370.0,44080.0,57400.0,75490.0
2019,16620,170000,1650.0,40430.0,49350.0,68470.0,90150.0,114780.0
2019,16620,190000,1460.0,30730.0,40180.0,55460.0,74340.0,92200.0
2019,16620,210000,1850.0,26210.0,31690.0,38500.0,49040.0,62670.0
2019,16620,230000,1700.0,38500.0,52350.0,71560.0,98070.0,135440.0
2019,16620,250000,4900.0,24470.0,33140.0,41030.0,52690.0,64950.0
2019,16620,270000,1090.0,22380.0,30200.0,43210.0,65010.0,96120.0
2019,16620,290000,9720.0,26990.0,38820.0,57700.0,81850.0,145900.0
2019,16620,310000,5400.0,19620.0,20400.0,22950.0,28770.0,35850.0
2019,16620,330000,4440.0,18940.0,19440.0,25640.0,38660.0,51430.0
2019,16620,350000,8280.0,19030.0,19640.0,20610.0,24680.0,31860.0
2019,16620,370000,3070.0,19530.0,20470.0,23120.0,27400.0,34940.0
2019,16620,390000,1800.0,19210.0,19830.0,21080.0,27560.0,38530.0
2019,16620,410000,9530.0,19410.0,20170.0,24420.0,37810.0,62730.0
2019,16620,430000,18760.0,21280.0,26750.0,33490.0,43480.0,56740.0
2019,16620,450000,120.0,19450.0,21770.0,30490.0,36510.0,40690.0
2019,16620,470000,5730.0,26820.0,34130.0,47460.0,61090.0,74460.0
2019,16620,490000,5030.0,23940.0,30190.0,39240.0,55250.0,71920.0
2019,16620,510000,3600.0,21310.0,26340.0,38040.0,54520.0,76060.0
2019,16620,530000,7920.0,19990.0,22350.0,31420.0,43640.0,63960.0
2019,17140,000000,1083650.0,20160.0,26770.0,39620.0,62050.0,93910.0
2019,17140,110000,54480.0,49980.0,69240.0,101410.0,146390.0,204210.0
2019,17140,113021,2920.0,79250.0,100880.0,131530.0,162530.0,206070.0
2019,17140,130000,65010.0,38450.0,49850.0,65470.0,87240.0,116540.0
2019,17140,150000,33540.0,41760.0,56700.0,78200.0,106100.0,134890.0
2019,17140,151211,5290.0,55430.0,68590.0,84540.0,107490.0,147660.0
2019,17140,151212,960.0,51580.0,66890.0,91860.0,119470.0,148030.0
2019,17140,151231,1520.0,40560.0,50620.0,58710.0,69220.0,87810.0
2019,17140,151232,5380.0,32320.0,38570.0,49240.0,62040.0,76940.0
2019,17140,151241,920.0,48380.0,72680.0,104170.0,128160.0,154780.0
2019,17140,151244,3180.0,46780.0,60260.0,78710.0,102640.0,123910.0
2019,17140,151251,1330.0,45510.0,57420.0,80100.0,109370.0,145370.0
2019,17140,151299,2140.0,38090.0,51050.0,74040.0,100630.0,127300.0
2019,17140,152031,1030.0,47860.0,63370.0,85670.0,107100.0,125680.0
2019,17140,152041,430.0,50990.0,64090.0,88290.0,123660.0,147300.0
2019,17140,170000,21350.0,44170.0,60240.0,79460.0,103290.0,130240.0
2019,17140,190000,8770.0,35180.0,45490.0,61510.0,88710.0,119270.0
2019,17140,210000,13540.0,29920.0,36100.0,45540.0,58530.0,74810.0
2019,17140,230000,6390.0,36080.0,51450.0,80330.0,135160.0,203800.0
2019,17140,250000,60770.0,23680.0,34780.0,53180.0,74810.0,98310.0
2019,17140,270000,12950.0,22360.0,32750.0,46180.0,65120.0,91760.0
2019,17140,290000,68440.0,35250.0,48260.0,63600.0,86480.0,131570.0
2019,17140,310000,38690.0,21500.0,24470.0,29860.0,36330.0,43870.0
2019,17140,330000,22300.0,20330.0,26540.0,39980.0,60230.0,76820.0
2019,17140,350000,103700.0,18160.0,19020.0,20720.0,26460.0,34790.0
2019,17140,370000,26610.0,19880.0,22480.0,27200.0,34940.0,44540.0
2019,17140,390000,26080.0,18510.0,19710.0,23460.0,31350.0,43610.0
2019,17140,410000,98670.0,19080.0,21960.0,30140.0,53070.0,90470.0
2019,17140,430000,145430.0,23970.0,29740.0,37410.0,48260.0,61350.0
2019,17140,450000,820.0,20690.0,22990.0,27460.0,38110.0,54320.0
2019,17140,470000,36770.0,29570.0,36830.0,48460.0,61290.0,75490.0
2019,17140,490000,43250.0,26840.0,34770.0,47240.0,61340.0,75550.0
2019,17140,510000,87590.0,25190.0,30180.0,38360.0,50390.0,65310.0
2019,17140,530000,108510.0,20410.0,24330.0,31290.0,40920.0,52830.0
2019,18020,000000,51190.0,21100.0,27560.0,39070.0,62250.0,97820.0
2019,18020,110000,3120.0,49520.0,69750.0,110030.0,151530.0,201190.0
2019,18020,113021,180.0,86160.0,111600.0,136010.0,166280.0,
2019,18020,130000,2510.0,39080.0,53530.0,73190.0,97930.0,125580.0
2019,18020,150000,1530.0,44970.0,65580.0,82300.0,100670.0,121740.0
2019,18020,151211,460.0,65020.0,72300.0,83740.0,96850.0,109650.0
2019,18020,151232,170.0,28290.0,32230.0,41690.0,57140.0,65460.0
2019,18020,151244,110.0,40790.0,57770.0,81630.0,96300.0,110090.0
2019,18020,151251,50.0,49540.0,64630.0,74220.0,89480.0,114850.0
2019,18020,170000,4200.0,48340.0,59790.0,77230.0,99890.0,127970.0
2019,18020,190000,370.0,34820.0,39480.0,53730.0,77790.0,102700.0
2019,18020,210000,590.0,27460.0,31990.0,36860.0,44420.0,57900.0
2019,18020,230000,120.0,27260.0,30850.0,43530.0,82680.0,148390.0
2019,18020,250000,2360.0,19870.0,23950.0,38330.0,54770.0,70500.0
2019,18020,270000,380.0,27150.0,35120.0,47310.0,59650.0,73340.0
2019,18020,290000,1980.0,31060.0,41880.0,58310.0,77710.0,142770.0
2019,18020,310000,1600.0,20940.0,22840.0,26260.0,31110.0,38620.0
2019,18020,330000,720.0,,,,,
2019,18020,350000,3340.0,17390.0,19230.0,22130.0,26090.0,31210.0
2019,18020,370000,930.0,18390.0,20680.0,25570.0,32210.0,38860.0
2019,18020,390000,500.0,16840.0,18550.0,22600.0,30170.0,42140.0
2019,18020,410000,4290.0,18060.0,20990.0,25760.0,42820.0,79500.0
2019,18020,430000,5550.0,23320.0,29120.0,36990.0,47400.0,62290.0
2019,18020,470000,1550.0,32350.0,40010.0,52490.0,66450.0,79370.0
2019,18020,490000,1940.0,25250.0,34030.0,45590.0,58970.0,76200.0
2019,18020,510000,9360.0,24970.0,30760.0,36000.0,42870.0,53240.0
2019,18020,530000,4270.0,21370.0,25130.0,33570.0,41720.0,55900.0
2019,18140,000000,1059620.0,20730.0,27230.0,40380.0,64070.0,96640.0
2019,18140,110000,51980.0,51420.0,71790.0,103040.0,145290.0,201690.0
2019,18140,113021,3570.0,88520.0,111200.0,131930.0,162010.0,201800.0
2019,18140,130000,78330.0,40860.0,52160.0,67480.0,89060.0,114830.0
2019,18140,150000,44590.0,47650.0,64730.0,86490.0,106830.0,128310.0
2019,18140,151211,7870.0,60300.0,72830.0,88880.0,104080.0,125360.0
2019,18140,151212,1390.0,50450.0,70690.0,94720.0,120050.0,154270.0
2019,18140,151221,,58900.0,73460.0,105640.0,143650.0,168280.0
2019,18140,151231,1700.0,41910.0,47870.0,64520.0,95800.0,113820.0
2019,18140,151232,5720.0,35560.0,42800.0,51720.0,64960.0,83750.0
2019,18140,151241,1620.0,69230.0,88740.0,107660.0,127720.0,150970.0
2019,18140,151244,2400.0,54710.0,66550.0,82550.0,101780.0,128990.0
2019,18140,151251,1620.0,55190.0,67440.0,85480.0,101240.0,122550.0
2019,18140,151299,3810.0,47550.0,67420.0,90790.0,110160.0,128880.0
2019,18140,152031,1320.0,45630.0,61280.0,81040.0,97610.0,117050.0
2019,18140,152041,210.0,55370.0,66670.0,83030.0,99560.0,119040.0
2019,18140,170000,19210.0,45940.0,59510.0,75570.0,96780.0,121770.0
2019,18140,190000,9690.0,36660.0,48980.0,65020.0,85130.0,108290.0
2019,18140,210000,15370.0,25820.0,34140.0,45590.0,59430.0,75620.0
2019,18140,230000,8730.0,37880.0,49540.0,66180.0,108610.0,169320.0
2019,18140,250000,63940.0,25130.0,35060.0,55960.0,78270.0,101260.0
2019,18140,270000,15670.0,21090.0,32830.0,51750.0,75370.0,99150.0
2019,18140,290000,62460.0,34440.0,47290.0,61650.0,84650.0,127540.0
2019,18140,310000,43660.0,20810.0,22700.0,26000.0,31780.0,40140.0
2019,18140,330000,22990.0,23500.0,29960.0,45690.0,72780.0,95400.0
2019,18140,350000,94670.0,18530.0,19320.0,21450.0,27030.0,36140.0
2019,18140,370000,30400.0,19500.0,22390.0,27800.0,35240.0,44750.0
2019,18140,390000,20500.0,18840.0,20230.0,24370.0,30620.0,48260.0
2019,18140,410000,92330.0,19560.0,22530.0,30740.0,50340.0,79030.0
2019,18140,430000,152160.0,24460.0,30230.0,37720.0,48310.0,61460.0
2019,18140,450000,1190.0,18820.0,20160.0,30540.0,43370.0,62820.0
2019,18140,470000,31470.0,30680.0,37390.0,48750.0,62290.0,77110.0
2019,18140,490000,38500.0,27340.0,34960.0,45640.0,59180.0,74550.0
2019,18140,510000,55450.0,23090.0,28360.0,36940.0,49000.0,62510.0
2019,18140,530000,106320.0,21060.0,25960.0,31620.0,40900.0,53870.0
2019,19430,000000,380500.0,20020.0,26060.0,39550.0,64240.0,97130.0
2019,19430,110000,15890.0,51020.0,72030.0,100090.0,137230.0,186730.0
2019,19430,113021,890.0,83860.0,100060.0,130680.0,159540.0,200660.0
2019,19430,130000,23560.0,42000.0,54770.0,75110.0,95900.0,116840.0
2019,19430,150000,15960.0,43130.0,58570.0,80150.0,104410.0,129640.0
2019,19430,151211,2360.0,51250.0,64830.0,83950.0,104700.0,126820.0
2019,19430,151212,290.0,55690.0,70410.0,93680.0,116130.0,128790.0
2019,19430,151221,200.0,78620.0,94920.0,116110.0,143020.0,176260.0
2019,19430,151231,440.0,35700.0,48010.0,60580.0,76230.0,93750.0
2019,19430,151232,1800.0,30840.0,40090.0,51200.0,60960.0,74380.0
2019,19430,151241,310.0,62330.0,73890.0,94370.0,120230.0,144490.0
2019,19430,151244,930.0,46580.0,56750.0,73790.0,91700.0,109790.0
2019,19430,151251,390.0,43700.0,55510.0,76580.0,94450.0,106780.0
2019,19430,151299,2020.0,30280.0,42480.0,81470.0,101240.0,125020.0
2019,19430,152031,630.0,51810.0,65930.0,89320.0,111860.0,133320.0
2019,19430,152041,50.0,50300.0,55930.0,66210.0,77220.0,93300.0
2019,19430,170000,11300.0,48630.0,64100.0,87670.0,116120.0,142780.0
2019,19430,190000,3150.0,40780.0,57410.0,76840.0,100020.0,122060.0
2019,19430,210000,5890.0,27590.0,34920.0,45670.0,59070.0,74330.0
2019,19430,230000,2260.0,32560.0,39380.0,62500.0,100040.0,143280.0
2019,19430,250000,23910.0,24000.0,34010.0,53820.0,74520.0,93750.0
2019,19430,270000,5330.0,21600.0,31510.0,45540.0,64770.0,87490.0
2019,19430,290000,32050.0,35910.0,49540.0,64950.0,87650.0,135190.0
2019,19430,310000,15720.0,21020.0,23160.0,27330.0,34100.0,42220.0
2019,19430,330000,7160.0,20010.0,25360.0,42110.0,64040.0,79370.0
2019,19430,350000,33860.0,18470.0,19310.0,21760.0,27450.0,38150.0
2019,19430,370000,10980.0,19400.0,21500.0,26440.0,34610.0,46180.0
2019,19430,390000,5790.0,18630.0,19560.0,22970.0,30550.0,39830.0
2019,19430,410000,34550.0,18800.0,20170.0,25680.0,41570.0,73720.0
2019,19430,430000,46450.0,23040.0,29320.0,36780.0,46470.0,59360.0
2019,19430,450000,160.0,19630.0,22240.0,27980.0,39520.0,63340.0
2019,19430,470000,10040.0,29620.0,36130.0,47370.0,59990.0,72810.0
2019,19430,490000,13030.0,24630.0,33660.0,44730.0,57350.0,68420.0
2019,19430,510000,32350.0,23080.0,27710.0,34780.0,45550.0,58070.0
2019,19430,530000,31130.0,19320.0,21970.0,28940.0,38950.0,52200.0
2019,21060,000000,55280.0,19250.0,24540.0,36070.0,54280.0,77870.0
2019,21060,110000,2640.0,39350.0,53200.0,79710.0,109390.0,149100.0
2019,21060,113021,100.0,69000.0,92070.0,131640.0,156300.0,192430.0
2019,21060,130000,3460.0,38470.0,52280.0,65370.0,82330.0,98900.0
2019,21060,150000,1690.0,40430.0,54060.0,70550.0,88070.0,104700.0
2019,21060,151211,150.0,41240.0,51210.0,64840.0,86440.0,105290.0
2019,21060,151231,,37130.0,47440.0,58560.0,70510.0,79430.0
2019,21060,151232,190.0,26800.0,38120.0,45430.0,53590.0,62810.0
2019,21060,151241,,41140.0,47610.0,62360.0,90050.0,124660.0
2019,21060,151244,270.0,43560.0,54860.0,62250.0,71660.0,79320.0
2019,21060,151251,50.0,43110.0,48410.0,57760.0,73150.0,95930.0
2019,21060,151299,550.0,62710.0,73070.0,85600.0,98890.0,107350.0
2019,21060,170000,650.0,38980.0,48890.0,65770.0,84190.0,102100.0
2019,21060,190000,320.0,36430.0,47130.0,60740.0,74380.0,90130.0
2019,21060,210000,890.0,21070.0,26620.0,36140.0,49770.0,73010.0
2019,21060,230000,300.0,32910.0,42120.0,53430.0,73450.0,107620.0
2019,21060,250000,3290.0,24030.0,35230.0,48450.0,61070.0,73450.0
2019,21060,270000,320.0,21390.0,27010.0,41080.0,63270.0,82020.0
2019,21060,290000,3610.0,30750.0,42940.0,57820.0,76690.0,120280.0
2019,21060,310000,2120.0,19590.0,23440.0,27940.0,32630.0,38580.0
2019,21060,330000,970.0,25550.0,32080.0,41130.0,54980.0,71350.0
2019,21060,350000,5410.0,16840.0,18220.0,20630.0,24350.0,29180.0
2019,21060,370000,1320.0,18720.0,21640.0,25160.0,30570.0,37400.0
2019,21060,390000,1090.0,17050.0,18660.0,22060.0,28360.0,38900.0
2019,21060,410000,5450.0,17050.0,19030.0,23370.0,34060.0,52310.0
2019,21060,430000,7430.0,21970.0,26900.0,33590.0,42600.0,52650.0
2019,21060,470000,1860.0,25670.0,31170.0,39190.0,52140.0,63850.0
2019,21060,490000,2480.0,23160.0,29290.0,38060.0,49960.0,63090.0
2019,21060,510000,6430.0,23620.0,30320.0,40600.0,49020.0,67950.0
2019,21060,530000,3530.0,19310.0,23070.0,29080.0,37500.0,47280.0
2019,21780,000000,157440.0,19450.0,24760.0,35670.0,54060.0,77710.0
2019,21780,110000,6870.0,37000.0,55280.0,81010.0,117400.0,162630.0
2019,21780,130000,5300.0,28600.0,38870.0,53560.0,72790.0,93690.0
2019,21780,150000,2000.0,33500.0,44540.0,62290.0,85390.0,113040.0
2019,21780,151211,280.0,53720.0,65290.0,79550.0,103240.0,140390.0
2019,21780,151212,40.0,51770.0,62640.0,83540.0,99340.0,116240.0
2019,21780,151231,60.0,41850.0,51160.0,62150.0,74200.0,81250.0
2019,21780,151232,610.0,26480.0,32920.0,40010.0,53180.0,64290.0
2019,21780,151241,170.0,39320.0,48150.0,59400.0,73790.0,95460.0
2019,21780,151244,260.0,44930.0,56940.0,75760.0,103770.0,131980.0
2019,21780,151251,80.0,48590.0,63810.0,90230.0,122840.0,153720.0
2019,21780,170000,2350.0,40750.0,54190.0,71610.0,94690.0,121070.0
2019,21780,190000,1560.0,41090.0,52860.0,68820.0,91090.0,120960.0
2019,21780,210000,2020.0,25190.0,31950.0,41010.0,50250.0,64080.0
2019,21780,230000,610.0,36910.0,47280.0,60470.0,94230.0,148400.0
2019,21780,250000,7470.0,21810.0,29320.0,41510.0,58130.0,75600.0
2019,21780,270000,1970.0,18490.0,24780.0,37750.0,54620.0,79660.0
2019,21780,290000,11790.0,30170.0,44840.0,59510.0,78470.0,122400.0
2019,21780,310000,7060.0,21320.0,24470.0,28940.0,35150.0,41670.0
2019,21780,330000,2520.0,20800.0,25200.0,35440.0,50560.0,63680.0
2019,21780,350000,14160.0,16660.0,17980.0,20420.0,24740.0,30730.0
2019,21780,370000,4300.0,19300.0,22070.0,26010.0,32590.0,42100.0
2019,21780,390000,3150.0,16850.0,18490.0,22020.0,30140.0,41630.0
2019,21780,410000,15190.0,17880.0,20830.0,26400.0,43560.0,72410.0
2019,21780,430000,19980.0,20620.0,26270.0,33730.0,43110.0,57380.0
2019,21780,450000,140.0,23560.0,27600.0,32050.0,56240.0,74860.0
2019,21780,470000,7530.0,30050.0,38180.0,52210.0,67100.0,81430.0
2019,21780,490000,7820.0,26610.0,34410.0,44030.0,55470.0,68860.0
2019,21780,510000,17520.0,22640.0,27990.0,35510.0,47760.0,62680.0
2019,21780,530000,16130.0,20340.0,24020.0,31320.0,40450.0,52800.0
2019,23060,000000,218510.0,20120.0,25560.0,37240.0,56280.0,79890.0
2019,23060,110000,9760.0,45490.0,62590.0,87980.0,125030.0,170910.0
2019,23060,113021,360.0,80940.0,101640.0,131880.0,159260.0,199020.0
2019,23060,130000,9550.0,35130.0,45820.0,60360.0,78230.0,101670.0
2019,23060,150000,4400.0,38130.0,51910.0,71260.0,96330.0,122150.0
2019,23060,151211,630.0,44260.0,56030.0,71530.0,91090.0,112260.0
2019,23060,151212,100.0,55240.0,67990.0,81010.0,100230.0,123520.0
2019,23060,151231,140.0,37300.0,54470.0,62040.0,75230.0,92130.0
2019,23060,151232,650.0,28970.0,36250.0,43940.0,52140.0,64000.0
2019,23060,151241,350.0,60220.0,72090.0,87390.0,103680.0,125090.0
2019,23060,151244,440.0,42890.0,54140.0,66360.0,85110.0,99900.0
2019,23060,151251,250.0,30010.0,38060.0,67390.0,85640.0,109700.0
2019,23060,151299,150.0,26540.0,30100.0,41160.0,69800.0,91740.0
2019,23060,152031,110.0,42000.0,46920.0,57850.0,78490.0,97720.0
2019,23060,170000,4400.0,40990.0,53070.0,71040.0,93660.0,124910.0
2019,23060,190000,900.0,33420.0,42240.0,60930.0,79320.0,106180.0
2019,23060,210000,3580.0,25610.0,31720.0,40560.0,54330.0,69600.0
2019,23060,230000,1100.0,35580.0,49700.0,73350.0,135470.0,196510.0
2019,23060,250000,9190.0,20950.0,27740.0,42890.0,60640.0,79680.0
2019,23060,270000,2910.0,18980.0,25830.0,39930.0,57560.0,77310.0
2019,23060,290000,15810.0,33690.0,44680.0,58280.0,78770.0,142530.0
2019,23060,310000,9500.0,21120.0,23600.0,27770.0,33670.0,40560.0
2019,23060,330000,3600.0,19780.0,27850.0,45050.0,57730.0,67990.0
2019,23060,350000,19850.0,17280.0,19070.0,22210.0,27290.0,33630.0
2019,23060,370000,6210.0,17370.0,20090.0,24240.0,31070.0,39440.0
2019,23060,390000,4090.0,17070.0,18770.0,22540.0,29620.0,38880.0
2019,23060,410000,21310.0,18140.0,21190.0,27760.0,48020.0,80840.0
2019,23060,430000,26310.0,23280.0,28510.0,36000.0,45250.0,56810.0
2019,23060,450000,230.0,16850.0,18790.0,24240.0,32800.0,44250.0
2019,23060,470000,8530.0,29710.0,37190.0,48350.0,62400.0,75730.0
2019,23060,490000,10270.0,27510.0,34700.0,44590.0,57400.0,70270.0
2019,23060,510000,25440.0,24740.0,30310.0,38200.0,51910.0,67300.0
2019,23060,530000,21570.0,19520.0,23010.0,29120.0,39970.0,49920.0
2019,26580,000000,129710.0,19520.0,22930.0,34150.0,53340.0,76370.0
2019,26580,110000,5720.0,37900.0,54510.0,77240.0,109960.0,152450.0
2019,26580,113021,70.0,64950.0,88880.0,107330.0,129150.0,165660.0
2019,26580,130000,3950.0,31080.0,41820.0,56130.0,75510.0,96650.0
2019,26580,150000,1150.0,32000.0,43230.0,58890.0,80030.0,108480.0
2019,26580,151211,40.0,51460.0,62840.0,77300.0,90650.0,100320.0
2019,26580,151231,120.0,38750.0,52090.0,66450.0,113870.0,125900.0
2019,26580,151232,320.0,24190.0,34860.0,44460.0,52310.0,65980.0
2019,26580,151244,150.0,40950.0,53300.0,63920.0,77950.0,100010.0
2019,26580,151251,,43910.0,50380.0,56310.0,62120.0,92500.0
2019,26580,151299,120.0,19980.0,50720.0,73820.0,91490.0,104690.0
2019,26580,152031,120.0,29550.0,40240.0,62940.0,76640.0,90160.0
2019,26580,170000,1620.0,40520.0,54000.0,73380.0,94140.0,114620.0
2019,26580,190000,940.0,31000.0,39300.0,56390.0,75350.0,95030.0
2019,26580,210000,2440.0,23080.0,28520.0,36850.0,49620.0,67340.0
2019,26580,230000,640.0,36020.0,47100.0,66730.0,97400.0,137890.0
2019,26580,250000,8830.0,21860.0,30750.0,44410.0,58420.0,72810.0
2019,26580,270000,790.0,20930.0,25290.0,33910.0,53330.0,79280.0
2019,26580,290000,12620.0,29980.0,41700.0,58810.0,78020.0,114720.0
2019,26580,310000,7950.0,19430.0,20170.0,23890.0,30330.0,38910.0
2019,26580,330000,1890.0,19260.0,22670.0,33060.0,48270.0,61080.0
2019,26580,350000,13000.0,18080.0,19310.0,20410.0,23670.0,29010.0
2019,26580,370000,3530.0,19490.0,21340.0,26770.0,34300.0,44250.0
2019,26580,390000,2310.0,18570.0,19390.0,21340.0,28880.0,40670.0
2019,26580,410000,13200.0,18770.0,19860.0,23100.0,31930.0,50180.0
2019,26580,430000,17210.0,20470.0,24640.0,31840.0,39800.0,50720.0
2019,26580,450000,70.0,20220.0,21800.0,24470.0,35810.0,45140.0
2019,26580,470000,7340.0,26120.0,33400.0,47610.0,63440.0,81180.0
2019,26580,490000,6070.0,22530.0,29890.0,41430.0,56330.0,71740.0
2019,26580,510000,8740.0,22870.0,29320.0,39070.0,52580.0,66290.0
2019,26580,530000,9700.0,20350.0,23790.0,32380.0,43130.0,56490.0
2019,26900,000000,1057780.0,20640.0,26790.0,39030.0,61320.0,92960.0
2019,26900,110000,61710.0,44560.0,61840.0,92660.0,134010.0,195630.0
2019,26900,113021,2840.0,78600.0,101240.0,127990.0,158360.0,199910.0
2019,26900,130000,59170.0,35260.0,46920.0,63600.0,85480.0,111190.0
2019,26900,150000,35340.0,43330.0,59400.0,78430.0,102210.0,126900.0
2019,26900,151211,5630.0,53520.0,63500.0,78440.0,101340.0,125110.0
2019,26900,151212,700.0,46390.0,63600.0,79010.0,100150.0,125650.0
2019,26900,151231,740.0,39970.0,53420.0,66260.0,78270.0,94490.0
2019,26900,151232,4810.0,31050.0,36080.0,46020.0,59610.0,74600.0
2019,26900,151241,1920.0,62820.0,78210.0,100230.0,122730.0,146610.0
2019,26900,151244,3140.0,50520.0,64740.0,79520.0,104940.0,139210.0
2019,26900,151251,2310.0,57780.0,70400.0,81770.0,113650.0,145710.0
2019,26900,151299,1850.0,39360.0,56020.0,78840.0,96100.0,110340.0
2019,26900,152031,620.0,40420.0,48830.0,60240.0,85150.0,118370.0
2019,26900,152041,,43650.0,49930.0,67000.0,90740.0,101300.0
2019,26900,170000,15270.0,43230.0,56290.0,73950.0,95650.0,119900.0
2019,26900,190000,10140.0,38560.0,50250.0,70410.0,98280.0,123540.0
2019,26900,210000,14150.0,30050.0,35940.0,44050.0,57480.0,73100.0
2019,26900,230000,7740.0,36400.0,50060.0,69060.0,106880.0,172070.0
2019,26900,250000,50820.0,21340.0,27910.0,43830.0,62590.0,88940.0
2019,26900,270000,15770.0,21100.0,28540.0,42310.0,60550.0,85870.0
2019,26900,290000,76190.0,35050.0,49000.0,64350.0,90260.0,144510.0
2019,26900,310000,36920.0,21300.0,24040.0,29300.0,36420.0,45080.0
2019,26900,330000,23730.0,21950.0,25840.0,37950.0,59500.0,75550.0
2019,26900,350000,93370.0,17040.0,18670.0,21780.0,27130.0,35020.0
2019,26900,370000,27640.0,19880.0,22570.0,27410.0,34280.0,43080.0
2019,26900,390000,18800.0,17330.0,19370.0,23160.0,31580.0,45850.0
2019,26900,410000,99020.0,18570.0,22280.0,30670.0,55450.0,91670.0
2019,26900,430000,136440.0,24310.0,30010.0,37330.0,48090.0,61390.0
2019,26900,450000,460.0,19280.0,22020.0,25620.0,37780.0,48940.0
2019,26900,470000,42030.0,29050.0,36300.0,47450.0,62750.0,78730.0
2019,26900,490000,40200.0,27090.0,34130.0,44750.0,59070.0,73920.0
2019,26900,510000,70020.0,22870.0,27900.0,35170.0,45210.0,58360.0
2019,26900,530000,122840.0,21120.0,24890.0,31270.0,40950.0,53110.0
2019,29020,000000,38230.0,18570.0,24120.0,37980.0,59980.0,79780.0
2019,29020,110000,1350.0,42670.0,58330.0,86740.0,122290.0,162880.0
2019,29020,130000,920.0,29650.0,41690.0,57830.0,83880.0,111720.0
2019,29020,150000,560.0,,,,,
2019,29020,151232,60.0,25830.0,33040.0,41910.0,51000.0,59720.0
2019,29020,151244,40.0,42270.0,54530.0,63170.0,81910.0,97350.0
2019,29020,170000,1210.0,37840.0,69140.0,90530.0,109510.0,131880.0
2019,29020,190000,280.0,25790.0,34840.0,47020.0,62680.0,90740.0
2019,29020,210000,480.0,24410.0,29510.0,37290.0,46640.0,59860.0
2019,29020,230000,100.0,34230.0,41110.0,49640.0,58430.0,101590.0
2019,29020,250000,2270.0,,,,,
2019,29020,270000,160.0,17200.0,20610.0,32960.0,41400.0,50840.0
2019,29020,290000,2250.0,32520.0,46990.0,60820.0,75740.0,102130.0
2019,29020,310000,1410.0,21320.0,23330.0,26360.0,31070.0,38640.0
2019,29020,330000,400.0,,,,,
2019,29020,350000,4490.0,16720.0,17960.0,20020.0,24430.0,33400.0
2019,29020,370000,880.0,17310.0,19330.0,25780.0,32800.0,40520.0
2019,29020,390000,610.0,17190.0,19140.0,23250.0,32020.0,38100.0
2019,29020,410000,3780.0,16800.0,18320.0,22000.0,33470.0,60190.0
2019,29020,430000,3280.0,20080.0,25820.0,32190.0,39720.0,53780.0
2019,29020,470000,1330.0,29660.0,39030.0,65930.0,74580.0,79780.0
2019,29020,490000,1970.0,27060.0,35840.0,54180.0,73070.0,80620.0
2019,29020,510000,8200.0,,,,,
2019,29020,530000,2280.0,18400.0,22770.0,31110.0,45310.0,55530.0
2019,29200,000000,93810.0,19190.0,25740.0,37690.0,57070.0,81320.0
2019,29200,110000,4470.0,46740.0,64110.0,92460.0,129770.0,186160.0
2019,29200,113021,220.0,69430.0,82940.0,99450.0,121810.0,144870.0
2019,29200,130000,3360.0,33520.0,44670.0,59330.0,76740.0,99590.0
2019,29200,150000,1710.0,40770.0,50780.0,65490.0,82910.0,109590.0
2019,29200,151211,220.0,,,,,
2019,29200,151232,260.0,32550.0,37570.0,45440.0,52970.0,62110.0
2019,29200,151241,70.0,58550.0,69720.0,82130.0,102210.0,126740.0
2019,29200,151244,200.0,53490.0,58860.0,68780.0,80590.0,99290.0
2019,29200,151251,110.0,42810.0,49880.0,64010.0,77170.0,92130.0
2019,29200,151299,70.0,37190.0,46570.0,57390.0,70490.0,89160.0
2019,29200,170000,1820.0,46700.0,59010.0,77340.0,100190.0,126020.0
2019,29200,190000,960.0,31620.0,39560.0,53190.0,72900.0,101010.0
2019,29200,210000,1620.0,29410.0,35680.0,44760.0,56300.0,70340.0
2019,29200,230000,340.0,33040.0,40300.0,54960.0,76990.0,124840.0
2019,29200,250000,7390.0,20170.0,30250.0,52080.0,78950.0,119820.0
2019,29200,270000,1000.0,19260.0,27790.0,42690.0,58680.0,80760.0
2019,29200,290000,5200.0,33280.0,47590.0,62140.0,81980.0,132850.0
2019,29200,310000,3100.0,20630.0,23380.0,27880.0,33580.0,39280.0
2019,29200,330000,1550.0,21520.0,28710.0,49660.0,62550.0,71570.0
2019,29200,350000,9480.0,16640.0,17800.0,19840.0,24850.0,31160.0
2019,29200,370000,3300.0,19860.0,22680.0,26260.0,31390.0,40300.0
2019,29200,390000,2000.0,17240.0,19310.0,23250.0,30440.0,40630.0
2019,29200,410000,7610.0,17260.0,19300.0,24320.0,36580.0,60030.0
2019,29200,430000,10300.0,21480.0,27800.0,35540.0,44540.0,53490.0
2019,29200,450000,140.0,18040.0,22640.0,34380.0,42770.0,50400.0
2019,29200,470000,2930.0,31060.0,37650.0,48510.0,61210.0,74340.0
2019,29200,490000,4060.0,29030.0,34720.0,42610.0,54160.0,67080.0
2019,29200,510000,13880.0,25420.0,30960.0,38530.0,51620.0,61090.0
2019,29200,530000,7580.0,20710.0,26730.0,35610.0,50990.0,62000.0
2019,30460,000000,273120.0,19290.0,24520.0,36520.0,55600.0,79490.0
2019,30460,110000,13760.0,41430.0,56050.0,83050.0,122620.0,175420.0
2019,30460,113021,500.0,70150.0,88710.0,121790.0,151880.0,169350.0
2019,30460,130000,11460.0,32940.0,45360.0,60280.0,78990.0,102350.0
2019,30460,150000,4990.0,40000.0,51120.0,66570.0,87810.0,115070.0
2019,30460,151211,490.0,45960.0,61290.0,79030.0,98260.0,119600.0
2019,30460,151212,100.0,40020.0,45870.0,64880.0,88620.0,118280.0
2019,30460,151231,170.0,37330.0,52480.0,58430.0,64510.0,80200.0
2019,30460,151232,1090.0,32020.0,39670.0,49950.0,64520.0,78330.0
2019,30460,151241,160.0,54600.0,66400.0,74710.0,86470.0,102640.0
2019,30460,151244,490.0,41030.0,49230.0,61560.0,75750.0,89330.0
2019,30460,151251,210.0,53010.0,61990.0,74730.0,93460.0,110260.0
2019,30460,151299,190.0,46270.0,64420.0,79590.0,95380.0,105910.0
2019,30460,152031,340.0,40980.0,45260.0,51860.0,64740.0,81990.0
2019,30460,170000,5020.0,40690.0,55430.0,72780.0,92820.0,114650.0
2019,30460,190000,2500.0,32060.0,41130.0,54460.0,69520.0,85620.0
2019,30460,210000,3650.0,24770.0,29690.0,39940.0,55750.0,73050.0
2019,30460,230000,,42330.0,51930.0,79240.0,122180.0,180200.0
2019,30460,250000,13140.0,23730.0,36240.0,51470.0,63780.0,79140.0
2019,30460,270000,3190.0,18950.0,27520.0,40790.0,56180.0,80170.0
2019,30460,290000,19460.0,32720.0,43910.0,58470.0,78040.0,115960.0
2019,30460,310000,10110.0,21280.0,24900.0,29340.0,35470.0,44500.0
2019,30460,330000,6720.0,19630.0,22740.0,30420.0,45090.0,59550.0
2019,30460,350000,26840.0,16820.0,18120.0,20400.0,25090.0,32380.0
2019,30460,370000,7610.0,18180.0,21330.0,27450.0,34490.0,43450.0
2019,30460,390000,5510.0,17100.0,18930.0,23150.0,30420.0,42890.0
2019,30460,410000,26040.0,17600.0,20070.0,24800.0,40570.0,67080.0
2019,30460,430000,40540.0,20200.0,25340.0,33360.0,43220.0,54940.0
2019,30460,450000,1630.0,21240.0,23220.0,27260.0,34820.0,45030.0
2019,30460,470000,9280.0,27760.0,34150.0,44860.0,59410.0,74120.0
2019,30460,490000,11540.0,25270.0,32780.0,44430.0,59500.0,73320.0
2019,30460,510000,23930.0,24030.0,30490.0,41620.0,52230.0,64640.0
2019,30460,530000,24560.0,20080.0,23740.0,30380.0,40450.0,52050.0
2019,30620,000000,50390.0,19530.0,24770.0,36190.0,56510.0,78110.0
2019,30620,110000,1710.0,48470.0,64260.0,87660.0,119950.0,171050.0
2019,30620,130000,1540.0,33150.0,44450.0,61830.0,83390.0,113430.0
2019,30620,150000,460.0,30190.0,44640.0,64410.0,90610.0,135950.0
2019,30620,151231,40.0,41460.0,47390.0,56180.0,64100.0,90330.0
2019,30620,151232,140.0,23360.0,28660.0,36110.0,48390.0,63020.0
2019,30620,151244,70.0,53820.0,59790.0,71210.0,94730.0,163090.0
2019,30620,170000,730.0,48450.0,66360.0,88110.0,114550.0,137130.0
2019,30620,190000,380.0,39210.0,46400.0,58350.0,75380.0,95130.0
2019,30620,210000,750.0,27420.0,32140.0,42490.0,58510.0,71420.0
2019,30620,230000,190.0,28350.0,33220.0,38970.0,67270.0,101040.0
2019,30620,250000,2700.0,23420.0,37080.0,53070.0,65390.0,78900.0
2019,30620,270000,810.0,19400.0,24940.0,31170.0,39890.0,69990.0
2019,30620,290000,4520.0,35670.0,47910.0,65640.0,77990.0,119560.0
2019,30620,310000,2710.0,20750.0,23510.0,27900.0,33930.0,39500.0
2019,30620,330000,1080.0,25630.0,33470.0,44930.0,51690.0,64190.0
2019,30620,350000,5040.0,18320.0,18920.0,19990.0,24060.0,30360.0
2019,30620,370000,1410.0,18950.0,20480.0,24530.0,31890.0,40600.0
2019,30620,390000,760.0,18330.0,19060.0,21020.0,27320.0,38260.0
2019,30620,410000,4520.0,18830.0,20200.0,24130.0,37720.0,57310.0
2019,30620,430000,5540.0,22820.0,27400.0,33220.0,41450.0,54910.0
2019,30620,470000,1800.0,29510.0,36500.0,49160.0,64720.0,77050.0
2019,30620,490000,2560.0,23800.0,33380.0,44120.0,58730.0,75660.0
2019,30620,510000,6320.0,23820.0,29690.0,40190.0,57230.0,72740.0
2019,30620,530000,4830.0,20580.0,24660.0,30720.0,40680.0,52600.0
2019,31140,000000,656250.0,19910.0,25730.0,37460.0,56980.0,81330.0
2019,31140,110000,31630.0,42140.0,59430.0,86130.0,126970.0,180600.0
2019,31140,113021,1500.0,74910.0,99640.0,127500.0,157890.0,192720.0
2019,31140,130000,33630.0,35470.0,46120.0,61510.0,81090.0,107100.0
2019,31140,150000,18330.0,37470.0,52710.0,73340.0,97980.0,122180.0
2019,31140,151211,2370.0,40830.0,55480.0,76010.0,98760.0,122680.0
2019,31140,151212,460.0,49630.0,65750.0,83590.0,116310.0,139890.0
2019,31140,151231,960.0,34900.0,41790.0,53850.0,73830.0,100140.0
2019,31140,151232,3130.0,28670.0,34840.0,47130.0,62170.0,78390.0
2019,31140,151241,470.0,54640.0,67480.0,87910.0,109840.0,139090.0
2019,31140,151244,1320.0,45280.0,54120.0,70670.0,93550.0,113660.0
2019,31140,151251,560.0,48340.0,57580.0,72100.0,90750.0,103230.0
2019,31140,151299,1450.0,37450.0,55650.0,72440.0,90850.0,117430.0
2019,31140,152031,550.0,38950.0,57140.0,70650.0,93180.0,116040.0
2019,31140,152041,100.0,63260.0,79620.0,88070.0,95860.0,110520.0
2019,31140,170000,10840.0,39030.0,53580.0,72280.0,95390.0,116310.0
2019,31140,190000,2770.0,35170.0,45590.0,63950.0,87210.0,111020.0
2019,31140,210000,8330.0,26520.0,32950.0,40180.0,53270.0,69700.0
2019,31140,230000,3810.0,35690.0,46810.0,68250.0,113430.0,165390.0
2019,31140,250000,26020.0,23940.0,35920.0,48530.0,62060.0,75610.0
2019,31140,270000,6900.0,22760.0,30890.0,41290.0,58260.0,78050.0
2019,31140,290000,40190.0,32290.0,43880.0,59560.0,77940.0,115050.0
2019,31140,310000,23040.0,21440.0,24620.0,29830.0,36940.0,45750.0
2019,31140,330000,12410.0,18920.0,22670.0,30640.0,50480.0,65270.0
2019,31140,350000,59410.0,16840.0,18280.0,20980.0,26270.0,33430.0
2019,31140,370000,16220.0,18790.0,21920.0,26300.0,33250.0,44800.0
2019,31140,390000,16730.0,17300.0,19350.0,24110.0,33050.0,49660.0
2019,31140,410000,58990.0,18360.0,21570.0,27510.0,46710.0,78730.0
2019,31140,430000,92690.0,21110.0,27640.0,35260.0,44840.0,57720.0
2019,31140,450000,700.0,21000.0,26020.0,33620.0,40280.0,48920.0
2019,31140,470000,23750.0,29780.0,36410.0,47530.0,62590.0,76570.0
2019,31140,490000,27890.0,26970.0,34470.0,45140.0,58970.0,74650.0
2019,31140,510000,59940.0,23910.0,29320.0,37320.0,48780.0,62780.0
2019,31140,530000,82040.0,20750.0,24340.0,31900.0,44540.0,61500.0
2019,31900,000000,50330.0,19290.0,23500.0,33950.0,49970.0,69690.0
2019,31900,110000,1640.0,39570.0,56040.0,77230.0,107890.0,156230.0
2019,31900,130000,1290.0,33920.0,44740.0,59410.0,79480.0,105670.0
2019,31900,150000,480.0,29280.0,46500.0,67720.0,94370.0,122410.0
2019,31900,151211,70.0,44240.0,57290.0,74550.0,93270.0,109590.0
2019,31900,151231,120.0,41760.0,48160.0,69790.0,87750.0,105730.0
2019,31900,151232,110.0,18800.0,28210.0,44530.0,57110.0,71280.0
2019,31900,151244,40.0,43860.0,49290.0,68860.0,102590.0,121870.0
2019,31900,170000,650.0,37150.0,47410.0,62550.0,84650.0,101390.0
2019,31900,190000,140.0,34260.0,42320.0,58100.0,76200.0,98980.0
2019,31900,210000,1050.0,27050.0,33670.0,44440.0,56610.0,64980.0
2019,31900,230000,270.0,25680.0,30140.0,41530.0,67270.0,95810.0
2019,31900,250000,3380.0,21060.0,29310.0,46630.0,62170.0,75810.0
2019,31900,270000,190.0,20050.0,26880.0,36780.0,54410.0,75690.0
2019,31900,290000,3160.0,32880.0,42640.0,57990.0,76970.0,117740.0
2019,31900,310000,1670.0,20230.0,22150.0,25080.0,31340.0,41420.0
2019,31900,330000,1640.0,25910.0,39570.0,47830.0,50750.0,63460.0
2019,31900,350000,4910.0,18250.0,18850.0,19890.0,23710.0,30050.0
2019,31900,370000,1260.0,19490.0,22490.0,28030.0,35550.0,42100.0
2019,31900,390000,1030.0,18400.0,19160.0,21400.0,27550.0,37480.0
2019,31900,410000,6130.0,18690.0,19910.0,24350.0,38050.0,62830.0
2019,31900,430000,6130.0,20950.0,25450.0,33270.0,42560.0,53120.0
2019,31900,450000,,19440.0,20990.0,23270.0,26740.0,35810.0
2019,31900,470000,1550.0,28810.0,35510.0,44110.0,54470.0,65550.0
2019,31900,490000,2410.0,26510.0,34550.0,44340.0,55610.0,63830.0
2019,31900,510000,7300.0,21830.0,25560.0,31880.0,40550.0,50090.0
2019,31900,530000,3900.0,20570.0,24930.0,32340.0,42690.0,54670.0
2019,34620,000000,44930.0,18420.0,22920.0,34030.0,52430.0,78810.0
2019,34620,110000,2270.0,34810.0,50950.0,74020.0,106980.0,164730.0
2019,34620,113021,50.0,61910.0,79200.0,105100.0,128900.0,153360.0
2019,34620,130000,1660.0,31320.0,38800.0,52710.0,74170.0,100860.0
2019,34620,150000,1170.0,39800.0,51790.0,67520.0,86270.0,105960.0
2019,34620,151211,170.0,50370.0,63930.0,77190.0,92590.0,104520.0
2019,34620,151231,40.0,34930.0,41910.0,52100.0,62090.0,75320.0
2019,34620,151232,370.0,30300.0,42470.0,55290.0,68450.0,84350.0
2019,34620,151241,80.0,53580.0,65860.0,78240.0,95890.0,116550.0
2019,34620,151244,130.0,44540.0,54920.0,71600.0,101770.0,124170.0
2019,34620,151251,50.0,51590.0,64540.0,88680.0,127780.0,162730.0
2019,34620,170000,310.0,38010.0,51780.0,64810.0,80170.0,96620.0
2019,34620,190000,260.0,23460.0,27960.0,36790.0,64780.0,95790.0
2019,34620,210000,930.0,26870.0,34130.0,41320.0,50380.0,62390.0
2019,34620,230000,200.0,,,,,
2019,34620,250000,3450.0,21260.0,30040.0,48230.0,65360.0,95040.0
2019,34620,270000,330.0,23060.0,32450.0,41940.0,53010.0,65290.0
2019,34620,290000,3620.0,31270.0,43230.0,59600.0,87650.0,
2019,34620,310000,1710.0,20580.0,23170.0,26910.0,32020.0,43070.0
2019,34620,330000,620.0,20320.0,26330.0,44510.0,55290.0,63140.0
2019,34620,350000,5590.0,16850.0,18040.0,20030.0,24240.0,29840.0
2019,34620,370000,1670.0,18780.0,22900.0,30550.0,37540.0,45100.0
2019,34620,390000,1090.0,17560.0,19970.0,24430.0,30980.0,38990.0
2019,34620,410000,4720.0,17080.0,18950.0,23200.0,32700.0,56880.0
2019,34620,430000,5720.0,20850.0,25680.0,33330.0,41420.0,54720.0
2019,34620,450000,40.0,17220.0,19720.0,30820.0,37060.0,40850.0
2019,34620,470000,1330.0,26710.0,32720.0,43130.0,58620.0,71960.0
2019,34620,490000,1690.0,21510.0,29570.0,39990.0,52040.0,64050.0
2019,34620,510000,3370.0,21230.0,27250.0,36260.0,46790.0,59720.0
2019,34620,530000,3180.0,18150.0,20950.0,27730.0,40540.0,54760.0
2019,36980,000000,51370.0,18570.0,23650.0,34880.0,51920.0,72260.0
2019,36980,110000,1980.0,38990.0,53080.0,74190.0,104930.0,155590.0
2019,36980,113021,60.0,51460.0,89390.0,120500.0,175920.0,202320.0
2019,36980,130000,1810.0,34660.0,43380.0,57650.0,76090.0,100500.0
2019,36980,150000,380.0,35700.0,45310.0,59390.0,86070.0,104960.0
2019,36980,151211,30.0,52300.0,62820.0,74600.0,87320.0,97690.0
2019,36980,151232,100.0,28440.0,35980.0,43950.0,50510.0,69980.0
2019,36980,151244,60.0,41350.0,49940.0,59800.0,76940.0,97230.0
2019,36980,151251,,42070.0,48990.0,61360.0,90380.0,101470.0
2019,36980,170000,610.0,39820.0,53490.0,72850.0,93720.0,107530.0
2019,36980,190000,180.0,32760.0,42390.0,54380.0,74400.0,93140.0
2019,36980,210000,800.0,22320.0,29770.0,40420.0,55230.0,69650.0
2019,36980,230000,160.0,23360.0,35920.0,60140.0,80400.0,115910.0
2019,36980,250000,2580.0,25510.0,32720.0,48530.0,60250.0,71570.0
2019,36980,270000,260.0,22390.0,26980.0,34060.0,42010.0,64260.0
2019,36980,290000,3610.0,32680.0,46490.0,60000.0,79120.0,115870.0
2019,36980,310000,2190.0,18870.0,22530.0,27600.0,34210.0,41320.0
2019,36980,330000,1470.0,18200.0,20730.0,23640.0,33820.0,47560.0
2019,36980,350000,4800.0,16650.0,17750.0,19610.0,23660.0,29580.0
2019,36980,370000,1620.0,17650.0,20340.0,24150.0,29400.0,34330.0
2019,36980,390000,1140.0,16840.0,18430.0,21720.0,26220.0,35030.0
2019,36980,410000,4720.0,16970.0,18790.0,23420.0,34040.0,55260.0
2019,36980,430000,7230.0,21360.0,26710.0,33040.0,39900.0,50650.0
2019,36980,450000,,21690.0,24560.0,32920.0,37020.0,39480.0
2019,36980,470000,2260.0,27300.0,33660.0,43000.0,55570.0,67710.0
2019,36980,490000,3070.0,26350.0,34360.0,47980.0,61780.0,77080.0
2019,36980,510000,5640.0,24150.0,32300.0,42860.0,52870.0,65190.0
2019,36980,530000,4790.0,18810.0,23230.0,31520.0,41460.0,52980.0
2019,37620,000000,37510.0,19710.0,22340.0,31490.0,51420.0,78270.0
2019,37620,110000,1570.0,38160.0,55830.0,79220.0,120280.0,160210.0
2019,37620,130000,2490.0,41030.0,54130.0,73370.0,87260.0,99970.0
2019,37620,150000,700.0,38060.0,57030.0,78270.0,95370.0,107690.0
2019,37620,151211,50.0,35260.0,47020.0,62760.0,73320.0,80320.0
2019,37620,151232,60.0,22870.0,31250.0,39110.0,49150.0,61410.0
2019,37620,151244,40.0,38640.0,57410.0,78310.0,96710.0,120620.0
2019,37620,151299,400.0,62720.0,75830.0,85610.0,95390.0,110530.0
2019,37620,152031,30.0,27390.0,32060.0,39690.0,57550.0,73440.0
2019,37620,170000,360.0,37250.0,50370.0,85070.0,109330.0,129680.0
2019,37620,190000,240.0,30530.0,46870.0,65980.0,77930.0,86120.0
2019,37620,210000,510.0,25840.0,30230.0,36640.0,48050.0,60290.0
2019,37620,230000,230.0,37840.0,47190.0,62070.0,98660.0,140500.0
2019,37620,250000,1850.0,20680.0,32980.0,40800.0,49600.0,59170.0
2019,37620,270000,270.0,19450.0,23050.0,32320.0,57270.0,79250.0
2019,37620,290000,2690.0,25960.0,36430.0,54650.0,72800.0,114180.0
2019,37620,310000,1960.0,19780.0,20650.0,23490.0,28230.0,33660.0
2019,37620,330000,770.0,20060.0,23100.0,29250.0,38190.0,48780.0
2019,37620,350000,4080.0,19110.0,19740.0,20740.0,23980.0,28940.0
2019,37620,370000,1110.0,19530.0,20250.0,23350.0,30310.0,41850.0
2019,37620,390000,710.0,19200.0,20190.0,22680.0,29750.0,40890.0
2019,37620,410000,4480.0,19130.0,19980.0,22790.0,30220.0,46130.0
2019,37620,430000,5050.0,20700.0,24260.0,30270.0,39370.0,52350.0
2019,37620,450000,40.0,19320.0,20790.0,23790.0,36000.0,43260.0
2019,37620,470000,1810.0,26080.0,31190.0,38190.0,56120.0,74140.0
2019,37620,490000,1860.0,20820.0,27120.0,36980.0,52950.0,70710.0
2019,37620,510000,1740.0,21720.0,25520.0,37050.0,67570.0,80390.0
2019,37620,530000,3000.0,20230.0,22670.0,28770.0,38910.0,52930.0
2019,44220,000000,48150.0,19600.0,24120.0,35460.0,55280.0,81360.0
2019,44220,110000,1860.0,44350.0,58580.0,83630.0,117580.0,165260.0
2019,44220,130000,2500.0,36610.0,46330.0,62100.0,82480.0,107910.0
2019,44220,150000,1790.0,,,,,
2019,44220,151211,290.0,55340.0,66640.0,83150.0,103700.0,124800.0
2019,44220,151231,30.0,34430.0,40470.0,50010.0,60130.0,69940.0
2019,44220,151244,160.0,,,,,
2019,44220,151251,,44860.0,56640.0,75210.0,93880.0,107680.0
2019,44220,151299,120.0,44500.0,57790.0,70820.0,81490.0,96920.0
2019,44220,170000,520.0,45280.0,57140.0,69840.0,85360.0,106840.0
2019,44220,190000,210.0,19990.0,46730.0,62680.0,75130.0,96730.0
2019,44220,210000,990.0,26190.0,31790.0,40060.0,52900.0,72160.0
2019,44220,230000,250.0,,,,,
2019,44220,250000,3390.0,24310.0,37060.0,54640.0,72410.0,83110.0
2019,44220,270000,410.0,29080.0,40600.0,56430.0,75720.0,94720.0
2019,44220,290000,3050.0,28590.0,38990.0,54430.0,82340.0,104530.0
2019,44220,310000,2360.0,20650.0,23240.0,27830.0,32800.0,40900.0
2019,44220,330000,780.0,22860.0,29520.0,38410.0,55360.0,66810.0
2019,44220,350000,4740.0,18310.0,18980.0,20380.0,25270.0,32480.0
2019,44220,370000,1540.0,19040.0,20380.0,23990.0,31420.0,40860.0
2019,44220,390000,640.0,19000.0,20620.0,24330.0,31480.0,42440.0
2019,44220,410000,4980.0,18740.0,20080.0,24430.0,39190.0,59860.0
2019,44220,430000,5920.0,21770.0,27090.0,34230.0,43160.0,55550.0
2019,44220,450000,70.0,18640.0,21820.0,26950.0,29930.0,42000.0
2019,44220,470000,930.0,28300.0,36430.0,46800.0,58850.0,69590.0
2019,44220,490000,1760.0,21710.0,31960.0,42330.0,57430.0,71780.0
2019,44220,510000,5180.0,21800.0,25490.0,31880.0,39440.0,53040.0
2019,44220,530000,4290.0,20120.0,22950.0,30970.0,43010.0,56560.0
2019,45460,000000,65990.0,18280.0,22800.0,33910.0,51350.0,74720.0
2019,45460,110000,2860.0,36520.0,52450.0,76860.0,105020.0,150810.0
2019,45460,113021,70.0,56390.0,65680.0,80050.0,103020.0,131250.0
2019,45460,130000,1720.0,32130.0,41660.0,55660.0,74080.0,95490.0
2019,45460,150000,560.0,30770.0,44140.0,61710.0,80380.0,97490.0
2019,45460,151211,90.0,31310.0,60460.0,77800.0,92950.0,101570.0
2019,45460,151212,30.0,40720.0,46330.0,59130.0,79550.0,94460.0
2019,45460,151232,110.0,23720.0,33820.0,44870.0,53460.0,61710.0
2019,45460,151244,90.0,42150.0,48540.0,63030.0,81990.0,98600.0
2019,45460,151299,,25960.0,55030.0,64710.0,75830.0,81400.0
2019,45460,170000,580.0,41200.0,55680.0,71300.0,91270.0,116190.0
2019,45460,190000,400.0,26530.0,37560.0,56400.0,75420.0,96100.0
2019,45460,210000,920.0,21160.0,33270.0,40560.0,51760.0,64560.0
2019,45460,230000,330.0,27430.0,39010.0,54890.0,89030.0,132230.0
2019,45460,250000,4210.0,18600.0,30540.0,46910.0,65860.0,88290.0
2019,45460,270000,570.0,22630.0,30150.0,42330.0,56460.0,81600.0
2019,45460,290000,4660.0,30340.0,42490.0,57050.0,76340.0,131940.0
2019,45460,310000,2740.0,19050.0,21820.0,25690.0,31790.0,40060.0
2019,45460,330000,2120.0,21270.0,28010.0,37220.0,49640.0,59560.0
2019,45460,350000,7650.0,16530.0,17600.0,19360.0,23210.0,29380.0
2019,45460,370000,1920.0,17530.0,19910.0,24160.0,30240.0,36860.0
2019,45460,390000,1680.0,16840.0,18250.0,21000.0,27890.0,40390.0
2019,45460,410000,6140.0,17260.0,19630.0,24040.0,35910.0,56470.0
2019,45460,430000,7220.0,20510.0,25110.0,32960.0,41870.0,54120.0
2019,45460,450000,150.0,18960.0,23240.0,30180.0,37610.0,45720.0
2019,45460,470000,2870.0,27760.0,34820.0,49850.0,65260.0,84790.0
2019,45460,490000,3150.0,23070.0,32400.0,42450.0,57830.0,75250.0
2019,45460,510000,7770.0,23570.0,29480.0,36760.0,45490.0,60150.0
2019,45460,530000,5790.0,19470.0,22860.0,29390.0,41000.0,58160.0
2019,45780,000000,298520.0,19710.0,25080.0,37330.0,57300.0,80540.0
2019,45780,110000,12070.0,45710.0,66790.0,94020.0,130340.0,187280.0
2019,45780,113021,520.0,82080.0,95050.0,116960.0,145050.0,168740.0
2019,45780,130000,11330.0,34140.0,45140.0,59870.0,78460.0,102900.0
2019,45780,150000,3900.0,35740.0,49160.0,66900.0,88390.0,111120.0
2019,45780,151211,520.0,49070.0,60650.0,76140.0,98770.0,120000.0
2019,45780,151212,40.0,45040.0,51340.0,70450.0,91140.0,114140.0
2019,45780,151231,440.0,36760.0,44490.0,60930.0,78010.0,92840.0
2019,45780,151232,700.0,27670.0,33540.0,44780.0,58430.0,70420.0
2019,45780,151241,140.0,56130.0,67470.0,85730.0,99800.0,112940.0
2019,45780,151244,390.0,52780.0,60950.0,74040.0,90760.0,113380.0
2019,45780,151251,140.0,49550.0,58060.0,71120.0,86810.0,101100.0
2019,45780,151299,410.0,33200.0,46140.0,67370.0,91690.0,109330.0
2019,45780,152031,60.0,53720.0,61240.0,79570.0,101160.0,119190.0
2019,45780,170000,4520.0,41640.0,56060.0,73140.0,95030.0,118240.0
2019,45780,190000,1980.0,34700.0,46590.0,62440.0,79210.0,97410.0
2019,45780,210000,5040.0,28020.0,35140.0,44750.0,55180.0,66100.0
2019,45780,230000,1540.0,33540.0,47090.0,75060.0,121430.0,194210.0
2019,45780,250000,19370.0,23500.0,32860.0,49900.0,73070.0,95130.0
2019,45780,270000,2960.0,20050.0,28940.0,40900.0,59550.0,81430.0
2019,45780,290000,19470.0,33640.0,45390.0,60180.0,79030.0,127600.0
2019,45780,310000,12890.0,20650.0,22740.0,26600.0,33800.0,42140.0
2019,45780,330000,6420.0,20480.0,26500.0,45890.0,64010.0,77330.0
2019,45780,350000,29810.0,18440.0,19090.0,20340.0,24840.0,30750.0
2019,45780,370000,8800.0,19070.0,21550.0,26420.0,32820.0,40910.0
2019,45780,390000,5570.0,18820.0,20010.0,23870.0,31130.0,44430.0
2019,45780,410000,26730.0,18950.0,21000.0,27630.0,44240.0,71160.0
2019,45780,430000,35810.0,22060.0,28250.0,36530.0,47120.0,60500.0
2019,45780,450000,370.0,18370.0,21710.0,32340.0,40260.0,49930.0
2019,45780,470000,11640.0,31900.0,39900.0,55490.0,70420.0,81690.0
2019,45780,490000,12040.0,25780.0,34010.0,45630.0,60740.0,77040.0
2019,45780,510000,36780.0,24780.0,30490.0,38570.0,49960.0,63100.0
2019,45780,530000,29490.0,19880.0,23210.0,30920.0,41760.0,53900.0
2020,14020,000000,68060.0,20530.0,26780.0,39290.0,60910.0,88720.0
2020,14020,110000,3690.0,46140.0,62960.0,90450.0,127460.0,178900.0
2020,14020,113021,300.0,79230.0,93330.0,107880.0,136630.0,175140.0
2020,14020,130000,2720.0,35850.0,47220.0,61340.0,79730.0,101780.0
2020,14020,150000,2360.0,42570.0,53220.0,67320.0,86560.0,108630.0
2020,14020,151211,260.0,53780.0,64390.0,80820.0,99830.0,112340.0
2020,14020,151231,60.0,29310.0,31420.0,41930.0,61220.0,67540.0
2020,14020,151232,460.0,34330.0,43960.0,55670.0,68640.0,84890.0
2020,14020,151241,,53990.0,56760.0,61370.0,73830.0,120740.0
2020,14020,151244,170.0,52290.0,59010.0,70650.0,84980.0,99510.0
2020,14020,151251,340.0,47020.0,55710.0,66170.0,78290.0,85860.0
2020,14020,151299,420.0,39600.0,46030.0,56740.0,76060.0,98960.0
2020,14020,170000,1280.0,,,,,
2020,14020,190000,1950.0,41010.0,50850.0,63570.0,85010.0,111400.0
2020,14020,210000,1320.0,27930.0,35660.0,45730.0,58360.0,77760.0
2020,14020,230000,470.0,33430.0,37790.0,53490.0,78880.0,152270.0
2020,14020,250000,6130.0,,,,,
2020,14020,270000,1080.0,24710.0,36340.0,50990.0,65430.0,84890.0
2020,14020,290000,4270.0,31150.0,46630.0,62190.0,81670.0,139430.0
2020,14020,310000,2860.0,21510.0,23410.0,26900.0,31870.0,40740.0
2020,14020,330000,1130.0,21670.0,27650.0,43520.0,60840.0,69180.0
2020,14020,350000,7100.0,17020.0,18620.0,22040.0,27480.0,33590.0
2020,14020,370000,2160.0,21520.0,25620.0,31120.0,38030.0,44320.0
2020,14020,390000,1140.0,17320.0,19600.0,24100.0,34270.0,50940.0
2020,14020,410000,5900.0,18590.0,21850.0,27510.0,41450.0,68510.0
2020,14020,430000,7230.0,23030.0,28850.0,36080.0,44180.0,56650.0
2020,14020,450000,30.0,19400.0,26210.0,33660.0,43260.0,48810.0
2020,14020,470000,2500.0,30160.0,37030.0,48750.0,65690.0,79180.0
2020,14020,490000,2840.0,27370.0,34630.0,44770.0,57870.0,74930.0
2020,14020,510000,5400.0,25410.0,29100.0,36260.0,47630.0,61340.0
2020,14020,530000,4530.0,19500.0,23910.0,31050.0,39220.0,48760.0
2020,14540,000000,68070.0,19290.0,24020.0,34020.0,51200.0,74430.0
2020,14540,110000,3340.0,39070.0,54030.0,79970.0,112770.0,160160.0
2020,14540,113021,70.0,56730.0,74650.0,100920.0,138340.0,159000.0
2020,14540,130000,2400.0,31070.0,42010.0,58140.0,76860.0,98320.0
2020,14540,150000,580.0,32050.0,44940.0,60790.0,79870.0,99930.0
2020,14540,151211,130.0,28900.0,41630.0,57580.0,83300.0,102460.0
2020,14540,151231,40.0,36970.0,44150.0,55070.0,62810.0,69060.0
2020,14540,151232,130.0,27760.0,35250.0,47640.0,59080.0,71630.0
2020,14540,151244,100.0,43650.0,55950.0,70740.0,83220.0,98820.0
2020,14540,170000,1170.0,36300.0,49560.0,65580.0,83070.0,103620.0
2020,14540,190000,280.0,32320.0,42740.0,56310.0,79960.0,106440.0
2020,14540,210000,900.0,29480.0,34290.0,42210.0,56660.0,70070.0
2020,14540,230000,390.0,35130.0,43130.0,53230.0,76150.0,144960.0
2020,14540,250000,4760.0,24450.0,32540.0,48750.0,60960.0,76910.0
2020,14540,270000,670.0,20550.0,24740.0,34450.0,47690.0,63910.0
2020,14540,290000,4630.0,28350.0,39470.0,55490.0,76450.0,113670.0
2020,14540,310000,2980.0,20120.0,22430.0,26170.0,32180.0,40700.0
2020,14540,330000,1140.0,20620.0,24340.0,31050.0,46260.0,58880.0
2020,14540,350000,6400.0,16720.0,17920.0,20000.0,24240.0,29840.0
2020,14540,370000,1730.0,18320.0,21200.0,25610.0,30910.0,38230.0
2020,14540,390000,1140.0,17880.0,20560.0,23890.0,30680.0,39730.0
2020,14540,410000,7010.0,17730.0,20090.0,24380.0,36730.0,62080.0
2020,14540,430000,8120.0,21130.0,25850.0,32260.0,40920.0,54000.0
2020,14540,450000,40.0,22790.0,26030.0,28370.0,31230.0,35790.0
2020,14540,470000,2670.0,26990.0,32290.0,39660.0,49790.0,64140.0
2020,14540,490000,2900.0,25410.0,33460.0,43730.0,57100.0,70320.0
2020,14540,510000,8040.0,22340.0,27460.0,34560.0,44960.0,59860.0
2020,14540,530000,6770.0,20260.0,23820.0,30810.0,39880.0,53110.0
2020,16620,000000,102850.0,20270.0,25700.0,37750.0,58530.0,84510.0
2020,16620,110000,6080.0,40970.0,60810.0,83560.0,121440.0,165240.0
2020,16620,113021,170.0,70340.0,78960.0,101760.0,143530.0,191820.0
2020,16620,130000,5520.0,32710.0,42990.0,56500.0,76220.0,98900.0
2020,16620,150000,2700.0,28390.0,41660.0,55820.0,77400.0,106340.0
2020,16620,151211,270.0,42220.0,46870.0,54660.0,73630.0,91730.0
2020,16620,151212,60.0,44260.0,51390.0,83670.0,116370.0,128600.0
2020,16620,151231,140.0,38440.0,44370.0,55090.0,72720.0,115460.0
2020,16620,151232,730.0,22970.0,27350.0,38290.0,51150.0,65080.0
2020,16620,151241,50.0,66710.0,75470.0,134030.0,154760.0,166690.0
2020,16620,151244,260.0,44850.0,54460.0,65670.0,82290.0,96790.0
2020,16620,151251,50.0,43820.0,51780.0,64970.0,82350.0,109500.0
2020,16620,151299,310.0,27790.0,34560.0,53090.0,87580.0,142640.0
2020,16620,152031,150.0,,,,,
2020,16620,170000,1630.0,41800.0,52640.0,68920.0,88210.0,115060.0
2020,16620,190000,1310.0,34400.0,43250.0,54590.0,74550.0,93860.0
2020,16620,210000,2040.0,27010.0,32050.0,38270.0,48090.0,61450.0
2020,16620,230000,1800.0,38920.0,55580.0,81860.0,109460.0,154310.0
2020,16620,250000,5130.0,24170.0,33790.0,42820.0,55470.0,67040.0
2020,16620,270000,1000.0,23730.0,29160.0,38010.0,51280.0,68920.0
2020,16620,290000,9370.0,28680.0,40780.0,59610.0,84600.0,154020.0
2020,16620,310000,5390.0,19470.0,20750.0,24370.0,30140.0,37510.0
2020,16620,330000,2990.0,20570.0,25010.0,31630.0,43380.0,53580.0
2020,16620,350000,7290.0,19280.0,19890.0,20920.0,25140.0,33060.0
2020,16620,370000,3100.0,19920.0,21090.0,24550.0,30220.0,37660.0
2020,16620,390000,1360.0,19440.0,20330.0,23140.0,31370.0,43590.0
2020,16620,410000,8880.0,20070.0,20970.0,25720.0,39500.0,64520.0
2020,16620,430000,17340.0,23040.0,27920.0,34430.0,45050.0,58530.0
2020,16620,450000,50.0,21730.0,25410.0,32980.0,40320.0,48700.0
2020,16620,470000,4970.0,26040.0,33990.0,45830.0,61330.0,77310.0
2020,16620,490000,4810.0,25170.0,30990.0,40850.0,56710.0,73750.0
2020,16620,510000,3420.0,22170.0,27930.0,39110.0,55890.0,79540.0
2020,16620,530000,6670.0,20480.0,24010.0,32580.0,46830.0,70260.0
2020,17140,000000,1028260.0,21420.0,28680.0,41660.0,64770.0,97380.0
2020,17140,110000,53000.0,51060.0,72290.0,104460.0,148840.0,203500.0
2020,17140,113021,2940.0,84390.0,105530.0,135990.0,166820.0,207920.0
2020,17140,130000,67840.0,39500.0,50900.0,67150.0,89150.0,117040.0
2020,17140,150000,34950.0,42130.0,57460.0,79580.0,107680.0,137600.0
2020,17140,151211,4460.0,56200.0,70680.0,91350.0,114200.0,150760.0
2020,17140,151212,1160.0,55750.0,65810.0,93130.0,119080.0,141060.0
2020,17140,151221,40.0,88890.0,109680.0,139500.0,161620.0,178130.0
2020,17140,151231,1740.0,41120.0,50860.0,60140.0,72820.0,91860.0
2020,17140,151232,5510.0,32010.0,38170.0,48600.0,61630.0,77320.0
2020,17140,151241,1060.0,58570.0,79950.0,106940.0,130590.0,157150.0
2020,17140,151244,3300.0,49280.0,60610.0,76960.0,98640.0,121700.0
2020,17140,151251,1580.0,48840.0,61660.0,91520.0,123000.0,144380.0
2020,17140,151299,1890.0,38650.0,51560.0,74850.0,103600.0,130540.0
2020,17140,152031,1170.0,53530.0,68860.0,90880.0,114180.0,132020.0
2020,17140,152041,460.0,47960.0,66140.0,92290.0,128660.0,152550.0
2020,17140,170000,20250.0,43730.0,59970.0,79310.0,103950.0,132160.0
2020,17140,190000,8740.0,36310.0,46990.0,64010.0,91190.0,120770.0
2020,17140,210000,13850.0,30180.0,36810.0,46380.0,59670.0,76550.0
2020,17140,230000,6150.0,38060.0,55230.0,83490.0,140840.0,
2020,17140,250000,57370.0,25050.0,35630.0,54400.0,77080.0,101610.0
2020,17140,270000,11610.0,24890.0,33470.0,47400.0,65190.0,90020.0
2020,17140,290000,66740.0,36510.0,49820.0,65420.0,87160.0,133120.0
2020,17140,310000,37230.0,21820.0,25020.0,30500.0,37590.0,46770.0
2020,17140,330000,20960.0,20950.0,28120.0,43230.0,64120.0,80300.0
2020,17140,350000,86700.0,18620.0,19460.0,22090.0,29000.0,37820.0
2020,17140,370000,24480.0,21170.0,24170.0,29140.0,36380.0,46210.0
2020,17140,390000,20880.0,18950.0,20280.0,24390.0,33110.0,47410.0
2020,17140,410000,90780.0,20060.0,23420.0,32360.0,57450.0,93860.0
2020,17140,430000,139610.0,25190.0,30750.0,38490.0,49490.0,62990.0
2020,17140,450000,640.0,21320.0,24090.0,29000.0,40140.0,55010.0
2020,17140,470000,35500.0,30710.0,37810.0,49640.0,62970.0,77750.0
2020,17140,490000,40440.0,28480.0,36860.0,49890.0,63920.0,78240.0
2020,17140,510000,83360.0,25940.0,30830.0,39000.0,51280.0,66070.0
2020,17140,530000,107180.0,21670.0,26170.0,33040.0,42800.0,54670.0
2020,18020,000000,46710.0,21930.0,29000.0,40760.0,64970.0,102300.0
2020,18020,110000,2940.0,52910.0,73800.0,112190.0,154550.0,204940.0
2020,18020,113021,180.0,72540.0,104490.0,128880.0,160830.0,189200.0
2020,18020,130000,2610.0,36860.0,50800.0,72300.0,99200.0,127210.0
2020,18020,150000,1590.0,46500.0,65490.0,83890.0,103170.0,125130.0
2020,18020,151211,440.0,64460.0,73850.0,87730.0,100240.0,113260.0
2020,18020,151231,40.0,36240.0,42420.0,55940.0,65780.0,79220.0
2020,18020,151232,130.0,30650.0,35590.0,43770.0,56700.0,74590.0
2020,18020,151241,160.0,54170.0,71020.0,105320.0,127160.0,155150.0
2020,18020,151244,110.0,41950.0,57610.0,81310.0,98720.0,119840.0
2020,18020,151251,40.0,50160.0,60930.0,73920.0,89450.0,105550.0
2020,18020,151299,,39530.0,57920.0,89170.0,108400.0,125080.0
2020,18020,190000,140.0,38050.0,45830.0,58760.0,82000.0,105460.0
2020,18020,210000,610.0,30280.0,34440.0,39510.0,50900.0,67260.0
2020,18020,230000,130.0,28860.0,34060.0,48520.0,90710.0,152260.0
2020,18020,250000,2200.0,20990.0,27020.0,41200.0,56610.0,71740.0
2020,18020,270000,300.0,25690.0,34480.0,50000.0,61840.0,76350.0
2020,18020,290000,2060.0,31590.0,42310.0,59300.0,79650.0,143370.0
2020,18020,310000,1450.0,21480.0,23760.0,28540.0,34380.0,44190.0
2020,18020,330000,770.0,18060.0,20700.0,34400.0,50990.0,65620.0
2020,18020,350000,3050.0,17880.0,20380.0,23530.0,27710.0,32290.0
2020,18020,370000,920.0,20450.0,22590.0,26900.0,32490.0,40730.0
2020,18020,390000,450.0,17280.0,18990.0,22830.0,30950.0,45760.0
2020,18020,410000,3640.0,18160.0,21050.0,25700.0,40760.0,86020.0
2020,18020,430000,5100.0,24490.0,29980.0,37830.0,48290.0,63420.0
2020,18020,470000,1510.0,29730.0,38260.0,53140.0,66140.0,80380.0
2020,18020,490000,1900.0,26560.0,35090.0,46930.0,61340.0,80710.0
2020,18020,510000,7830.0,26830.0,32020.0,37430.0,45020.0,55560.0
2020,18020,530000,3750.0,21990.0,26990.0,35470.0,44690.0,57450.0
2020,18140,000000,1026540.0,21880.0,28890.0,42370.0,66520.0,100120.0
2020,18140,110000,51430.0,53040.0,74100.0,104980.0,146650.0,201260.0
2020,18140,113021,3030.0,85920.0,112450.0,137130.0,167750.0,205450.0
2020,18140,130000,82290.0,41040.0,52230.0,68370.0,90010.0,114750.0
2020,18140,150000,44190.0,48160.0,65720.0,88430.0,110430.0,132380.0
2020,18140,151211,6860.0,60220.0,73100.0,90020.0,106890.0,128480.0
2020,18140,151212,1520.0,53680.0,71950.0,90420.0,116000.0,137380.0
2020,18140,151221,,60500.0,79900.0,106480.0,142300.0,168930.0
2020,18140,151231,1980.0,42140.0,48500.0,64450.0,96990.0,113290.0
2020,18140,151232,5200.0,36090.0,43260.0,51430.0,64270.0,87150.0
2020,18140,151241,1280.0,73470.0,92570.0,116730.0,135790.0,156670.0
2020,18140,151244,2620.0,52990.0,66700.0,84320.0,105000.0,132890.0
2020,18140,151251,1490.0,60500.0,73080.0,89600.0,106450.0,132070.0
2020,18140,151299,3450.0,50270.0,69020.0,92780.0,112700.0,130880.0
2020,18140,152031,1410.0,43340.0,57970.0,81650.0,99580.0,119260.0
2020,18140,152041,170.0,53900.0,62570.0,82170.0,102190.0,124800.0
2020,18140,170000,16600.0,50050.0,62120.0,78900.0,100360.0,124350.0
2020,18140,190000,9070.0,37340.0,50650.0,66550.0,88240.0,112070.0
2020,18140,210000,15160.0,26120.0,34590.0,46320.0,61290.0,79690.0
2020,18140,230000,8510.0,38100.0,48350.0,69280.0,109180.0,167850.0
2020,18140,250000,61430.0,25780.0,37300.0,57210.0,81280.0,105210.0
2020,18140,270000,15010.0,21380.0,32400.0,51320.0,75880.0,100470.0
2020,18140,290000,65160.0,34810.0,48400.0,63080.0,85000.0,126410.0
2020,18140,310000,44550.0,21320.0,23390.0,27170.0,32450.0,41800.0
2020,18140,330000,21180.0,25180.0,31930.0,48910.0,76560.0,99200.0
2020,18140,350000,80110.0,18930.0,19770.0,22690.0,28270.0,36340.0
2020,18140,370000,27810.0,20230.0,23400.0,28930.0,36260.0,46600.0
2020,18140,390000,16610.0,19240.0,20890.0,25240.0,31550.0,48140.0
2020,18140,410000,82120.0,20420.0,23670.0,32430.0,54710.0,89340.0
2020,18140,430000,147950.0,25710.0,31220.0,38810.0,49690.0,63320.0
2020,18140,450000,940.0,23470.0,27890.0,34540.0,46020.0,62800.0
2020,18140,470000,31980.0,32420.0,39260.0,50800.0,64190.0,78860.0
2020,18140,490000,38310.0,28450.0,36320.0,48110.0,62400.0,78980.0
2020,18140,510000,52920.0,24320.0,29610.0,37570.0,48110.0,61110.0
2020,18140,530000,113230.0,22440.0,27520.0,33300.0,42320.0,54350.0
2020,19430,000000,357650.0,20710.0,27420.0,41430.0,66830.0,101410.0
2020,19430,110000,15510.0,48110.0,71570.0,101850.0,139530.0,185730.0
2020,19430,113021,930.0,86090.0,102260.0,133550.0,160670.0,182370.0
2020,19430,130000,24470.0,43120.0,55370.0,78210.0,100020.0,121860.0
2020,19430,150000,16150.0,46080.0,60770.0,81860.0,107810.0,132980.0
2020,19430,151211,1750.0,55190.0,68580.0,87550.0,115330.0,135450.0
2020,19430,151212,380.0,56830.0,75360.0,99250.0,119810.0,134420.0
2020,19430,151221,160.0,71300.0,95130.0,115510.0,131980.0,149640.0
2020,19430,151231,400.0,37480.0,53100.0,64310.0,79730.0,97180.0
2020,19430,151232,2110.0,33130.0,42170.0,53060.0,62540.0,74840.0
2020,19430,151241,300.0,60090.0,72360.0,90340.0,117350.0,144570.0
2020,19430,151244,950.0,49300.0,60810.0,78050.0,98060.0,122370.0
2020,19430,151251,380.0,44780.0,56550.0,76780.0,93580.0,104070.0
2020,19430,151299,1710.0,36000.0,62030.0,90510.0,109390.0,130370.0
2020,19430,152031,610.0,54970.0,71770.0,96300.0,121410.0,145290.0
2020,19430,152041,60.0,53760.0,59580.0,71010.0,87550.0,105940.0
2020,19430,170000,10680.0,48520.0,66500.0,91150.0,121890.0,147400.0
2020,19430,190000,3320.0,38820.0,58070.0,80330.0,105040.0,128390.0
2020,19430,210000,6300.0,27920.0,35660.0,46650.0,60290.0,76090.0
2020,19430,230000,2310.0,32980.0,38520.0,59880.0,93830.0,137590.0
2020,19430,250000,22390.0,23710.0,34120.0,52700.0,74470.0,93100.0
2020,19430,270000,4430.0,21950.0,31760.0,45760.0,65250.0,89050.0
2020,19430,290000,30140.0,37150.0,50870.0,65890.0,90260.0,148180.0
2020,19430,310000,15240.0,21580.0,23890.0,28340.0,35350.0,43010.0
2020,19430,330000,6890.0,20390.0,25860.0,44790.0,67280.0,83400.0
2020,19430,350000,29320.0,18880.0,19680.0,22400.0,27640.0,37970.0
2020,19430,370000,10030.0,20420.0,23080.0,28350.0,36820.0,47950.0
2020,19430,390000,5070.0,18930.0,19900.0,24550.0,32320.0,42370.0
2020,19430,410000,30700.0,19450.0,21140.0,27810.0,44720.0,78760.0
2020,19430,430000,42150.0,23400.0,29730.0,37560.0,48000.0,61000.0
2020,19430,450000,320.0,20550.0,23220.0,27870.0,35160.0,52120.0
2020,19430,470000,10290.0,30450.0,36810.0,48180.0,61520.0,74320.0
2020,19430,490000,12660.0,26190.0,35400.0,47080.0,60390.0,73120.0
2020,19430,510000,29360.0,24610.0,28970.0,36250.0,47460.0,61180.0
2020,19430,530000,29890.0,20030.0,23010.0,30130.0,40670.0,55820.0
2020,21060,000000,50810.0,19720.0,25500.0,37460.0,57100.0,81460.0
2020,21060,110000,2470.0,40140.0,53960.0,81070.0,113400.0,149340.0
2020,21060,113021,110.0,75540.0,96200.0,132470.0,157350.0,179920.0
2020,21060,130000,3360.0,41860.0,54670.0,68780.0,86950.0,103390.0
2020,21060,150000,1910.0,38410.0,51780.0,70890.0,92370.0,109480.0
2020,21060,151211,200.0,37840.0,48510.0,62150.0,81980.0,105030.0
2020,21060,151212,,25600.0,29790.0,55760.0,73890.0,97400.0
2020,21060,151231,120.0,37120.0,47610.0,58360.0,69490.0,79910.0
2020,21060,151232,290.0,32230.0,36650.0,43590.0,51170.0,62850.0
2020,21060,151241,100.0,42380.0,47650.0,60740.0,87910.0,123960.0
2020,21060,151244,260.0,49770.0,56980.0,64500.0,74580.0,82440.0
2020,21060,151299,550.0,65240.0,77110.0,92070.0,103390.0,112510.0
2020,21060,170000,610.0,39520.0,48670.0,66130.0,83210.0,103390.0
2020,21060,190000,330.0,37680.0,48520.0,64000.0,78800.0,94640.0
2020,21060,210000,810.0,23210.0,29980.0,38540.0,51830.0,75690.0
2020,21060,230000,280.0,34300.0,44690.0,55330.0,75560.0,111400.0
2020,21060,250000,3090.0,24220.0,35610.0,49200.0,62110.0,74220.0
2020,21060,270000,270.0,22900.0,31210.0,48790.0,72430.0,89020.0
2020,21060,290000,3310.0,31720.0,45110.0,59490.0,78720.0,122010.0
2020,21060,310000,2160.0,19070.0,22680.0,27780.0,33260.0,40580.0
2020,21060,330000,810.0,26820.0,31550.0,41470.0,54270.0,73860.0
2020,21060,350000,4690.0,16850.0,18240.0,20770.0,24580.0,29700.0
2020,21060,370000,1270.0,19740.0,22860.0,26930.0,31710.0,38490.0
2020,21060,390000,730.0,17300.0,19450.0,24140.0,31430.0,40780.0
2020,21060,410000,5080.0,17650.0,19890.0,24430.0,34800.0,56060.0
2020,21060,430000,6990.0,22610.0,27430.0,33500.0,43250.0,53480.0
2020,21060,470000,1750.0,26980.0,32150.0,41490.0,56500.0,74200.0
2020,21060,490000,2400.0,23540.0,29890.0,41450.0,54070.0,66360.0
2020,21060,510000,5050.0,25380.0,32430.0,42310.0,51070.0,70570.0
2020,21060,530000,3450.0,20030.0,23530.0,30070.0,38650.0,49370.0
2020,21780,000000,146320.0,19910.0,25850.0,36930.0,56200.0,80750.0
2020,21780,110000,6710.0,39020.0,56160.0,83080.0,118630.0,163460.0
2020,21780,113021,120.0,71950.0,82850.0,110130.0,138140.0,166120.0
2020,21780,130000,5300.0,32660.0,42090.0,56890.0,76020.0,99090.0
2020,21780,150000,1930.0,33240.0,47340.0,66260.0,88610.0,112370.0
2020,21780,151211,360.0,56280.0,69610.0,83930.0,104220.0,134340.0
2020,21780,151212,40.0,54970.0,72730.0,89830.0,102370.0,116150.0
2020,21780,151231,90.0,35990.0,43770.0,55260.0,71610.0,82510.0
2020,21780,151232,470.0,27070.0,31470.0,42330.0,56480.0,68950.0
2020,21780,151241,120.0,43070.0,50800.0,65280.0,91300.0,112430.0
2020,21780,151244,230.0,44420.0,56160.0,72410.0,90650.0,116570.0
2020,21780,151251,80.0,45700.0,59140.0,76340.0,108900.0,148930.0
2020,21780,151299,40.0,38140.0,51370.0,79390.0,102520.0,119840.0
2020,21780,170000,2300.0,44410.0,57710.0,75560.0,98110.0,120880.0
2020,21780,190000,1640.0,40650.0,55430.0,72620.0,97030.0,132430.0
2020,21780,210000,1990.0,26280.0,34230.0,42680.0,55910.0,78310.0
2020,21780,230000,660.0,34030.0,44260.0,60500.0,92170.0,141080.0
2020,21780,250000,6700.0,22080.0,30040.0,42660.0,58570.0,75550.0
2020,21780,270000,1800.0,19340.0,25320.0,36290.0,51140.0,73900.0
2020,21780,290000,11430.0,30290.0,45440.0,60380.0,81190.0,137100.0
2020,21780,310000,6400.0,21840.0,24890.0,29310.0,34960.0,41440.0
2020,21780,330000,2550.0,22140.0,27450.0,38590.0,58010.0,68160.0
2020,21780,350000,12870.0,16830.0,18120.0,20460.0,25040.0,30670.0
2020,21780,370000,4470.0,20120.0,23170.0,28570.0,35690.0,45650.0
2020,21780,390000,2550.0,17360.0,19740.0,23800.0,32160.0,42120.0
2020,21780,410000,14270.0,18440.0,21440.0,27450.0,45170.0,73880.0
2020,21780,430000,18450.0,21740.0,27570.0,34880.0,44340.0,58410.0
2020,21780,450000,140.0,21450.0,26460.0,31260.0,46860.0,74250.0
2020,21780,470000,6700.0,29240.0,38010.0,52630.0,67230.0,83610.0
2020,21780,490000,7800.0,26730.0,35260.0,45520.0,57820.0,71250.0
2020,21780,510000,15500.0,24410.0,29520.0,37440.0,49660.0,64330.0
2020,21780,530000,14170.0,20840.0,25060.0,31410.0,41180.0,53120.0
2020,23060,000000,205560.0,21310.0,27210.0,38580.0,57340.0,81460.0
2020,23060,110000,9070.0,47990.0,65190.0,91600.0,127270.0,175390.0
2020,23060,113021,380.0,80800.0,99670.0,133370.0,161110.0,199210.0
2020,23060,130000,9960.0,35890.0,46120.0,60570.0,79020.0,103380.0
2020,23060,150000,4040.0,40070.0,52560.0,71520.0,95880.0,121260.0
2020,23060,151211,670.0,52080.0,60530.0,74340.0,90490.0,107940.0
2020,23060,151212,90.0,59890.0,71750.0,86590.0,108200.0,132730.0
2020,23060,151231,90.0,32620.0,42390.0,60420.0,78800.0,100590.0
2020,23060,151232,580.0,33070.0,40010.0,46450.0,54900.0,66020.0
2020,23060,151241,310.0,57280.0,69640.0,86940.0,104370.0,123310.0
2020,23060,151244,390.0,41830.0,52100.0,63720.0,82710.0,98330.0
2020,23060,151251,240.0,27640.0,31170.0,45290.0,71630.0,93620.0
2020,23060,151299,130.0,27350.0,31540.0,53170.0,74190.0,101740.0
2020,23060,152031,110.0,43420.0,48500.0,60220.0,80850.0,99940.0
2020,23060,170000,3990.0,42000.0,52860.0,71100.0,95760.0,130510.0
2020,23060,190000,900.0,34170.0,42000.0,60650.0,80360.0,110590.0
2020,23060,210000,3150.0,24690.0,33950.0,42850.0,56680.0,71390.0
2020,23060,230000,1110.0,34110.0,40660.0,64340.0,99160.0,153430.0
2020,23060,250000,8560.0,21910.0,28470.0,43270.0,60080.0,78590.0
2020,23060,270000,2700.0,20960.0,30470.0,41500.0,57600.0,76160.0
2020,23060,290000,15950.0,33630.0,45090.0,59600.0,79630.0,136390.0
2020,23060,310000,9020.0,21710.0,24610.0,29240.0,35030.0,41460.0
2020,23060,330000,3370.0,20600.0,29290.0,44880.0,59000.0,68850.0
2020,23060,350000,17450.0,17610.0,20160.0,23600.0,28530.0,34370.0
2020,23060,370000,6380.0,17710.0,20500.0,24750.0,31670.0,39770.0
2020,23060,390000,3440.0,17590.0,19740.0,24000.0,30770.0,40230.0
2020,23060,410000,19580.0,19330.0,22730.0,30010.0,49880.0,80890.0
2020,23060,430000,25280.0,25210.0,29490.0,36690.0,46200.0,57700.0
2020,23060,450000,190.0,17320.0,20310.0,26570.0,36610.0,47360.0
2020,23060,470000,8440.0,30370.0,36860.0,47350.0,61320.0,75910.0
2020,23060,490000,10170.0,28660.0,36170.0,46700.0,59540.0,73150.0
2020,23060,510000,21670.0,26390.0,31360.0,38690.0,51340.0,65780.0
2020,23060,530000,21130.0,20800.0,24870.0,31700.0,43080.0,52040.0
2020,26580,000000,122080.0,19800.0,23980.0,35500.0,55110.0,78820.0
2020,26580,110000,5310.0,37780.0,55820.0,78820.0,110120.0,149050.0
2020,26580,113021,60.0,54500.0,84910.0,104000.0,131990.0,167810.0
2020,26580,130000,4270.0,30730.0,42720.0,56840.0,76810.0,98570.0
2020,26580,150000,1450.0,29470.0,40630.0,54960.0,77670.0,108000.0
2020,26580,151211,40.0,56630.0,78010.0,92630.0,103290.0,111820.0
2020,26580,151231,130.0,39660.0,54190.0,78380.0,118820.0,129540.0
2020,26580,151232,550.0,26890.0,31610.0,42950.0,50570.0,60960.0
2020,26580,151241,50.0,55530.0,69680.0,82530.0,143210.0,161940.0
2020,26580,151244,150.0,36110.0,50440.0,61990.0,74830.0,83120.0
2020,26580,151251,,45400.0,51970.0,57710.0,63420.0,94280.0
2020,26580,151299,150.0,20370.0,45480.0,74730.0,93240.0,109480.0
2020,26580,152031,110.0,29790.0,41490.0,64010.0,77560.0,93460.0
2020,26580,170000,1350.0,39380.0,51500.0,71240.0,94270.0,111180.0
2020,26580,190000,960.0,32730.0,43180.0,59470.0,79010.0,100190.0
2020,26580,210000,2290.0,25540.0,31070.0,38380.0,50820.0,68270.0
2020,26580,230000,620.0,41280.0,53500.0,71140.0,118610.0,166490.0
2020,26580,250000,8360.0,22470.0,30130.0,44520.0,60430.0,78820.0
2020,26580,270000,850.0,21970.0,28280.0,40730.0,71650.0,101240.0
2020,26580,290000,12700.0,30650.0,41660.0,58810.0,78010.0,110910.0
2020,26580,310000,7670.0,19920.0,20860.0,24530.0,31280.0,40080.0
2020,26580,330000,1720.0,19870.0,23360.0,35550.0,49100.0,63180.0
2020,26580,350000,11100.0,18440.0,19400.0,20630.0,24180.0,29910.0
2020,26580,370000,3340.0,19730.0,22290.0,27750.0,36020.0,45020.0
2020,26580,390000,1930.0,19270.0,20200.0,24570.0,31980.0,45190.0
2020,26580,410000,12720.0,19140.0,20410.0,23920.0,32950.0,52110.0
2020,26580,430000,16610.0,21250.0,26430.0,33340.0,41420.0,52000.0
2020,26580,450000,170.0,20370.0,22670.0,27460.0,36010.0,44390.0
2020,26580,470000,5580.0,25900.0,32640.0,46890.0,63810.0,80630.0
2020,26580,490000,5940.0,24590.0,32330.0,43460.0,59340.0,76140.0
2020,26580,510000,7860.0,24200.0,31110.0,40310.0,56260.0,71540.0
2020,26580,530000,9290.0,20230.0,24360.0,32510.0,45830.0,61540.0
2020,26900,000000,1019100.0,21930.0,28730.0,40910.0,63590.0,95450.0
2020,26900,110000,58970.0,44880.0,63740.0,94830.0,134920.0,194780.0
2020,26900,113021,2830.0,79380.0,99860.0,125130.0,156150.0,187430.0
2020,26900,130000,60810.0,36570.0,48160.0,64740.0,86660.0,112390.0
2020,26900,150000,36030.0,43440.0,58780.0,79150.0,102660.0,127890.0
2020,26900,151211,5500.0,54160.0,65100.0,79600.0,100090.0,122120.0
2020,26900,151212,730.0,44710.0,58000.0,79760.0,100920.0,124520.0
2020,26900,151231,1030.0,37580.0,51010.0,64080.0,79210.0,96510.0
2020,26900,151232,5470.0,31450.0,37140.0,47130.0,61210.0,78280.0
2020,26900,151241,1790.0,61660.0,80930.0,106930.0,127800.0,145990.0
2020,26900,151244,3200.0,47720.0,61470.0,78620.0,102540.0,141300.0
2020,26900,151251,1840.0,56990.0,71390.0,83510.0,114440.0,152690.0
2020,26900,151299,1870.0,44520.0,61280.0,82520.0,100570.0,113450.0
2020,26900,152031,550.0,40880.0,49430.0,60220.0,77100.0,99490.0
2020,26900,152041,,44480.0,51120.0,69370.0,92200.0,103350.0
2020,26900,170000,15140.0,44540.0,58420.0,76170.0,97210.0,118110.0
2020,26900,190000,11780.0,39990.0,50690.0,68400.0,96310.0,124290.0
2020,26900,210000,14980.0,29860.0,36000.0,44230.0,57430.0,73300.0
2020,26900,230000,7640.0,37390.0,49900.0,69660.0,117610.0,193410.0
2020,26900,250000,46640.0,22500.0,30960.0,47250.0,66890.0,97280.0
2020,26900,270000,14110.0,21780.0,29480.0,43980.0,62060.0,85940.0
2020,26900,290000,73350.0,36640.0,50340.0,65800.0,92640.0,143840.0
2020,26900,310000,36870.0,21800.0,24840.0,29890.0,36960.0,45260.0
2020,26900,330000,22980.0,22780.0,28490.0,39370.0,60770.0,77940.0
2020,26900,350000,81610.0,17380.0,19390.0,23020.0,28670.0,36820.0
2020,26900,370000,26150.0,20650.0,23540.0,29250.0,37360.0,47780.0
2020,26900,390000,14850.0,17720.0,20570.0,25320.0,35510.0,52160.0
2020,26900,410000,92040.0,19700.0,23680.0,32310.0,59290.0,96190.0
2020,26900,430000,135810.0,25660.0,31090.0,38400.0,49170.0,62990.0
2020,26900,450000,300.0,19540.0,30170.0,39040.0,48380.0,58300.0
2020,26900,470000,41580.0,30020.0,37190.0,48360.0,63920.0,79600.0
2020,26900,490000,40070.0,28080.0,35530.0,46860.0,61230.0,76040.0
2020,26900,510000,62920.0,24830.0,29140.0,36140.0,46010.0,57950.0
2020,26900,530000,124480.0,22590.0,27400.0,33540.0,43580.0,57580.0
2020,29020,000000,36270.0,19480.0,25810.0,39740.0,61900.0,81920.0
2020,29020,110000,1230.0,40950.0,56930.0,89650.0,127420.0,167910.0
2020,29020,130000,910.0,26260.0,39420.0,53880.0,81070.0,109890.0
2020,29020,150000,520.0,,,,,
2020,29020,151232,30.0,31520.0,38820.0,46740.0,55890.0,63690.0
2020,29020,170000,1120.0,34500.0,67700.0,89810.0,108040.0,133970.0
2020,29020,190000,220.0,27350.0,36050.0,49290.0,68390.0,96580.0
2020,29020,210000,530.0,23930.0,29350.0,37020.0,46330.0,59500.0
2020,29020,230000,130.0,36830.0,44090.0,52150.0,62670.0,145180.0
2020,29020,250000,2150.0,,,,,
2020,29020,270000,180.0,17480.0,21690.0,33900.0,45730.0,65380.0
2020,29020,290000,2200.0,34800.0,50720.0,63570.0,78700.0,106500.0
2020,29020,310000,1460.0,20430.0,23160.0,27720.0,32620.0,41110.0
2020,29020,330000,340.0,,,,,
2020,29020,350000,3910.0,17080.0,18490.0,20950.0,25740.0,33750.0
2020,29020,370000,680.0,18140.0,21390.0,28310.0,34230.0,39910.0
2020,29020,390000,720.0,17160.0,19240.0,24840.0,35380.0,44860.0
2020,29020,410000,3450.0,17600.0,19640.0,24650.0,38020.0,63370.0
2020,29020,430000,3020.0,21990.0,26950.0,32990.0,40510.0,54380.0
2020,29020,470000,1320.0,32890.0,44150.0,68730.0,77330.0,82500.0
2020,29020,490000,1850.0,28830.0,38060.0,58820.0,76100.0,83610.0
2020,29020,510000,8060.0,,,,,
2020,29020,530000,2280.0,18870.0,22750.0,31190.0,45780.0,57110.0
2020,29200,000000,89480.0,20170.0,27220.0,39460.0,60120.0,86630.0
2020,29200,110000,4200.0,47370.0,66870.0,94330.0,131150.0,185800.0
2020,29200,113021,210.0,70270.0,85100.0,102080.0,124860.0,146250.0
2020,29200,130000,3240.0,33980.0,45590.0,60910.0,79110.0,103110.0
2020,29200,150000,1790.0,43080.0,52730.0,68150.0,86500.0,113050.0
2020,29200,151211,390.0,45260.0,55800.0,75540.0,103080.0,144030.0
2020,29200,151231,90.0,48600.0,57320.0,66850.0,80640.0,94160.0
2020,29200,151232,310.0,34180.0,40660.0,48670.0,58320.0,66160.0
2020,29200,151241,60.0,56370.0,71290.0,83160.0,102710.0,125090.0
2020,29200,151244,180.0,53700.0,59050.0,69030.0,81090.0,93660.0
2020,29200,151251,80.0,43760.0,50850.0,68760.0,79320.0,87560.0
2020,29200,170000,1920.0,49090.0,62600.0,81370.0,105590.0,130780.0
2020,29200,190000,1200.0,34150.0,42850.0,58580.0,81540.0,110970.0
2020,29200,210000,1740.0,27860.0,35510.0,45090.0,57100.0,69420.0
2020,29200,230000,330.0,34460.0,42690.0,59720.0,82390.0,134740.0
2020,29200,250000,7960.0,26540.0,37570.0,56070.0,88390.0,138210.0
2020,29200,270000,1080.0,20080.0,30200.0,47050.0,64280.0,87880.0
2020,29200,290000,5460.0,32860.0,46020.0,62160.0,82420.0,126520.0
2020,29200,310000,3330.0,21210.0,23850.0,28590.0,34580.0,39980.0
2020,29200,330000,1330.0,20810.0,26420.0,42970.0,61270.0,73860.0
2020,29200,350000,8560.0,16840.0,18130.0,20410.0,26150.0,32730.0
2020,29200,370000,3340.0,19980.0,22510.0,26880.0,32450.0,41770.0
2020,29200,390000,1490.0,17190.0,19090.0,23120.0,31300.0,45130.0
2020,29200,410000,7050.0,18120.0,20530.0,25580.0,38480.0,61510.0
2020,29200,430000,8340.0,22350.0,28190.0,36100.0,45620.0,55120.0
2020,29200,450000,150.0,18050.0,22580.0,35090.0,46120.0,51910.0
2020,29200,470000,3000.0,30400.0,37390.0,48640.0,63260.0,77600.0
2020,29200,490000,4010.0,28720.0,35300.0,44780.0,59440.0,70650.0
2020,29200,510000,12770.0,26940.0,33480.0,39740.0,52730.0,63200.0
2020,29200,530000,7200.0,22480.0,28000.0,36430.0,51530.0,64320.0
2020,30460,000000,258350.0,20380.0,26550.0,39110.0,59020.0,83010.0
2020,30460,110000,13560.0,43100.0,60640.0,88120.0,129600.0,185430.0
2020,30460,113021,540.0,69580.0,82460.0,112310.0,146440.0,168510.0
2020,30460,130000,11950.0,35100.0,47070.0,60990.0,80900.0,106960.0
2020,30460,150000,5760.0,41100.0,51520.0,67840.0,88720.0,116780.0
2020,30460,151211,470.0,49910.0,62310.0,80120.0,100090.0,121470.0
2020,30460,151212,130.0,41550.0,46800.0,63280.0,86170.0,117610.0
2020,30460,151221,80.0,45780.0,55650.0,66670.0,83250.0,106990.0
2020,30460,151231,360.0,40950.0,47980.0,57520.0,67180.0,80940.0
2020,30460,151232,1110.0,34250.0,41440.0,49770.0,65030.0,79930.0
2020,30460,151241,220.0,53790.0,66350.0,75840.0,89920.0,107040.0
2020,30460,151244,520.0,41440.0,50660.0,61940.0,76330.0,90410.0
2020,30460,151251,300.0,49810.0,61250.0,75190.0,92980.0,110320.0
2020,30460,151299,150.0,32780.0,44690.0,71650.0,99740.0,112530.0
2020,30460,152031,350.0,35730.0,41880.0,49810.0,64580.0,83730.0
2020,30460,152041,50.0,49170.0,55510.0,60580.0,67170.0,80760.0
2020,30460,170000,5130.0,42480.0,56050.0,72980.0,94650.0,117810.0
2020,30460,190000,3560.0,33010.0,42790.0,56480.0,68190.0,87330.0
2020,30460,210000,4480.0,25360.0,30570.0,41670.0,56240.0,74010.0
2020,30460,230000,,43680.0,52510.0,83080.0,118620.0,169370.0
2020,30460,250000,12590.0,23450.0,33580.0,49220.0,63810.0,81270.0
2020,30460,270000,3310.0,20150.0,29970.0,44330.0,62250.0,87130.0
2020,30460,290000,19680.0,32800.0,44760.0,59400.0,78770.0,113480.0
2020,30460,310000,9780.0,21450.0,25310.0,30120.0,36940.0,46490.0
2020,30460,330000,6320.0,20810.0,24250.0,33330.0,48330.0,62010.0
2020,30460,350000,22120.0,16850.0,18210.0,20770.0,25860.0,33510.0
2020,30460,370000,6720.0,18590.0,21970.0,28100.0,34410.0,43700.0
2020,30460,390000,4690.0,17720.0,20240.0,24920.0,31880.0,42700.0
2020,30460,410000,23380.0,18430.0,21270.0,26560.0,43980.0,71790.0
2020,30460,430000,36130.0,22570.0,28250.0,36150.0,46510.0,60190.0
2020,30460,450000,1750.0,21410.0,23720.0,27750.0,33750.0,46060.0
2020,30460,470000,9160.0,27870.0,34500.0,45310.0,60940.0,76630.0
2020,30460,490000,10520.0,26380.0,34030.0,46680.0,61910.0,76200.0
2020,30460,510000,20850.0,25190.0,31790.0,43640.0,54320.0,66130.0
2020,30460,530000,25300.0,21530.0,26030.0,32500.0,43600.0,59200.0
2020,30620,000000,46100.0,19880.0,25500.0,37500.0,58370.0,81210.0
2020,30620,110000,1740.0,44870.0,62070.0,86190.0,119610.0,170770.0
2020,30620,130000,1460.0,34790.0,45840.0,62840.0,84900.0,108980.0
2020,30620,150000,490.0,29210.0,41360.0,66430.0,95060.0,137930.0
2020,30620,151211,30.0,50700.0,60780.0,77250.0,102550.0,147400.0
2020,30620,151231,30.0,28770.0,34340.0,46440.0,70240.0,93510.0
2020,30620,151232,150.0,21470.0,27460.0,35700.0,46950.0,61240.0
2020,30620,151244,80.0,53140.0,60530.0,73190.0,97640.0,161970.0
2020,30620,170000,750.0,47860.0,67740.0,88220.0,111950.0,134750.0
2020,30620,190000,350.0,40040.0,47400.0,59850.0,77820.0,98010.0
2020,30620,210000,710.0,26150.0,30650.0,39650.0,56720.0,70390.0
2020,30620,230000,160.0,28890.0,34350.0,44030.0,78840.0,119280.0
2020,30620,250000,2260.0,23540.0,35320.0,51830.0,64530.0,78140.0
2020,30620,270000,820.0,19260.0,25950.0,33510.0,48410.0,86820.0
2020,30620,290000,4220.0,35550.0,47220.0,67030.0,81440.0,124150.0
2020,30620,310000,2440.0,21460.0,24560.0,29370.0,36360.0,50410.0
2020,30620,330000,980.0,27340.0,39400.0,48780.0,55060.0,67200.0
2020,30620,350000,4260.0,18720.0,19250.0,20410.0,24870.0,31160.0
2020,30620,370000,1310.0,19410.0,21190.0,25000.0,31670.0,40840.0
2020,30620,390000,680.0,18690.0,19300.0,21390.0,28370.0,38970.0
2020,30620,410000,4230.0,19220.0,20630.0,24780.0,38950.0,60840.0
2020,30620,430000,5090.0,22720.0,27920.0,34610.0,43790.0,59340.0
2020,30620,470000,1620.0,31570.0,37350.0,49330.0,65980.0,78610.0
2020,30620,490000,2260.0,24640.0,33460.0,44600.0,59680.0,76100.0
2020,30620,510000,5620.0,23960.0,30890.0,41600.0,59610.0,74840.0
2020,30620,530000,4620.0,21410.0,25450.0,32150.0,42260.0,52330.0
2020,31140,000000,614720.0,21210.0,27760.0,39330.0,59260.0,84190.0
2020,31140,110000,29410.0,44140.0,61690.0,90420.0,131680.0,184350.0
2020,31140,113021,1500.0,86070.0,107200.0,132030.0,160260.0,184280.0
2020,31140,130000,32030.0,36930.0,48160.0,63820.0,84440.0,110910.0
2020,31140,150000,17740.0,41890.0,57000.0,77110.0,101330.0,125180.0
2020,31140,151211,2230.0,52330.0,62990.0,82080.0,103900.0,127770.0
2020,31140,151212,420.0,53680.0,66990.0,85960.0,112620.0,142090.0
2020,31140,151221,,114850.0,124880.0,141240.0,163530.0,178090.0
2020,31140,151231,1190.0,37410.0,45140.0,56340.0,74570.0,97640.0
2020,31140,151232,2900.0,30490.0,37100.0,48650.0,63820.0,80510.0
2020,31140,151241,470.0,60210.0,78570.0,99450.0,125720.0,142960.0
2020,31140,151244,1190.0,49560.0,59600.0,75460.0,95380.0,111140.0
2020,31140,151251,590.0,50080.0,59370.0,74770.0,92730.0,104770.0
2020,31140,151299,930.0,42450.0,57590.0,72290.0,87640.0,107950.0
2020,31140,152031,590.0,42390.0,54890.0,65910.0,86680.0,103250.0
2020,31140,152041,170.0,59330.0,73040.0,92060.0,103600.0,122980.0
2020,31140,170000,9170.0,38620.0,52590.0,71920.0,94040.0,116980.0
2020,31140,190000,3480.0,34780.0,45410.0,62830.0,83890.0,108300.0
2020,31140,210000,8810.0,28270.0,34530.0,42200.0,56510.0,73960.0
2020,31140,230000,3800.0,36650.0,49720.0,72720.0,121730.0,172970.0
2020,31140,250000,24360.0,25530.0,36190.0,48530.0,62340.0,76550.0
2020,31140,270000,5930.0,22280.0,30870.0,43610.0,59480.0,79790.0
2020,31140,290000,40950.0,31840.0,43810.0,60050.0,78980.0,114820.0
2020,31140,310000,21860.0,22210.0,25740.0,31160.0,38190.0,46600.0
2020,31140,330000,10820.0,20830.0,24660.0,31210.0,45290.0,62340.0
2020,31140,350000,48210.0,17130.0,18700.0,21830.0,27330.0,34570.0
2020,31140,370000,14750.0,18620.0,21900.0,26890.0,34880.0,45210.0
2020,31140,390000,11870.0,17830.0,20400.0,25370.0,33320.0,48910.0
2020,31140,410000,52650.0,19090.0,22550.0,29260.0,49210.0,82140.0
2020,31140,430000,88230.0,23910.0,29750.0,36910.0,46670.0,59810.0
2020,31140,450000,520.0,19640.0,24610.0,30280.0,39550.0,50110.0
2020,31140,470000,21940.0,30430.0,37090.0,48560.0,64660.0,78780.0
2020,31140,490000,25730.0,27840.0,35810.0,47160.0,61270.0,77200.0
2020,31140,510000,58540.0,26170.0,31560.0,39890.0,51810.0,64910.0
2020,31140,530000,83910.0,22050.0,26390.0,33640.0,46850.0,64220.0
2020,31900,000000,45720.0,19820.0,24700.0,35530.0,51290.0,72100.0
2020,31900,110000,1520.0,41930.0,56670.0,78640.0,113120.0,161810.0
2020,31900,130000,1340.0,33200.0,42710.0,56010.0,77060.0,102020.0
2020,31900,150000,420.0,33700.0,46150.0,64260.0,93270.0,128350.0
2020,31900,151211,30.0,49670.0,59650.0,72800.0,90960.0,102590.0
2020,31900,151231,30.0,39960.0,43640.0,48910.0,59480.0,97170.0
2020,31900,151232,110.0,19370.0,31830.0,46410.0,61490.0,78240.0
2020,31900,151244,50.0,34910.0,47880.0,61010.0,75820.0,92400.0
2020,31900,170000,590.0,35270.0,46300.0,60780.0,81170.0,100080.0
2020,31900,190000,120.0,33830.0,42660.0,61030.0,85340.0,107860.0
2020,31900,210000,1150.0,27150.0,34410.0,42950.0,55400.0,64940.0
2020,31900,230000,210.0,27200.0,30590.0,47510.0,73380.0,100450.0
2020,31900,250000,3010.0,22220.0,32450.0,49750.0,65400.0,79200.0
2020,31900,270000,200.0,21340.0,29810.0,38880.0,57440.0,83210.0
2020,31900,290000,2940.0,33430.0,44760.0,61090.0,82250.0,139290.0
2020,31900,310000,1420.0,21110.0,23300.0,27330.0,33670.0,43110.0
2020,31900,330000,1550.0,27400.0,40450.0,49130.0,51870.0,65650.0
2020,31900,350000,4240.0,18820.0,19440.0,20720.0,25680.0,31580.0
2020,31900,370000,1050.0,19510.0,22590.0,28410.0,35180.0,42650.0
2020,31900,390000,850.0,18880.0,19690.0,22930.0,30030.0,40360.0
2020,31900,410000,5330.0,19230.0,20350.0,24400.0,36960.0,64910.0
2020,31900,430000,5560.0,20850.0,24950.0,32160.0,41600.0,52500.0
2020,31900,450000,60.0,20100.0,21740.0,24340.0,29930.0,44970.0
2020,31900,470000,1570.0,29730.0,36560.0,45220.0,54200.0,65080.0
2020,31900,490000,2370.0,28130.0,35590.0,45020.0,56130.0,65110.0
2020,31900,510000,6390.0,22870.0,27200.0,34190.0,41600.0,51710.0
2020,31900,530000,3820.0,21670.0,26910.0,34380.0,42850.0,52890.0
2020,34620,000000,43590.0,19230.0,24810.0,36160.0,55080.0,82820.0
2020,34620,110000,2230.0,40070.0,55100.0,80430.0,114660.0,168770.0
2020,34620,113021,110.0,68360.0,88840.0,106980.0,132450.0,163670.0
2020,34620,130000,1690.0,33420.0,43220.0,60300.0,82730.0,115780.0
2020,34620,150000,1130.0,43470.0,54910.0,68750.0,91960.0,113430.0
2020,34620,151211,,52910.0,62770.0,81170.0,103090.0,128300.0
2020,34620,151231,90.0,40760.0,51340.0,61660.0,75820.0,87460.0
2020,34620,151232,150.0,30290.0,38810.0,48090.0,57650.0,63800.0
2020,34620,151241,60.0,53780.0,66270.0,91730.0,119710.0,141710.0
2020,34620,151244,150.0,45480.0,55360.0,67060.0,88700.0,107060.0
2020,34620,170000,410.0,37950.0,49300.0,63060.0,82350.0,106010.0
2020,34620,190000,200.0,33060.0,42990.0,58570.0,85180.0,105360.0
2020,34620,210000,940.0,27340.0,33580.0,40900.0,51560.0,64770.0
2020,34620,230000,200.0,,,,,
2020,34620,250000,3470.0,21570.0,31340.0,49530.0,68080.0,98300.0
2020,34620,270000,340.0,26830.0,34470.0,43150.0,56640.0,71930.0
2020,34620,290000,3550.0,32900.0,46290.0,62320.0,99280.0,
2020,34620,310000,1840.0,21070.0,23820.0,28450.0,32640.0,41310.0
2020,34620,330000,740.0,21420.0,31600.0,47210.0,57750.0,65320.0
2020,34620,350000,5040.0,16980.0,18450.0,21270.0,26300.0,32240.0
2020,34620,370000,1810.0,19410.0,24050.0,31870.0,39200.0,47350.0
2020,34620,390000,960.0,17410.0,19920.0,25100.0,31560.0,39320.0
2020,34620,410000,4450.0,17600.0,19770.0,24300.0,34370.0,57830.0
2020,34620,430000,5500.0,21560.0,27200.0,34330.0,42890.0,55510.0
2020,34620,450000,40.0,16770.0,18830.0,28890.0,36370.0,40910.0
2020,34620,470000,1310.0,27130.0,33000.0,43170.0,58710.0,73770.0
2020,34620,490000,1680.0,23450.0,31260.0,41650.0,53190.0,65850.0
2020,34620,510000,2760.0,24960.0,30020.0,37100.0,47510.0,61380.0
2020,34620,530000,3300.0,19630.0,24060.0,32890.0,43350.0,54110.0
2020,36980,000000,47560.0,19550.0,25530.0,37050.0,54230.0,76420.0
2020,36980,110000,1980.0,40630.0,54190.0,76190.0,116170.0,171770.0
2020,36980,113021,60.0,73410.0,103970.0,135280.0,175580.0,197790.0
2020,36980,130000,1910.0,35080.0,44360.0,59640.0,80740.0,108550.0
2020,36980,150000,670.0,40330.0,52330.0,71470.0,96740.0,111480.0
2020,36980,151211,110.0,52050.0,63590.0,82850.0,107140.0,129350.0
2020,36980,151232,160.0,33580.0,39290.0,47770.0,62200.0,79300.0
2020,36980,151244,70.0,44090.0,52690.0,67670.0,93660.0,106210.0
2020,36980,170000,490.0,39530.0,54340.0,72440.0,95620.0,114320.0
2020,36980,190000,240.0,31130.0,40790.0,51130.0,78040.0,97410.0
2020,36980,210000,720.0,22340.0,29540.0,39050.0,53230.0,67750.0
2020,36980,230000,160.0,22490.0,30860.0,54690.0,87270.0,136290.0
2020,36980,250000,2730.0,24410.0,31480.0,48290.0,61280.0,73150.0
2020,36980,270000,230.0,22720.0,28750.0,37080.0,51380.0,77460.0
2020,36980,290000,3850.0,32950.0,49080.0,60790.0,77040.0,131370.0
2020,36980,310000,2330.0,19330.0,22250.0,28450.0,35790.0,41230.0
2020,36980,330000,1180.0,19790.0,22380.0,26420.0,38630.0,49160.0
2020,36980,350000,3820.0,16870.0,18120.0,20280.0,24940.0,31470.0
2020,36980,370000,1410.0,18330.0,20960.0,24850.0,30320.0,36030.0
2020,36980,390000,630.0,17160.0,18930.0,22890.0,29670.0,39190.0
2020,36980,410000,4460.0,17650.0,19870.0,25130.0,36620.0,58390.0
2020,36980,430000,6770.0,23520.0,28750.0,35400.0,42580.0,53240.0
2020,36980,450000,80.0,22450.0,25750.0,33250.0,38140.0,41080.0
2020,36980,470000,1900.0,27320.0,33620.0,42580.0,57000.0,71570.0
2020,36980,490000,2480.0,26720.0,34340.0,46500.0,61490.0,76990.0
2020,36980,510000,5020.0,24150.0,32220.0,43130.0,52280.0,66810.0
2020,36980,530000,4490.0,19870.0,25140.0,33110.0,45050.0,55610.0
2020,37620,000000,33960.0,19880.0,23480.0,33800.0,53030.0,81560.0
2020,37620,110000,1420.0,40270.0,54720.0,81540.0,123520.0,172010.0
2020,37620,130000,2510.0,40430.0,52910.0,76720.0,92070.0,106440.0
2020,37620,150000,740.0,39420.0,58860.0,79270.0,97190.0,109470.0
2020,37620,151211,,42090.0,47290.0,56820.0,72120.0,93510.0
2020,37620,151231,40.0,31600.0,36120.0,43730.0,51240.0,64730.0
2020,37620,151232,70.0,21920.0,28430.0,39600.0,50130.0,73650.0
2020,37620,151244,40.0,42910.0,47720.0,60760.0,81760.0,99520.0
2020,37620,151299,460.0,65130.0,76720.0,89510.0,99750.0,112520.0
2020,37620,170000,450.0,41300.0,53730.0,73460.0,97470.0,129310.0
2020,37620,190000,260.0,32590.0,43210.0,59480.0,81820.0,103160.0
2020,37620,210000,520.0,26680.0,32260.0,39220.0,51980.0,66460.0
2020,37620,230000,250.0,37490.0,46270.0,61080.0,92870.0,139060.0
2020,37620,250000,1850.0,21980.0,32880.0,42540.0,51450.0,61740.0
2020,37620,270000,260.0,19970.0,24360.0,33630.0,51980.0,75130.0
2020,37620,290000,2370.0,29570.0,39500.0,56920.0,74600.0,117920.0
2020,37620,310000,1980.0,18830.0,19400.0,22680.0,28610.0,35060.0
2020,37620,330000,,21450.0,26000.0,35100.0,44300.0,52370.0
2020,37620,350000,3400.0,19270.0,19960.0,20870.0,24660.0,30620.0
2020,37620,370000,1090.0,20150.0,21520.0,26570.0,35310.0,46540.0
2020,37620,390000,510.0,19510.0,20620.0,24930.0,32060.0,43790.0
2020,37620,410000,3960.0,19670.0,20510.0,23560.0,30910.0,46680.0
2020,37620,430000,4500.0,21510.0,26150.0,31640.0,39890.0,50020.0
2020,37620,450000,,19840.0,21330.0,24450.0,36020.0,43700.0
2020,37620,470000,1300.0,26650.0,31970.0,39270.0,56940.0,76690.0
2020,37620,490000,1480.0,21760.0,28680.0,37850.0,50610.0,66880.0
2020,37620,510000,1690.0,23350.0,29400.0,44580.0,65820.0,80920.0
2020,37620,530000,2800.0,20910.0,24460.0,30430.0,39670.0,51390.0
2020,44220,000000,45040.0,20140.0,25040.0,35700.0,52890.0,79650.0
2020,44220,110000,1720.0,44580.0,59680.0,84920.0,122630.0,165870.0
2020,44220,113021,60.0,,,,,
2020,44220,130000,1820.0,34750.0,45520.0,61090.0,83630.0,106380.0
2020,44220,150000,610.0,,,,,
2020,44220,151211,60.0,53120.0,65270.0,87600.0,112510.0,131250.0
2020,44220,151232,150.0,31110.0,35630.0,43370.0,52390.0,61460.0
2020,44220,151244,70.0,53470.0,62390.0,80540.0,99940.0,119700.0
2020,44220,151251,40.0,40930.0,56880.0,74800.0,95930.0,112260.0
2020,44220,151299,40.0,59310.0,65800.0,78870.0,86960.0,107620.0
2020,44220,170000,470.0,43300.0,55950.0,69330.0,87850.0,112880.0
2020,44220,190000,200.0,33360.0,46940.0,65790.0,81450.0,141230.0
2020,44220,210000,970.0,27220.0,32770.0,40450.0,52390.0,73130.0
2020,44220,230000,190.0,22770.0,34630.0,50560.0,77860.0,129680.0
2020,44220,250000,3280.0,24490.0,37330.0,56340.0,75050.0,87120.0
2020,44220,270000,310.0,25710.0,37250.0,56060.0,75580.0,95280.0
2020,44220,290000,3130.0,28990.0,40130.0,57960.0,84130.0,104640.0
2020,44220,310000,2180.0,21420.0,24480.0,29080.0,34950.0,44440.0
2020,44220,330000,700.0,20590.0,28810.0,39070.0,56500.0,69210.0
2020,44220,350000,4160.0,18790.0,19390.0,20790.0,26750.0,34020.0
2020,44220,370000,1440.0,20110.0,22250.0,26850.0,36260.0,47480.0
2020,44220,390000,640.0,18960.0,20140.0,23880.0,30660.0,41630.0
2020,44220,410000,4380.0,19410.0,20890.0,25920.0,43300.0,67110.0
2020,44220,430000,6190.0,22680.0,28010.0,35350.0,45470.0,58820.0
2020,44220,450000,90.0,18710.0,19480.0,26020.0,30600.0,46220.0
2020,44220,470000,870.0,29700.0,36650.0,45540.0,55840.0,68200.0
2020,44220,490000,1690.0,24590.0,34020.0,42820.0,56850.0,68220.0
2020,44220,510000,4720.0,22250.0,26140.0,32340.0,39710.0,50980.0
2020,44220,530000,5280.0,21180.0,24160.0,31900.0,43100.0,51800.0
2020,45460,000000,62940.0,18800.0,23980.0,35440.0,52970.0,76400.0
2020,45460,110000,2710.0,37710.0,55010.0,80310.0,109820.0,156160.0
2020,45460,113021,50.0,57260.0,72530.0,97870.0,125670.0,154490.0
2020,45460,130000,1790.0,33030.0,40970.0,53960.0,72110.0,90050.0
2020,45460,150000,580.0,29200.0,41590.0,56700.0,76140.0,93910.0
2020,45460,151211,70.0,31030.0,55490.0,65720.0,80680.0,101630.0
2020,45460,151231,70.0,30480.0,36740.0,45840.0,54220.0,65160.0
2020,45460,151232,100.0,22780.0,29470.0,41370.0,50490.0,60980.0
2020,45460,151244,90.0,42240.0,48790.0,59820.0,77260.0,94730.0
2020,45460,151299,40.0,28650.0,63330.0,75990.0,84400.0,88920.0
2020,45460,170000,530.0,42830.0,52320.0,71450.0,90220.0,109410.0
2020,45460,190000,410.0,30120.0,44240.0,63590.0,83210.0,106160.0
2020,45460,210000,1180.0,24550.0,33900.0,40910.0,51870.0,66020.0
2020,45460,230000,320.0,27780.0,35260.0,55990.0,98320.0,136570.0
2020,45460,250000,4160.0,19640.0,30530.0,46880.0,65720.0,88330.0
2020,45460,270000,450.0,24390.0,32570.0,42440.0,58510.0,82760.0
2020,45460,290000,4760.0,29630.0,42420.0,56910.0,76390.0,127530.0
2020,45460,310000,2770.0,20270.0,22590.0,26430.0,32250.0,39630.0
2020,45460,330000,2020.0,24820.0,31960.0,42660.0,52690.0,63860.0
2020,45460,350000,6940.0,16700.0,17790.0,19590.0,23570.0,29750.0
2020,45460,370000,1740.0,18460.0,21280.0,25350.0,31710.0,38780.0
2020,45460,390000,1320.0,16920.0,18350.0,21540.0,29940.0,46770.0
2020,45460,410000,5790.0,17550.0,20000.0,24790.0,37360.0,58780.0
2020,45460,430000,7330.0,21560.0,26460.0,33940.0,42970.0,57840.0
2020,45460,450000,120.0,26330.0,29190.0,34110.0,39220.0,44850.0
2020,45460,470000,2950.0,28770.0,36800.0,53830.0,66310.0,81160.0
2020,45460,490000,3090.0,25330.0,33070.0,43830.0,59870.0,75100.0
2020,45460,510000,6460.0,25040.0,31500.0,38530.0,49370.0,63950.0
2020,45460,530000,5520.0,20220.0,24010.0,30420.0,41190.0,53930.0
2020,45780,000000,274370.0,20300.0,26760.0,39210.0,60600.0,84240.0
2020,45780,110000,10870.0,50350.0,69590.0,97420.0,133230.0,188340.0
2020,45780,113021,420.0,83940.0,97160.0,115810.0,138850.0,167710.0
2020,45780,130000,11470.0,35530.0,46480.0,61620.0,81060.0,105420.0
2020,45780,150000,3960.0,33920.0,48270.0,67040.0,85910.0,107670.0
2020,45780,151211,370.0,47540.0,60010.0,76740.0,103970.0,127120.0
2020,45780,151212,50.0,40800.0,61950.0,80180.0,104020.0,129440.0
2020,45780,151231,520.0,28930.0,38650.0,58090.0,78040.0,94210.0
2020,45780,151232,650.0,30300.0,37350.0,47270.0,59920.0,72810.0
2020,45780,151241,130.0,51550.0,65830.0,84010.0,110280.0,129330.0
2020,45780,151244,480.0,45920.0,55950.0,72470.0,87550.0,109330.0
2020,45780,151251,200.0,52300.0,62340.0,77020.0,94430.0,115060.0
2020,45780,151299,320.0,32540.0,50010.0,72610.0,96230.0,113990.0
2020,45780,152031,90.0,53210.0,65030.0,88280.0,111120.0,131680.0
2020,45780,170000,4660.0,41330.0,56260.0,72980.0,95900.0,118080.0
2020,45780,190000,1740.0,36250.0,49020.0,65570.0,86300.0,106940.0
2020,45780,210000,4780.0,28730.0,35550.0,45000.0,56110.0,67970.0
2020,45780,230000,1520.0,35900.0,55880.0,80960.0,129090.0,199370.0
2020,45780,250000,17030.0,24490.0,34730.0,52210.0,74580.0,94790.0
2020,45780,270000,3150.0,19840.0,30260.0,45620.0,69040.0,107690.0
2020,45780,290000,21830.0,34770.0,48450.0,62870.0,81720.0,130200.0
2020,45780,310000,12940.0,21320.0,23660.0,27860.0,33170.0,40890.0
2020,45780,330000,5890.0,20800.0,28960.0,48180.0,66320.0,80390.0
2020,45780,350000,24740.0,18760.0,19320.0,20570.0,25260.0,31570.0
2020,45780,370000,8100.0,19830.0,22510.0,27540.0,33000.0,41380.0
2020,45780,390000,4570.0,18770.0,19530.0,23660.0,32060.0,47400.0
2020,45780,410000,23760.0,19770.0,22370.0,29700.0,47430.0,74140.0
2020,45780,430000,33020.0,23520.0,29310.0,37290.0,48040.0,61960.0
2020,45780,450000,320.0,18810.0,25440.0,36080.0,49510.0,60870.0
2020,45780,470000,10680.0,33140.0,40500.0,57320.0,72210.0,84430.0
2020,45780,490000,12010.0,27500.0,36660.0,48310.0,62930.0,78610.0
2020,45780,510000,28830.0,25820.0,31920.0,39190.0,53470.0,66150.0
2020,45780,530000,28510.0,21220.0,25470.0,33070.0,44870.0,55370.0
2021,14020,000000,68420.0,22600.0,29060.0,38750.0,61860.0,93460.0
2021,14020,110000,4110.0,46860.0,60400.0,94310.0,126310.0,166790.0
2021,14020,113021,280.0,95220.0,99140.0,120010.0,158840.0,166770.0
2021,14020,130000,2780.0,37780.0,48530.0,62480.0,80240.0,104020.0
2021,14020,150000,2400.0,45880.0,49400.0,74620.0,94980.0,103810.0
2021,14020,151211,380.0,61100.0,78440.0,81750.0,101810.0,129970.0
2021,14020,151231,110.0,35010.0,38520.0,50130.0,62660.0,81990.0
2021,14020,151232,450.0,37890.0,48100.0,61530.0,74170.0,79540.0
2021,14020,151241,70.0,62940.0,80320.0,101470.0,131180.0,160330.0
2021,14020,151242,80.0,62860.0,80050.0,80050.0,101810.0,101810.0
2021,14020,151244,170.0,49080.0,62660.0,78300.0,94980.0,130550.0
2021,14020,151251,320.0,49400.0,62970.0,62970.0,80050.0,80050.0
2021,14020,151252,230.0,60590.0,76940.0,95360.0,102570.0,128170.0
2021,14020,151254,40.0,29130.0,32520.0,32520.0,75110.0,95580.0
2021,14020,151299,380.0,38250.0,48810.0,48810.0,79540.0,92120.0
2021,14020,170000,1400.0,48050.0,61180.0,78210.0,100630.0,128920.0
2021,14020,190000,1560.0,46190.0,48330.0,61780.0,78760.0,100440.0
2021,14020,210000,1350.0,29770.0,37080.0,48700.0,61860.0,77860.0
2021,14020,230000,420.0,36400.0,46180.0,73570.0,116440.0,163120.0
2021,14020,250000,5810.0,23980.0,38750.0,49990.0,81460.0,132720.0
2021,14020,270000,1140.0,28210.0,37360.0,50180.0,64150.0,81780.0
2021,14020,290000,4160.0,30050.0,46690.0,59790.0,77030.0,131080.0
2021,14020,310000,2850.0,22330.0,24240.0,28830.0,34850.0,37710.0
2021,14020,330000,1420.0,22800.0,28710.0,45850.0,65270.0,66020.0
2021,14020,350000,7120.0,17380.0,18800.0,23290.0,29100.0,36360.0
2021,14020,370000,2060.0,22610.0,27690.0,30750.0,38780.0,46040.0
2021,14020,390000,1160.0,17750.0,22230.0,27720.0,36470.0,47310.0
2021,14020,410000,5570.0,18120.0,22770.0,29010.0,38180.0,62610.0
2021,14020,430000,7410.0,24130.0,29820.0,37700.0,47000.0,59840.0
2021,14020,450000,40.0,18670.0,23030.0,31530.0,38370.0,48690.0
2021,14020,470000,2420.0,29970.0,37910.0,48450.0,62740.0,77020.0
2021,14020,490000,2610.0,29010.0,36670.0,47090.0,60420.0,76740.0
2021,14020,510000,6130.0,28820.0,29620.0,38070.0,49710.0,64230.0
2021,14020,530000,4490.0,22320.0,28350.0,35100.0,38870.0,49240.0
2021,14540,000000,72260.0,21610.0,27430.0,36070.0,48550.0,73800.0
2021,14540,110000,3560.0,37110.0,51580.0,76760.0,102130.0,151380.0
2021,14540,113021,50.0,71250.0,91140.0,116510.0,154920.0,168400.0
2021,14540,130000,2180.0,35150.0,44790.0,58880.0,75820.0,96090.0
2021,14540,150000,640.0,35150.0,46930.0,60320.0,77500.0,99510.0
2021,14540,151211,60.0,49030.0,60010.0,71860.0,92310.0,99040.0
2021,14540,151231,40.0,35100.0,43420.0,57000.0,73120.0,93000.0
2021,14540,151232,170.0,29010.0,35910.0,46030.0,58740.0,76600.0
2021,14540,151244,80.0,45410.0,55710.0,62150.0,78300.0,98030.0
2021,14540,151252,80.0,58200.0,71760.0,92820.0,119980.0,131660.0
2021,14540,151299,30.0,29250.0,36880.0,60280.0,95110.0,118170.0
2021,14540,170000,950.0,38390.0,48460.0,62560.0,78420.0,99040.0
2021,14540,190000,360.0,32520.0,42640.0,55090.0,72690.0,98090.0
2021,14540,210000,1180.0,28250.0,31510.0,39770.0,57050.0,73500.0
2021,14540,230000,420.0,35980.0,45810.0,64000.0,102960.0,153390.0
2021,14540,250000,4520.0,24130.0,30730.0,49730.0,63140.0,80570.0
2021,14540,270000,660.0,22750.0,28350.0,37310.0,49640.0,63990.0
2021,14540,290000,4810.0,29180.0,44350.0,59450.0,77030.0,120630.0
2021,14540,310000,3140.0,22660.0,26740.0,28900.0,36310.0,46710.0
2021,14540,330000,1360.0,22060.0,27480.0,31410.0,46710.0,54820.0
2021,14540,350000,6810.0,17110.0,17680.0,22020.0,27460.0,30870.0
2021,14540,370000,1780.0,18140.0,22610.0,28350.0,30200.0,37290.0
2021,14540,390000,1320.0,17190.0,21140.0,23630.0,29380.0,39190.0
2021,14540,410000,7250.0,17630.0,21970.0,27210.0,37240.0,59380.0
2021,14540,430000,8570.0,23090.0,28820.0,34040.0,42910.0,55090.0
2021,14540,450000,60.0,17710.0,23470.0,27590.0,34260.0,44820.0
2021,14540,470000,2640.0,28570.0,34880.0,43950.0,56190.0,70940.0
2021,14540,490000,2920.0,28300.0,35650.0,46350.0,59110.0,69800.0
2021,14540,510000,9440.0,24050.0,29470.0,36670.0,45850.0,55310.0
2021,14540,530000,7690.0,22510.0,27580.0,33180.0,38650.0,48170.0
2021,16620,000000,99150.0,22050.0,26010.0,37450.0,59680.0,79940.0
2021,16620,110000,6060.0,38070.0,60010.0,79840.0,124680.0,161680.0
2021,16620,113021,140.0,77580.0,94490.0,120010.0,131770.0,166380.0
2021,16620,130000,5050.0,35780.0,47250.0,61430.0,78890.0,101490.0
2021,16620,150000,2480.0,30300.0,38410.0,60420.0,77620.0,99990.0
2021,16620,151211,280.0,38420.0,48920.0,62330.0,79860.0,102090.0
2021,16620,151212,50.0,48920.0,62330.0,79200.0,98100.0,102090.0
2021,16620,151231,120.0,38230.0,47040.0,59770.0,73570.0,78590.0
2021,16620,151232,720.0,24180.0,30300.0,38230.0,61370.0,61800.0
2021,16620,151241,40.0,48430.0,62940.0,80320.0,102540.0,156770.0
2021,16620,151242,80.0,48920.0,62330.0,62340.0,78800.0,100740.0
2021,16620,151244,270.0,46560.0,58170.0,62330.0,79200.0,100680.0
2021,16620,151251,100.0,38420.0,43840.0,62330.0,79870.0,99040.0
2021,16620,151252,230.0,47750.0,59260.0,77940.0,101980.0,127490.0
2021,16620,151253,50.0,48730.0,48920.0,61520.0,77230.0,106910.0
2021,16620,151299,270.0,30310.0,38420.0,48920.0,77150.0,100730.0
2021,16620,152031,120.0,37170.0,47090.0,48570.0,61800.0,78440.0
2021,16620,152041,40.0,37680.0,37680.0,48190.0,60990.0,79890.0
2021,16620,152051,30.0,47080.0,62330.0,62330.0,62330.0,79200.0
2021,16620,170000,1620.0,46330.0,53740.0,64780.0,87820.0,103580.0
2021,16620,190000,1110.0,37920.0,47470.0,55070.0,74490.0,93890.0
2021,16620,210000,2400.0,29100.0,36700.0,46920.0,50120.0,61050.0
2021,16620,230000,1630.0,36900.0,49750.0,78240.0,120470.0,168330.0
2021,16620,250000,4810.0,22850.0,34390.0,47240.0,56480.0,63240.0
2021,16620,270000,890.0,23760.0,30010.0,38210.0,48980.0,62600.0
2021,16620,290000,9430.0,29270.0,37920.0,59640.0,79540.0,129870.0
2021,16620,310000,5280.0,19920.0,22290.0,24240.0,30230.0,37710.0
2021,16620,330000,4310.0,22690.0,23130.0,29280.0,37620.0,48710.0
2021,16620,350000,7080.0,18500.0,21060.0,22210.0,27150.0,30470.0
2021,16620,370000,2640.0,21450.0,22760.0,24660.0,30120.0,38370.0
2021,16620,390000,1240.0,18890.0,20890.0,23830.0,29600.0,37880.0
2021,16620,410000,8380.0,19290.0,22290.0,27620.0,37540.0,60660.0
2021,16620,430000,15220.0,22980.0,29150.0,36100.0,45850.0,53250.0
2021,16620,450000,50.0,21100.0,28370.0,37980.0,48230.0,59890.0
2021,16620,470000,4840.0,29520.0,37080.0,48750.0,62070.0,80200.0
2021,16620,490000,4670.0,23940.0,30710.0,47120.0,61730.0,76530.0
2021,16620,510000,3190.0,22820.0,28730.0,36750.0,48950.0,75530.0
2021,16620,530000,6760.0,21590.0,23710.0,30440.0,45190.0,61950.0
2021,17140,000000,1023830.0,23150.0,29850.0,42600.0,62700.0,99240.0
2021,17140,110000,59900.0,48170.0,74020.0,101500.0,151730.0,
2021,17140,113021,2780.0,95420.0,115850.0,132450.0,166120.0,
2021,17140,130000,67720.0,38410.0,49350.0,64780.0,96690.0,124950.0
2021,17140,150000,32570.0,46860.0,60820.0,79850.0,102600.0,130160.0
2021,17140,151211,4590.0,60740.0,77500.0,99040.0,126040.0,131040.0
2021,17140,151212,840.0,60570.0,76130.0,98320.0,124560.0,133050.0
2021,17140,151221,40.0,83530.0,96090.0,124530.0,152940.0,173210.0
2021,17140,151231,1510.0,37450.0,47040.0,60210.0,77480.0,98350.0
2021,17140,151232,5230.0,32490.0,38050.0,48080.0,60990.0,77060.0
2021,17140,151241,950.0,64570.0,80630.0,103110.0,131690.0,166820.0
2021,17140,151242,460.0,49030.0,65820.0,98320.0,120300.0,131040.0
2021,17140,151243,280.0,77730.0,95820.0,104720.0,131690.0,162820.0
2021,17140,151244,3150.0,50330.0,62780.0,79780.0,101420.0,127030.0
2021,17140,151251,760.0,47260.0,61520.0,80150.0,102600.0,131340.0
2021,17140,151252,8780.0,61320.0,78640.0,100010.0,126840.0,133080.0
2021,17140,151253,1410.0,49000.0,62140.0,78800.0,99040.0,103650.0
2021,17140,151254,530.0,49080.0,61870.0,79040.0,79890.0,101740.0
2021,17140,151255,510.0,23510.0,30140.0,49080.0,78140.0,101820.0
2021,17140,151299,1070.0,45410.0,61090.0,85460.0,104730.0,128880.0
2021,17140,152031,890.0,57200.0,63280.0,80860.0,102010.0,129670.0
2021,17140,152041,290.0,39410.0,59620.0,75230.0,102410.0,121330.0
2021,17140,152051,1050.0,49080.0,75230.0,96080.0,104170.0,131040.0
2021,17140,170000,17880.0,47450.0,61480.0,79140.0,101240.0,128500.0
2021,17140,190000,7810.0,38360.0,48720.0,63590.0,91290.0,120640.0
2021,17140,210000,13800.0,30310.0,37300.0,47320.0,60910.0,77670.0
2021,17140,230000,5550.0,37080.0,48600.0,77980.0,129380.0,170650.0
2021,17140,250000,55100.0,23830.0,36910.0,59400.0,77480.0,99530.0
2021,17140,270000,11620.0,24180.0,35920.0,49110.0,69450.0,99870.0
2021,17140,290000,69520.0,37190.0,48440.0,62620.0,80700.0,129540.0
2021,17140,310000,35870.0,23260.0,26510.0,29920.0,37310.0,47060.0
2021,17140,330000,21350.0,23340.0,29270.0,40010.0,63380.0,81640.0
2021,17140,350000,89320.0,19920.0,21230.0,23430.0,29630.0,37760.0
2021,17140,370000,25990.0,22620.0,24660.0,29820.0,37270.0,47360.0
2021,17140,390000,20740.0,20020.0,22320.0,24580.0,31350.0,46860.0
2021,17140,410000,90350.0,22260.0,23270.0,30170.0,50870.0,92720.0
2021,17140,430000,137930.0,28700.0,30850.0,37880.0,48080.0,61390.0
2021,17140,450000,560.0,23380.0,29540.0,31160.0,38520.0,49480.0
2021,17140,470000,34120.0,31930.0,38810.0,49240.0,63250.0,79150.0
2021,17140,490000,39540.0,29840.0,37600.0,48290.0,61810.0,78050.0
2021,17140,510000,81020.0,28820.0,30700.0,38070.0,48620.0,61530.0
2021,17140,530000,105540.0,23680.0,29860.0,37120.0,47040.0,59650.0
2021,18020,000000,48160.0,23040.0,29730.0,40440.0,61750.0,98250.0
2021,18020,110000,2970.0,58400.0,76640.0,119440.0,151300.0,192520.0
2021,18020,113021,160.0,94370.0,120740.0,124900.0,152350.0,192520.0
2021,18020,130000,2640.0,37930.0,48710.0,76800.0,97640.0,124040.0
2021,18020,150000,1590.0,48870.0,76800.0,94360.0,99140.0,124950.0
2021,18020,151211,400.0,77910.0,77910.0,98650.0,98650.0,124550.0
2021,18020,151231,60.0,37680.0,38340.0,48870.0,63360.0,79650.0
2021,18020,151232,120.0,30380.0,36840.0,47370.0,59270.0,73990.0
2021,18020,151241,130.0,78420.0,99140.0,124950.0,124950.0,157380.0
2021,18020,151242,30.0,45790.0,61750.0,77910.0,98650.0,124550.0
2021,18020,151244,120.0,48870.0,60500.0,78470.0,98650.0,125420.0
2021,18020,151252,350.0,62200.0,77640.0,97820.0,99140.0,124950.0
2021,18020,151253,60.0,61750.0,76800.0,98650.0,124550.0,124550.0
2021,18020,152051,60.0,62620.0,77910.0,95300.0,124550.0,126580.0
2021,18020,190000,290.0,31580.0,37900.0,55960.0,76730.0,101120.0
2021,18020,210000,740.0,29010.0,36280.0,38930.0,48550.0,61400.0
2021,18020,230000,140.0,35530.0,37810.0,58700.0,104070.0,164120.0
2021,18020,250000,2000.0,22810.0,29330.0,46440.0,59670.0,71970.0
2021,18020,270000,450.0,23930.0,29550.0,46640.0,62340.0,78050.0
2021,18020,290000,2130.0,35720.0,46760.0,60130.0,79590.0,155810.0
2021,18020,310000,1420.0,22330.0,23480.0,29210.0,36450.0,38400.0
2021,18020,330000,690.0,22760.0,29360.0,40130.0,51410.0,61000.0
2021,18020,350000,3280.0,17250.0,19640.0,22930.0,28500.0,35000.0
2021,18020,370000,980.0,22490.0,23460.0,28610.0,35840.0,38580.0
2021,18020,390000,580.0,17160.0,21820.0,23620.0,35860.0,47130.0
2021,18020,410000,4110.0,18000.0,22770.0,28640.0,38530.0,77060.0
2021,18020,430000,5080.0,24660.0,29820.0,37710.0,47830.0,61270.0
2021,18020,470000,1460.0,36360.0,43430.0,57990.0,62820.0,77620.0
2021,18020,490000,1760.0,29760.0,37720.0,48040.0,60700.0,76900.0
2021,18020,510000,8190.0,29420.0,30600.0,37800.0,47740.0,59890.0
2021,18020,530000,4040.0,23450.0,29040.0,36900.0,46640.0,58660.0
2021,18140,000000,1022310.0,23190.0,29940.0,46770.0,63940.0,100010.0
2021,18140,110000,57400.0,47560.0,66140.0,100570.0,134960.0,206790.0
2021,18140,113021,3130.0,95040.0,106300.0,131130.0,164060.0,
2021,18140,130000,77790.0,39070.0,50120.0,69140.0,96980.0,123690.0
2021,18140,150000,43900.0,47430.0,62030.0,82550.0,106820.0,130680.0
2021,18140,151211,5740.0,61060.0,77750.0,98470.0,119990.0,129490.0
2021,18140,151212,1230.0,49170.0,77740.0,99400.0,127110.0,151400.0
2021,18140,151221,,79710.0,103050.0,132220.0,162770.0,172320.0
2021,18140,151231,2000.0,38430.0,47920.0,62650.0,99140.0,108990.0
2021,18140,151232,6710.0,31690.0,37970.0,48100.0,61250.0,77790.0
2021,18140,151241,1210.0,78090.0,80720.0,120240.0,131910.0,163640.0
2021,18140,151242,710.0,48190.0,63380.0,99330.0,107540.0,127460.0
2021,18140,151243,500.0,78110.0,78230.0,78230.0,127680.0,134170.0
2021,18140,151244,3080.0,49120.0,63840.0,80810.0,102920.0,130670.0
2021,18140,151251,640.0,50510.0,74550.0,81490.0,102090.0,124200.0
2021,18140,151252,13730.0,62910.0,79270.0,100600.0,127690.0,136830.0
2021,18140,151253,1610.0,49170.0,63040.0,84600.0,100690.0,126400.0
2021,18140,151254,480.0,38800.0,60440.0,78590.0,97470.0,102250.0
2021,18140,151255,1400.0,30280.0,59270.0,79440.0,79440.0,103690.0
2021,18140,151299,2430.0,50860.0,77750.0,99340.0,127110.0,130380.0
2021,18140,152031,1210.0,49080.0,62660.0,85740.0,101620.0,128700.0
2021,18140,152041,100.0,47570.0,48810.0,64100.0,94980.0,104900.0
2021,18140,152051,760.0,49300.0,74560.0,94980.0,102560.0,130710.0
2021,18140,170000,14200.0,47600.0,60880.0,77800.0,99340.0,127110.0
2021,18140,190000,7900.0,38940.0,50520.0,65090.0,96240.0,106360.0
2021,18140,210000,14410.0,30530.0,38270.0,48600.0,61860.0,78360.0
2021,18140,230000,7700.0,38210.0,49750.0,76920.0,125380.0,168810.0
2021,18140,250000,59610.0,24450.0,37210.0,61110.0,79780.0,100830.0
2021,18140,270000,12470.0,24440.0,36900.0,49700.0,77490.0,101130.0
2021,18140,290000,67320.0,37500.0,48690.0,62790.0,81500.0,129690.0
2021,18140,310000,45750.0,22910.0,23670.0,29560.0,36760.0,46960.0
2021,18140,330000,24300.0,23450.0,30070.0,47920.0,76080.0,97480.0
2021,18140,350000,79820.0,20010.0,21700.0,23520.0,29630.0,37810.0
2021,18140,370000,26670.0,22920.0,24790.0,29980.0,37700.0,47920.0
2021,18140,390000,17730.0,20780.0,22550.0,26690.0,36090.0,47850.0
2021,18140,410000,83190.0,22420.0,23170.0,29810.0,49400.0,81640.0
2021,18140,430000,143580.0,28990.0,31130.0,38060.0,48230.0,61400.0
2021,18140,450000,910.0,24120.0,29430.0,31320.0,39950.0,58770.0
2021,18140,470000,31520.0,32140.0,39110.0,50060.0,64250.0,79780.0
2021,18140,490000,36110.0,29990.0,37820.0,48400.0,61720.0,77800.0
2021,18140,510000,54270.0,28250.0,30270.0,37840.0,48340.0,60780.0
2021,18140,530000,115750.0,23580.0,29940.0,37810.0,47720.0,60950.0
2021,19430,000000,354980.0,22770.0,29470.0,45160.0,63780.0,99350.0
2021,19430,110000,18140.0,47120.0,63880.0,99040.0,130910.0,177950.0
2021,19430,113021,1020.0,80270.0,101130.0,127970.0,161630.0,
2021,19430,130000,24540.0,39520.0,54910.0,77030.0,99660.0,123120.0
2021,19430,150000,13970.0,46490.0,59830.0,78440.0,102090.0,128860.0
2021,19430,151211,1720.0,59840.0,75830.0,94980.0,106830.0,130730.0
2021,19430,151212,480.0,59480.0,77410.0,99040.0,127630.0,131340.0
2021,19430,151221,130.0,72570.0,99510.0,115960.0,134280.0,149840.0
2021,19430,151231,520.0,36900.0,46850.0,59460.0,77810.0,93810.0
2021,19430,151232,2260.0,29520.0,37100.0,46680.0,58910.0,74170.0
2021,19430,151241,290.0,62090.0,78740.0,101070.0,127240.0,151470.0
2021,19430,151242,200.0,47790.0,59430.0,94980.0,119990.0,128880.0
2021,19430,151243,,59830.0,78440.0,98750.0,128070.0,151480.0
2021,19430,151244,1110.0,50410.0,62510.0,78030.0,98260.0,125200.0
2021,19430,151251,340.0,47080.0,50850.0,63010.0,77500.0,100900.0
2021,19430,151252,3930.0,60900.0,77090.0,98350.0,123640.0,134120.0
2021,19430,151253,560.0,47370.0,59430.0,74980.0,95860.0,105080.0
2021,19430,151254,,42690.0,48430.0,74520.0,78820.0,99640.0
2021,19430,151255,140.0,36170.0,50500.0,77430.0,94100.0,117450.0
2021,19430,151299,1110.0,59900.0,79410.0,95580.0,107330.0,123870.0
2021,19430,152031,440.0,59270.0,77150.0,97050.0,120450.0,139510.0
2021,19430,152041,50.0,47590.0,59430.0,74980.0,98840.0,124880.0
2021,19430,152051,230.0,48330.0,61520.0,77620.0,98320.0,119990.0
2021,19430,170000,10170.0,47960.0,62100.0,90670.0,122920.0,148220.0
2021,19430,190000,3150.0,45720.0,60060.0,81910.0,107330.0,131810.0
2021,19430,210000,5750.0,30380.0,37910.0,48160.0,61280.0,77280.0
2021,19430,230000,2070.0,36920.0,46430.0,64250.0,100470.0,138810.0
2021,19430,250000,21770.0,24080.0,36960.0,60760.0,77290.0,98260.0
2021,19430,270000,4070.0,23940.0,30340.0,47820.0,62960.0,94640.0
2021,19430,290000,29140.0,36980.0,48050.0,62390.0,80420.0,129510.0
2021,19430,310000,15770.0,22860.0,24240.0,29530.0,36650.0,45850.0
2021,19430,330000,7240.0,23110.0,29540.0,48000.0,65460.0,78830.0
2021,19430,350000,30530.0,19710.0,21390.0,22640.0,29320.0,37120.0
2021,19430,370000,9850.0,22820.0,23890.0,29830.0,37380.0,47050.0
2021,19430,390000,4930.0,19600.0,22070.0,27990.0,35840.0,46900.0
2021,19430,410000,30210.0,22040.0,22930.0,29370.0,47800.0,78100.0
2021,19430,430000,42070.0,28210.0,30020.0,37510.0,47460.0,60180.0
2021,19430,450000,240.0,22290.0,23610.0,29940.0,38980.0,50910.0
2021,19430,470000,9680.0,30320.0,38150.0,48720.0,62010.0,77740.0
2021,19430,490000,12090.0,29590.0,37250.0,47590.0,60770.0,76600.0
2021,19430,510000,29570.0,28610.0,30070.0,37630.0,47620.0,60300.0
2021,19430,530000,30020.0,22290.0,28350.0,35460.0,46310.0,60280.0
2021,21060,000000,51600.0,21920.0,27920.0,37340.0,57850.0,78190.0
2021,21060,110000,2690.0,36910.0,54280.0,78660.0,107490.0,150340.0
2021,21060,113021,60.0,60740.0,88410.0,113060.0,131350.0,159190.0
2021,21060,130000,3340.0,43570.0,55920.0,68950.0,85220.0,102150.0
2021,21060,150000,1340.0,37880.0,56160.0,77430.0,98130.0,115800.0
2021,21060,151211,70.0,46440.0,56160.0,63490.0,93410.0,121200.0
2021,21060,151212,50.0,23420.0,29380.0,37040.0,74980.0,98240.0
2021,21060,151231,60.0,36210.0,47040.0,60110.0,75190.0,78180.0
2021,21060,151232,230.0,30710.0,36900.0,47040.0,53680.0,61200.0
2021,21060,151241,30.0,49850.0,61420.0,94090.0,122960.0,
2021,21060,151244,70.0,31090.0,47940.0,60150.0,79090.0,98030.0
2021,21060,151252,100.0,58580.0,73360.0,94730.0,125300.0,132170.0
2021,21060,151253,30.0,43870.0,56560.0,74690.0,95700.0,112050.0
2021,21060,151299,550.0,67970.0,77480.0,92980.0,104420.0,113630.0
2021,21060,152031,50.0,38250.0,58210.0,101340.0,113630.0,119770.0
2021,21060,170000,640.0,38490.0,47040.0,60680.0,77690.0,99040.0
2021,21060,190000,350.0,36750.0,48530.0,64280.0,78580.0,98740.0
2021,21060,210000,860.0,28440.0,31140.0,39110.0,54870.0,76490.0
2021,21060,230000,240.0,35280.0,43740.0,58330.0,93850.0,123760.0
2021,21060,250000,2960.0,22900.0,36280.0,48650.0,61640.0,76010.0
2021,21060,270000,390.0,23560.0,28120.0,38920.0,61700.0,78870.0
2021,21060,290000,3120.0,29110.0,38480.0,59930.0,77290.0,125250.0
2021,21060,310000,1960.0,22720.0,23370.0,28930.0,35500.0,45160.0
2021,21060,330000,830.0,27250.0,31550.0,40190.0,51930.0,68310.0
2021,21060,350000,4760.0,17380.0,17780.0,22000.0,25960.0,30540.0
2021,21060,370000,1320.0,18900.0,23080.0,28830.0,30210.0,37630.0
2021,21060,390000,920.0,17440.0,21680.0,23320.0,29230.0,36940.0
2021,21060,410000,5100.0,17670.0,22250.0,27550.0,37300.0,59950.0
2021,21060,430000,6880.0,23380.0,29010.0,36340.0,45750.0,56840.0
2021,21060,450000,50.0,18250.0,22310.0,26670.0,34830.0,43050.0
2021,21060,470000,1650.0,28980.0,35430.0,45200.0,58680.0,75390.0
2021,21060,490000,2440.0,28350.0,35620.0,46790.0,59280.0,75150.0
2021,21060,510000,5530.0,26830.0,31010.0,37740.0,47330.0,58650.0
2021,21060,530000,4230.0,22290.0,27200.0,33340.0,39800.0,48800.0
2021,21780,000000,147220.0,22150.0,28360.0,37130.0,58790.0,77630.0
2021,21780,110000,7410.0,43990.0,59410.0,86750.0,123460.0,163040.0
2021,21780,113021,180.0,75410.0,95680.0,121190.0,152850.0,186830.0
2021,21780,130000,6170.0,36410.0,46590.0,60400.0,77600.0,101760.0
2021,21780,150000,2240.0,36810.0,47370.0,62520.0,93630.0,120200.0
2021,21780,151211,300.0,58530.0,72250.0,80290.0,102600.0,122040.0
2021,21780,151212,40.0,56580.0,59430.0,75450.0,94980.0,120830.0
2021,21780,151231,190.0,38170.0,47170.0,57910.0,76590.0,79780.0
2021,21780,151232,470.0,29460.0,36810.0,45110.0,56350.0,73840.0
2021,21780,151241,160.0,47510.0,59830.0,75410.0,103110.0,123360.0
2021,21780,151242,50.0,45770.0,56890.0,72330.0,95530.0,122040.0
2021,21780,151244,240.0,45790.0,58560.0,71820.0,91400.0,116530.0
2021,21780,151251,100.0,47080.0,60680.0,77770.0,130930.0,130930.0
2021,21780,151252,290.0,47510.0,61520.0,77940.0,97380.0,122750.0
2021,21780,151253,50.0,45770.0,58460.0,72260.0,102090.0,131340.0
2021,21780,151254,60.0,34730.0,45000.0,61320.0,74530.0,94520.0
2021,21780,151255,60.0,29290.0,30300.0,45880.0,61560.0,89550.0
2021,21780,151299,60.0,38140.0,44170.0,74550.0,99110.0,119860.0
2021,21780,152051,130.0,37680.0,47370.0,58530.0,77500.0,95360.0
2021,21780,170000,2270.0,45930.0,58170.0,75250.0,97090.0,121540.0
2021,21780,190000,970.0,29850.0,39100.0,59240.0,77610.0,98130.0
2021,21780,210000,2100.0,28230.0,30640.0,38850.0,49110.0,62950.0
2021,21780,230000,740.0,33820.0,43870.0,59910.0,101520.0,158700.0
2021,21780,250000,6870.0,23430.0,29490.0,47310.0,60040.0,76010.0
2021,21780,270000,1590.0,18980.0,28280.0,37010.0,49640.0,75400.0
2021,21780,290000,11680.0,29640.0,46690.0,59850.0,77630.0,125070.0
2021,21780,310000,6090.0,22700.0,24460.0,29340.0,35800.0,37710.0
2021,21780,330000,2520.0,23840.0,29870.0,39840.0,63290.0,78330.0
2021,21780,350000,12880.0,17120.0,18230.0,22480.0,27900.0,33000.0
2021,21780,370000,3900.0,19100.0,22610.0,27640.0,33130.0,45040.0
2021,21780,390000,2730.0,17120.0,18910.0,23890.0,30180.0,45020.0
2021,21780,410000,13600.0,17960.0,22420.0,28420.0,45090.0,74450.0
2021,21780,430000,17930.0,23620.0,29160.0,36190.0,45770.0,58590.0
2021,21780,450000,190.0,23200.0,28350.0,29390.0,40500.0,49270.0
2021,21780,470000,7020.0,29740.0,37840.0,48390.0,65360.0,77030.0
2021,21780,490000,7730.0,29010.0,36900.0,46900.0,59730.0,75900.0
2021,21780,510000,14720.0,28060.0,29750.0,36980.0,47700.0,60910.0
2021,21780,530000,15900.0,22220.0,28290.0,30110.0,38530.0,49140.0
2021,23060,000000,208830.0,22840.0,29100.0,38050.0,60040.0,79260.0
2021,23060,110000,10060.0,47100.0,62050.0,95070.0,126540.0,167920.0
2021,23060,113021,420.0,78150.0,99070.0,121450.0,156740.0,190460.0
2021,23060,130000,10120.0,37040.0,47200.0,60550.0,78000.0,100390.0
2021,23060,150000,4070.0,44910.0,49220.0,74520.0,98030.0,124480.0
2021,23060,151211,540.0,49080.0,60680.0,77500.0,99040.0,124200.0
2021,23060,151212,70.0,48740.0,60730.0,77500.0,99040.0,124230.0
2021,23060,151231,310.0,43830.0,48970.0,61210.0,79440.0,98190.0
2021,23060,151232,720.0,30430.0,37890.0,47430.0,60090.0,73970.0
2021,23060,151241,230.0,49420.0,63250.0,80320.0,102570.0,124480.0
2021,23060,151242,70.0,38860.0,59430.0,62820.0,79170.0,102090.0
2021,23060,151243,50.0,59830.0,75410.0,96490.0,101140.0,124480.0
2021,23060,151244,370.0,47080.0,59430.0,70190.0,79780.0,119140.0
2021,23060,151251,160.0,47370.0,54660.0,79860.0,98320.0,124200.0
2021,23060,151252,840.0,61080.0,76360.0,97660.0,124480.0,152200.0
2021,23060,151253,100.0,47270.0,59430.0,74410.0,94280.0,102600.0
2021,23060,151254,90.0,36500.0,48690.0,61560.0,77150.0,97470.0
2021,23060,151255,100.0,38410.0,48690.0,62230.0,79780.0,101620.0
2021,23060,151299,120.0,29070.0,37040.0,59600.0,85530.0,122540.0
2021,23060,152031,120.0,47010.0,58840.0,62240.0,94100.0,101080.0
2021,23060,152051,130.0,38530.0,48790.0,60680.0,79880.0,101880.0
2021,23060,170000,3810.0,46710.0,59110.0,76650.0,97560.0,125580.0
2021,23060,190000,1040.0,37240.0,47180.0,60550.0,77500.0,99040.0
2021,23060,210000,3190.0,29170.0,36750.0,46270.0,59380.0,76020.0
2021,23060,230000,1150.0,36460.0,47310.0,74940.0,126040.0,162820.0
2021,23060,250000,10120.0,23040.0,29490.0,46500.0,60040.0,76200.0
2021,23060,270000,2650.0,24410.0,30260.0,38860.0,50040.0,74960.0
2021,23060,290000,15840.0,36380.0,47180.0,60550.0,94350.0,162820.0
2021,23060,310000,8850.0,22660.0,24020.0,29160.0,36360.0,38570.0
2021,23060,330000,3150.0,23010.0,31820.0,50700.0,63970.0,71490.0
2021,23060,350000,17770.0,17480.0,18840.0,23330.0,28800.0,36230.0
2021,23060,370000,5730.0,21930.0,23190.0,28350.0,35840.0,39630.0
2021,23060,390000,3470.0,17420.0,21930.0,24110.0,30930.0,46270.0
2021,23060,410000,19460.0,18690.0,22970.0,29480.0,48120.0,78600.0
2021,23060,430000,25040.0,27810.0,29810.0,36900.0,46680.0,59120.0
2021,23060,450000,210.0,22810.0,28350.0,30010.0,37140.0,46830.0
2021,23060,470000,8530.0,30160.0,37840.0,48360.0,62650.0,77520.0
2021,23060,490000,9140.0,29280.0,36820.0,47170.0,60110.0,76050.0
2021,23060,510000,24590.0,28850.0,30900.0,38000.0,54360.0,74770.0
2021,23060,530000,20850.0,23030.0,28690.0,36260.0,46720.0,57480.0
2021,26580,000000,123960.0,21490.0,24350.0,36750.0,55010.0,77890.0
2021,26580,110000,6180.0,37370.0,51360.0,76920.0,102370.0,150280.0
2021,26580,113021,100.0,76260.0,91750.0,101700.0,130370.0,162930.0
2021,26580,130000,4190.0,32660.0,45210.0,59950.0,78160.0,100060.0
2021,26580,150000,1130.0,33480.0,44150.0,61090.0,77940.0,99540.0
2021,26580,151211,60.0,55700.0,75010.0,88720.0,101700.0,117820.0
2021,26580,151231,80.0,38130.0,45570.0,57830.0,76880.0,80450.0
2021,26580,151232,300.0,28750.0,36450.0,44150.0,56040.0,76240.0
2021,26580,151242,40.0,38340.0,48490.0,61120.0,74800.0,78440.0
2021,26580,151244,150.0,41480.0,54940.0,62400.0,77620.0,92120.0
2021,26580,151252,130.0,48540.0,60460.0,77580.0,102220.0,127240.0
2021,26580,151299,120.0,30490.0,48690.0,72360.0,90400.0,113630.0
2021,26580,152031,80.0,30490.0,37850.0,61320.0,77150.0,96980.0
2021,26580,170000,1500.0,40830.0,52080.0,71110.0,93880.0,116850.0
2021,26580,190000,900.0,34510.0,43680.0,58120.0,78810.0,101340.0
2021,26580,210000,2940.0,27300.0,30560.0,36890.0,47730.0,62340.0
2021,26580,230000,700.0,30320.0,44370.0,59750.0,98980.0,135130.0
2021,26580,250000,8320.0,23020.0,30490.0,47910.0,60900.0,77100.0
2021,26580,270000,820.0,23300.0,28610.0,36280.0,48410.0,71240.0
2021,26580,290000,12650.0,29470.0,45140.0,60560.0,79360.0,121730.0
2021,26580,310000,7580.0,21350.0,22550.0,23940.0,30100.0,37720.0
2021,26580,330000,2360.0,21600.0,27270.0,37100.0,48180.0,62260.0
2021,26580,350000,12140.0,18200.0,20330.0,22070.0,26620.0,30780.0
2021,26580,370000,3240.0,21560.0,22700.0,27410.0,30750.0,38370.0
2021,26580,390000,1850.0,18360.0,21060.0,24540.0,30640.0,45220.0
2021,26580,410000,12270.0,18610.0,21860.0,24130.0,36580.0,57820.0
2021,26580,430000,16160.0,22700.0,28570.0,34960.0,41900.0,49170.0
2021,26580,450000,60.0,18300.0,19050.0,27970.0,37350.0,49100.0
2021,26580,470000,5710.0,28970.0,34790.0,46640.0,60260.0,78500.0
2021,26580,490000,5560.0,24390.0,30720.0,46430.0,60160.0,77170.0
2021,26580,510000,7870.0,23440.0,29880.0,37660.0,48350.0,62460.0
2021,26580,530000,9810.0,22090.0,24720.0,30830.0,45820.0,58510.0
2021,26900,000000,1008040.0,23530.0,29900.0,39550.0,62020.0,97870.0
2021,26900,110000,58330.0,47310.0,62620.0,98500.0,131360.0,195830.0
2021,26900,113021,2690.0,80630.0,101860.0,128670.0,162600.0,174990.0
2021,26900,130000,60330.0,38220.0,49050.0,63750.0,85950.0,121510.0
2021,26900,150000,30950.0,47260.0,60680.0,79780.0,102190.0,131040.0
2021,26900,151211,4820.0,61710.0,77500.0,83040.0,103350.0,131040.0
2021,26900,151212,990.0,49040.0,62960.0,80970.0,102410.0,128920.0
2021,26900,151231,1510.0,39680.0,49180.0,61820.0,78710.0,99310.0
2021,26900,151232,5120.0,31980.0,38060.0,48130.0,61200.0,78340.0
2021,26900,151241,1730.0,57450.0,80470.0,103010.0,130850.0,136080.0
2021,26900,151242,580.0,47580.0,61100.0,80050.0,102390.0,131040.0
2021,26900,151243,320.0,63370.0,80710.0,101460.0,127320.0,136830.0
2021,26900,151244,2540.0,48660.0,61940.0,79200.0,100680.0,130100.0
2021,26900,151251,730.0,48200.0,63680.0,78870.0,104820.0,
2021,26900,151252,6780.0,62090.0,78390.0,99510.0,120780.0,131690.0
2021,26900,151253,750.0,48190.0,62880.0,78510.0,98780.0,126780.0
2021,26900,151254,650.0,37250.0,49080.0,62770.0,98030.0,106340.0
2021,26900,151255,470.0,31460.0,47470.0,60550.0,78320.0,98450.0
2021,26900,151299,2190.0,48810.0,71110.0,91150.0,108390.0,133160.0
2021,26900,152031,550.0,48570.0,49720.0,62660.0,79890.0,101730.0
2021,26900,152041,130.0,60680.0,61950.0,88550.0,125090.0,137220.0
2021,26900,152051,880.0,38530.0,49080.0,79370.0,102000.0,128880.0
2021,26900,170000,13670.0,47470.0,60980.0,78130.0,100290.0,126780.0
2021,26900,190000,8520.0,37830.0,48050.0,61190.0,78990.0,104940.0
2021,26900,210000,14980.0,30720.0,38210.0,47480.0,61140.0,77340.0
2021,26900,230000,8080.0,36820.0,47870.0,74040.0,127240.0,207950.0
2021,26900,250000,45210.0,23730.0,36330.0,48170.0,64080.0,96270.0
2021,26900,270000,11910.0,24480.0,30770.0,47040.0,63020.0,92440.0
2021,26900,290000,71410.0,36990.0,48400.0,62870.0,98030.0,164620.0
2021,26900,310000,37250.0,23210.0,28350.0,29970.0,37670.0,47250.0
2021,26900,330000,21620.0,24310.0,30570.0,42500.0,63830.0,80820.0
2021,26900,350000,82360.0,18140.0,21150.0,24270.0,29910.0,38030.0
2021,26900,370000,26870.0,23190.0,24220.0,29570.0,37030.0,45850.0
2021,26900,390000,15930.0,17840.0,22100.0,24650.0,34030.0,48520.0
2021,26900,410000,91850.0,22170.0,23870.0,30240.0,50450.0,84830.0
2021,26900,430000,131510.0,28690.0,30130.0,37720.0,47720.0,61180.0
2021,26900,450000,520.0,23310.0,28830.0,30780.0,40610.0,50370.0
2021,26900,470000,41770.0,31350.0,38370.0,48940.0,71050.0,79780.0
2021,26900,490000,41440.0,29830.0,37550.0,48060.0,61440.0,78530.0
2021,26900,510000,62630.0,28840.0,30280.0,38010.0,48430.0,61810.0
2021,26900,530000,130870.0,24190.0,29940.0,37730.0,47480.0,60590.0
2021,29020,000000,36030.0,22730.0,29090.0,39290.0,60020.0,77240.0
2021,29020,110000,1440.0,38340.0,58830.0,78860.0,119410.0,159480.0
2021,29020,130000,1110.0,34500.0,46390.0,61480.0,81890.0,119570.0
2021,29020,150000,420.0,38190.0,48120.0,77750.0,100640.0,129020.0
2021,29020,151211,60.0,62460.0,75930.0,98710.0,102750.0,128330.0
2021,29020,151232,90.0,29200.0,36630.0,46580.0,48120.0,60640.0
2021,29020,151244,40.0,42270.0,49040.0,77940.0,93070.0,99730.0
2021,29020,151252,70.0,60990.0,78040.0,99930.0,131100.0,207620.0
2021,29020,170000,520.0,48720.0,78060.0,99640.0,100290.0,128360.0
2021,29020,190000,170.0,35770.0,39000.0,49900.0,77740.0,103980.0
2021,29020,210000,680.0,29400.0,34240.0,38670.0,48690.0,61350.0
2021,29020,230000,170.0,31140.0,39270.0,47600.0,63560.0,155260.0
2021,29020,250000,2080.0,23090.0,30130.0,47580.0,61380.0,77630.0
2021,29020,270000,210.0,22410.0,29220.0,31580.0,47270.0,60310.0
2021,29020,290000,2030.0,31030.0,46690.0,60800.0,77100.0,119710.0
2021,29020,310000,1400.0,22920.0,23840.0,29150.0,36770.0,45770.0
2021,29020,330000,440.0,27770.0,38980.0,46600.0,55730.0,62030.0
2021,29020,350000,3930.0,17550.0,20150.0,23440.0,28950.0,36300.0
2021,29020,370000,830.0,21970.0,23570.0,28480.0,36100.0,39040.0
2021,29020,390000,580.0,17940.0,21330.0,27870.0,31240.0,45430.0
2021,29020,410000,3460.0,18120.0,22730.0,28780.0,37540.0,60790.0
2021,29020,430000,3110.0,23640.0,29440.0,37080.0,46120.0,59110.0
2021,29020,470000,1570.0,35760.0,47710.0,77240.0,77240.0,78600.0
2021,29020,490000,1820.0,29790.0,38410.0,59950.0,77240.0,77740.0
2021,29020,510000,7360.0,,,,,
2021,29020,530000,2710.0,22720.0,24720.0,30180.0,43750.0,58050.0
2021,29200,000000,91090.0,22960.0,29540.0,38990.0,60930.0,82760.0
2021,29200,110000,4710.0,47040.0,62410.0,94690.0,126310.0,168450.0
2021,29200,113021,220.0,77900.0,77900.0,99140.0,126330.0,151730.0
2021,29200,130000,3180.0,37560.0,48140.0,62320.0,79040.0,101320.0
2021,29200,150000,1840.0,46200.0,50280.0,74980.0,95360.0,119990.0
2021,29200,151211,300.0,49400.0,62970.0,80050.0,101810.0,119990.0
2021,29200,151231,150.0,46680.0,48810.0,62230.0,79120.0,93810.0
2021,29200,151232,320.0,30790.0,38250.0,48810.0,58800.0,62400.0
2021,29200,151241,80.0,48850.0,62050.0,98750.0,102390.0,129140.0
2021,29200,151244,170.0,51370.0,62970.0,77030.0,80050.0,101810.0
2021,29200,151251,100.0,59430.0,62310.0,77620.0,80050.0,101810.0
2021,29200,151252,260.0,62970.0,76970.0,95360.0,120240.0,128570.0
2021,29200,151253,30.0,46470.0,74980.0,77620.0,97870.0,121610.0
2021,29200,151254,40.0,33250.0,33250.0,62400.0,79540.0,80110.0
2021,29200,151255,60.0,30210.0,47270.0,60550.0,62400.0,62400.0
2021,29200,152031,60.0,61520.0,77150.0,101440.0,129240.0,149140.0
2021,29200,152051,150.0,49400.0,61400.0,63660.0,80050.0,101810.0
2021,29200,170000,1780.0,48020.0,60940.0,77500.0,99110.0,122650.0
2021,29200,190000,1130.0,37830.0,48050.0,61400.0,79260.0,101180.0
2021,29200,210000,1730.0,29970.0,38210.0,48560.0,60110.0,63720.0
2021,29200,230000,360.0,36720.0,47370.0,61090.0,104730.0,155260.0
2021,29200,250000,7560.0,29670.0,46090.0,60750.0,82330.0,134760.0
2021,29200,270000,1070.0,22590.0,30830.0,49430.0,64150.0,82800.0
2021,29200,290000,5820.0,36360.0,46810.0,60550.0,79060.0,128460.0
2021,29200,310000,3510.0,22550.0,24460.0,30170.0,36360.0,38270.0
2021,29200,330000,1430.0,22310.0,28380.0,47310.0,60500.0,73990.0
2021,29200,350000,8890.0,17720.0,19070.0,23440.0,29360.0,36990.0
2021,29200,370000,2910.0,22890.0,24230.0,28800.0,35840.0,38780.0
2021,29200,390000,1620.0,18050.0,22230.0,28100.0,37190.0,48100.0
2021,29200,410000,7280.0,18660.0,23060.0,28920.0,38150.0,63240.0
2021,29200,430000,8210.0,23930.0,29810.0,37440.0,47480.0,59840.0
2021,29200,450000,170.0,23940.0,30190.0,35840.0,45190.0,52420.0
2021,29200,470000,3030.0,31190.0,38270.0,48610.0,62210.0,78320.0
2021,29200,490000,3740.0,29830.0,37870.0,48110.0,61450.0,77520.0
2021,29200,510000,13210.0,29950.0,35840.0,39690.0,59580.0,61270.0
2021,29200,530000,7910.0,23740.0,29330.0,37840.0,48900.0,61870.0
2021,30460,000000,257170.0,22770.0,29240.0,38370.0,60130.0,80660.0
2021,30460,110000,14620.0,42730.0,60010.0,85720.0,125770.0,167470.0
2021,30460,113021,440.0,77680.0,95040.0,119620.0,151510.0,166240.0
2021,30460,130000,11330.0,38040.0,48400.0,62250.0,80400.0,103010.0
2021,30460,150000,5420.0,38410.0,48690.0,62690.0,94010.0,123120.0
2021,30460,151211,470.0,48770.0,61710.0,78950.0,101050.0,128600.0
2021,30460,151212,130.0,48770.0,61710.0,78830.0,100690.0,128170.0
2021,30460,151221,80.0,49030.0,62520.0,62520.0,101170.0,145880.0
2021,30460,151231,490.0,38170.0,48690.0,62240.0,77890.0,83140.0
2021,30460,151232,1040.0,36340.0,38070.0,47830.0,59280.0,68970.0
2021,30460,151241,190.0,52900.0,62760.0,78660.0,101980.0,129510.0
2021,30460,151242,100.0,48540.0,60930.0,76820.0,83620.0,102090.0
2021,30460,151243,50.0,47750.0,76600.0,98260.0,127240.0,127360.0
2021,30460,151244,410.0,46950.0,59450.0,74920.0,79570.0,100930.0
2021,30460,151251,230.0,48190.0,59430.0,67360.0,82230.0,101170.0
2021,30460,151252,930.0,62120.0,78090.0,99420.0,124310.0,138500.0
2021,30460,151253,240.0,48660.0,61520.0,61760.0,78840.0,99210.0
2021,30460,151254,90.0,38420.0,53310.0,61750.0,77150.0,96730.0
2021,30460,151255,60.0,37240.0,47090.0,55740.0,62690.0,79440.0
2021,30460,151299,250.0,38170.0,48690.0,74550.0,100730.0,126780.0
2021,30460,152031,390.0,38170.0,47470.0,48690.0,62240.0,79330.0
2021,30460,152041,50.0,48190.0,61710.0,62520.0,78800.0,102090.0
2021,30460,152051,240.0,49030.0,61520.0,73580.0,88650.0,99050.0
2021,30460,170000,5090.0,40660.0,58460.0,76630.0,97090.0,122650.0
2021,30460,190000,3210.0,36680.0,47650.0,60830.0,65890.0,95200.0
2021,30460,210000,4140.0,29150.0,36730.0,47680.0,61760.0,77920.0
2021,30460,230000,1870.0,37220.0,47750.0,76600.0,114930.0,162820.0
2021,30460,250000,12080.0,23980.0,37370.0,50130.0,63670.0,80660.0
2021,30460,270000,3070.0,26260.0,32810.0,47040.0,62000.0,80540.0
2021,30460,290000,21370.0,35600.0,47210.0,61290.0,78480.0,128020.0
2021,30460,310000,9860.0,23370.0,28450.0,30260.0,37310.0,45970.0
2021,30460,330000,6110.0,22740.0,25360.0,34830.0,47580.0,61060.0
2021,30460,350000,22560.0,17900.0,18840.0,23080.0,29080.0,36990.0
2021,30460,370000,6880.0,20850.0,23580.0,29600.0,33950.0,39030.0
2021,30460,390000,6800.0,17980.0,22350.0,27580.0,31470.0,45190.0
2021,30460,410000,22390.0,18860.0,23130.0,29280.0,46450.0,76330.0
2021,30460,430000,34040.0,23900.0,29820.0,37230.0,47090.0,60040.0
2021,30460,450000,1490.0,23030.0,28920.0,29380.0,37380.0,48430.0
2021,30460,470000,8570.0,29600.0,36990.0,46960.0,60310.0,76600.0
2021,30460,490000,10830.0,29360.0,37120.0,48000.0,61890.0,77120.0
2021,30460,510000,20790.0,28100.0,31670.0,44740.0,58180.0,62280.0
2021,30460,530000,24680.0,23560.0,28820.0,35840.0,45390.0,55340.0
2021,30620,000000,48630.0,22170.0,28280.0,37700.0,59740.0,79780.0
2021,30620,110000,2170.0,44860.0,59460.0,92230.0,123270.0,166140.0
2021,30620,113021,50.0,92400.0,100100.0,123630.0,156470.0,200000.0
2021,30620,130000,1780.0,35920.0,46530.0,60740.0,80700.0,102660.0
2021,30620,150000,660.0,35280.0,46090.0,70820.0,95830.0,123140.0
2021,30620,151211,70.0,56880.0,58570.0,74710.0,97480.0,120970.0
2021,30620,151231,60.0,29460.0,37480.0,48690.0,74540.0,97540.0
2021,30620,151232,170.0,27160.0,34570.0,44140.0,58010.0,73750.0
2021,30620,151244,110.0,45900.0,61520.0,77620.0,99640.0,124200.0
2021,30620,151252,100.0,58950.0,70820.0,95830.0,123140.0,152690.0
2021,30620,170000,670.0,47310.0,60590.0,79140.0,100540.0,126540.0
2021,30620,190000,320.0,36180.0,44840.0,59270.0,87820.0,103900.0
2021,30620,210000,760.0,29030.0,35190.0,45990.0,60250.0,76410.0
2021,30620,230000,140.0,36300.0,38990.0,63480.0,80850.0,133630.0
2021,30620,250000,2780.0,23430.0,34690.0,58200.0,74540.0,93470.0
2021,30620,270000,440.0,21950.0,28260.0,38370.0,58980.0,100000.0
2021,30620,290000,4630.0,36500.0,46720.0,60550.0,77250.0,128750.0
2021,30620,310000,2280.0,22290.0,27000.0,28880.0,35870.0,47040.0
2021,30620,330000,1020.0,24820.0,37430.0,47920.0,58870.0,62010.0
2021,30620,350000,4190.0,18410.0,20450.0,22290.0,28090.0,34190.0
2021,30620,370000,1410.0,22200.0,23580.0,28350.0,34770.0,45170.0
2021,30620,390000,680.0,18700.0,21160.0,23370.0,30330.0,44180.0
2021,30620,410000,4290.0,19450.0,22180.0,28010.0,38800.0,61880.0
2021,30620,430000,5700.0,23930.0,29160.0,35930.0,45530.0,59120.0
2021,30620,470000,1550.0,30160.0,37500.0,48030.0,71150.0,79780.0
2021,30620,490000,2160.0,28840.0,36790.0,46970.0,59970.0,78290.0
2021,30620,510000,5950.0,24330.0,30070.0,38010.0,59130.0,62760.0
2021,30620,530000,5010.0,22450.0,27680.0,34740.0,45560.0,51460.0
2021,31140,000000,625180.0,23230.0,29600.0,38740.0,61120.0,86420.0
2021,31140,110000,35480.0,46820.0,61010.0,96680.0,130000.0,191790.0
2021,31140,113021,1200.0,78430.0,99480.0,127140.0,160320.0,184060.0
2021,31140,130000,30830.0,38250.0,48940.0,62970.0,81690.0,104380.0
2021,31140,150000,15310.0,43500.0,58160.0,76170.0,100020.0,126050.0
2021,31140,151211,1780.0,48770.0,62340.0,80290.0,104910.0,130800.0
2021,31140,151212,400.0,59950.0,71860.0,80340.0,102600.0,130730.0
2021,31140,151221,40.0,63320.0,79870.0,131910.0,166190.0,168880.0
2021,31140,151231,1150.0,38150.0,48590.0,61320.0,79440.0,101250.0
2021,31140,151232,2610.0,36450.0,37890.0,47870.0,60470.0,76130.0
2021,31140,151241,450.0,59520.0,77600.0,100820.0,130310.0,156770.0
2021,31140,151242,310.0,48790.0,62000.0,62650.0,98350.0,124200.0
2021,31140,151243,240.0,78110.0,100440.0,102690.0,119810.0,130610.0
2021,31140,151244,1400.0,49960.0,61660.0,76170.0,99640.0,102860.0
2021,31140,151251,680.0,59580.0,77700.0,87160.0,100350.0,144950.0
2021,31140,151252,2540.0,61980.0,78110.0,99790.0,121960.0,131180.0
2021,31140,151253,660.0,50970.0,62170.0,79780.0,99040.0,119990.0
2021,31140,151254,290.0,43110.0,54280.0,62670.0,79440.0,101090.0
2021,31140,151255,170.0,37170.0,47090.0,60990.0,77030.0,97470.0
2021,31140,151299,1010.0,47370.0,48920.0,62000.0,90400.0,138900.0
2021,31140,152031,430.0,38410.0,48910.0,61810.0,62660.0,98030.0
2021,31140,152041,100.0,62510.0,79850.0,95200.0,100730.0,119770.0
2021,31140,152051,,59260.0,74530.0,75680.0,95270.0,100380.0
2021,31140,170000,9910.0,40960.0,59300.0,76680.0,99040.0,122650.0
2021,31140,190000,3080.0,35850.0,46640.0,61600.0,79730.0,102930.0
2021,31140,210000,9540.0,30460.0,37090.0,48040.0,62210.0,77510.0
2021,31140,230000,4130.0,37370.0,47510.0,70850.0,119550.0,164720.0
2021,31140,250000,24720.0,28050.0,37410.0,48770.0,61220.0,76700.0
2021,31140,270000,6510.0,27900.0,35840.0,47830.0,62560.0,88790.0
2021,31140,290000,43940.0,36510.0,47850.0,62590.0,79780.0,130630.0
2021,31140,310000,23250.0,23380.0,28490.0,30820.0,37160.0,45920.0
2021,31140,330000,11260.0,23360.0,28820.0,35820.0,48880.0,63760.0
2021,31140,350000,48700.0,17820.0,20760.0,23500.0,29160.0,36210.0
2021,31140,370000,15920.0,20060.0,23420.0,29000.0,34540.0,42740.0
2021,31140,390000,12500.0,18020.0,22490.0,27120.0,32640.0,46150.0
2021,31140,410000,57770.0,20150.0,23270.0,29870.0,48980.0,79840.0
2021,31140,430000,81550.0,27170.0,30070.0,37680.0,47590.0,61380.0
2021,31140,450000,550.0,22680.0,26950.0,31430.0,38980.0,50340.0
2021,31140,470000,22130.0,30530.0,37500.0,47750.0,61240.0,77030.0
2021,31140,490000,27030.0,29680.0,37350.0,47930.0,61420.0,78250.0
2021,31140,510000,59140.0,28820.0,30890.0,37820.0,48600.0,59950.0
2021,31140,530000,81920.0,24720.0,29440.0,36550.0,48000.0,62140.0
2021,31900,000000,47630.0,21770.0,27570.0,36760.0,55370.0,75060.0
2021,31900,110000,1960.0,37810.0,57860.0,78070.0,116900.0,158780.0
2021,31900,113021,30.0,62620.0,78510.0,117840.0,150950.0,203600.0
2021,31900,130000,1580.0,35360.0,45470.0,59310.0,77300.0,100400.0
2021,31900,150000,400.0,36770.0,46700.0,62660.0,78110.0,99590.0
2021,31900,151232,110.0,28900.0,36800.0,44810.0,57390.0,76760.0
2021,31900,151244,70.0,48610.0,60320.0,68810.0,78040.0,101620.0
2021,31900,151252,70.0,56060.0,70430.0,78110.0,98750.0,124480.0
2021,31900,170000,650.0,36830.0,47330.0,69040.0,92460.0,99750.0
2021,31900,190000,140.0,37240.0,46370.0,64280.0,82640.0,114190.0
2021,31900,210000,960.0,27940.0,35120.0,45020.0,59360.0,74130.0
2021,31900,230000,190.0,28590.0,36280.0,55990.0,80850.0,133160.0
2021,31900,250000,3170.0,24280.0,34940.0,57580.0,73770.0,92270.0
2021,31900,270000,340.0,21850.0,27610.0,35530.0,46720.0,64950.0
2021,31900,290000,3290.0,34540.0,44700.0,58880.0,74470.0,122860.0
2021,31900,310000,1580.0,21970.0,23210.0,28320.0,34140.0,42410.0
2021,31900,330000,1600.0,28970.0,44160.0,47440.0,57290.0,69470.0
2021,31900,350000,4500.0,18300.0,20160.0,22090.0,27680.0,33900.0
2021,31900,370000,1220.0,21390.0,22600.0,28090.0,35100.0,44310.0
2021,31900,390000,780.0,18410.0,20580.0,24800.0,30480.0,43460.0
2021,31900,410000,4750.0,19300.0,21850.0,27420.0,37660.0,60680.0
2021,31900,430000,5910.0,23210.0,28110.0,34770.0,44380.0,55590.0
2021,31900,450000,50.0,21800.0,26890.0,28130.0,37080.0,57280.0
2021,31900,470000,1600.0,29980.0,37320.0,47200.0,59370.0,73080.0
2021,31900,490000,2070.0,29110.0,36950.0,46940.0,59180.0,71870.0
2021,31900,510000,6160.0,27340.0,29390.0,37060.0,45670.0,54850.0
2021,31900,530000,4730.0,22160.0,27360.0,34410.0,44200.0,56920.0
2021,34620,000000,43560.0,21780.0,27610.0,36890.0,56830.0,76840.0
2021,34620,110000,2390.0,37250.0,58300.0,76730.0,119190.0,157920.0
2021,34620,113021,130.0,73880.0,95600.0,119170.0,150920.0,157100.0
2021,34620,130000,1470.0,35770.0,45540.0,60020.0,77030.0,100970.0
2021,34620,150000,940.0,43210.0,56360.0,73220.0,94080.0,118190.0
2021,34620,151211,140.0,48790.0,60680.0,76860.0,95210.0,102350.0
2021,34620,151231,80.0,38130.0,48870.0,62400.0,76100.0,95750.0
2021,34620,151232,150.0,34030.0,37610.0,45360.0,57380.0,72730.0
2021,34620,151241,40.0,62900.0,80330.0,102570.0,124490.0,131410.0
2021,34620,151244,90.0,48540.0,57900.0,72150.0,79860.0,101190.0
2021,34620,151252,200.0,59520.0,62620.0,80040.0,95990.0,119460.0
2021,34620,151299,40.0,38330.0,48540.0,74620.0,96980.0,122000.0
2021,34620,152051,50.0,45590.0,61120.0,75430.0,94330.0,122270.0
2021,34620,170000,340.0,38240.0,48460.0,61270.0,80570.0,100370.0
2021,34620,190000,190.0,30410.0,38390.0,48570.0,78000.0,109120.0
2021,34620,210000,940.0,29030.0,36360.0,43320.0,48690.0,61740.0
2021,34620,230000,240.0,29570.0,36840.0,47310.0,77680.0,123710.0
2021,34620,250000,3380.0,22510.0,35550.0,48490.0,74410.0,97340.0
2021,34620,270000,450.0,28050.0,30150.0,45330.0,57790.0,76400.0
2021,34620,290000,3710.0,29430.0,45610.0,58680.0,76910.0,153880.0
2021,34620,310000,2000.0,22180.0,23780.0,28810.0,36080.0,44640.0
2021,34620,330000,610.0,25330.0,36750.0,50700.0,62010.0,64510.0
2021,34620,350000,4900.0,17000.0,18860.0,22530.0,28020.0,31980.0
2021,34620,370000,1750.0,22280.0,26200.0,34020.0,38460.0,48020.0
2021,34620,390000,1090.0,17480.0,21720.0,27360.0,35470.0,38950.0
2021,34620,410000,4420.0,17700.0,22120.0,27800.0,36630.0,59380.0
2021,34620,430000,5590.0,23390.0,28820.0,35780.0,43910.0,49660.0
2021,34620,450000,50.0,18510.0,22830.0,29270.0,33990.0,44770.0
2021,34620,470000,1330.0,28820.0,36510.0,46680.0,60360.0,74880.0
2021,34620,490000,1770.0,27800.0,35190.0,45400.0,56770.0,61250.0
2021,34620,510000,2640.0,27320.0,30110.0,37410.0,47020.0,58980.0
2021,34620,530000,3360.0,18280.0,24050.0,30830.0,45430.0,57000.0
2021,36980,000000,49650.0,22150.0,28350.0,37440.0,57570.0,78420.0
2021,36980,110000,2550.0,38150.0,56610.0,79870.0,125340.0,165200.0
2021,36980,113021,50.0,79600.0,97340.0,105960.0,133910.0,191420.0
2021,36980,130000,1900.0,37030.0,47370.0,60680.0,80120.0,105290.0
2021,36980,150000,480.0,44860.0,56200.0,74450.0,99040.0,121590.0
2021,36980,151211,90.0,60430.0,70440.0,95000.0,114160.0,128970.0
2021,36980,151232,110.0,36080.0,44370.0,47490.0,60480.0,77790.0
2021,36980,151244,50.0,48730.0,58940.0,68220.0,94010.0,100060.0
2021,36980,151252,60.0,73550.0,80040.0,95190.0,102350.0,129320.0
2021,36980,170000,630.0,45770.0,60550.0,76600.0,100220.0,124160.0
2021,36980,190000,300.0,35540.0,45450.0,61010.0,79700.0,100530.0
2021,36980,210000,780.0,23870.0,30220.0,38910.0,52100.0,63480.0
2021,36980,230000,200.0,35240.0,46180.0,49050.0,82800.0,139650.0
2021,36980,250000,2660.0,26470.0,30310.0,50130.0,62940.0,75940.0
2021,36980,270000,280.0,23820.0,29530.0,37310.0,48810.0,65430.0
2021,36980,290000,4020.0,30460.0,47710.0,62350.0,79480.0,124980.0
2021,36980,310000,2270.0,23090.0,24020.0,29690.0,36330.0,38220.0
2021,36980,330000,1020.0,22090.0,23330.0,28500.0,37810.0,50970.0
2021,36980,350000,4340.0,17520.0,18100.0,22460.0,28230.0,34510.0
2021,36980,370000,1700.0,18900.0,22290.0,28090.0,30470.0,37290.0
2021,36980,390000,950.0,17830.0,21250.0,23550.0,29850.0,35840.0
2021,36980,410000,4570.0,17910.0,22530.0,28350.0,37910.0,60960.0
2021,36980,430000,6330.0,23870.0,29740.0,36890.0,45850.0,56010.0
2021,36980,450000,80.0,17760.0,23330.0,29390.0,38280.0,47460.0
2021,36980,470000,1820.0,29320.0,36350.0,44800.0,58460.0,71100.0
2021,36980,490000,2490.0,29290.0,37260.0,48040.0,61890.0,79670.0
2021,36980,510000,5580.0,26830.0,32800.0,42770.0,48960.0,64030.0
2021,36980,530000,4700.0,22870.0,28540.0,35840.0,46160.0,58110.0
2021,37620,000000,34640.0,20880.0,23120.0,35210.0,53410.0,78290.0
2021,37620,110000,1610.0,36710.0,57830.0,77310.0,121900.0,157960.0
2021,37620,130000,2580.0,37830.0,53410.0,76680.0,92980.0,104420.0
2021,37620,150000,670.0,45890.0,63900.0,81140.0,98130.0,110550.0
2021,37620,151211,30.0,59550.0,75160.0,75160.0,90530.0,95210.0
2021,37620,151231,30.0,34770.0,37380.0,48490.0,58290.0,76010.0
2021,37620,151232,60.0,23270.0,31100.0,45520.0,55540.0,76600.0
2021,37620,151299,460.0,67970.0,79780.0,90400.0,100730.0,116130.0
2021,37620,170000,370.0,45680.0,58590.0,76710.0,98270.0,122340.0
2021,37620,190000,150.0,36450.0,45800.0,60230.0,94130.0,104270.0
2021,37620,210000,610.0,28190.0,29780.0,36740.0,46300.0,60900.0
2021,37620,230000,290.0,29470.0,39290.0,57670.0,85220.0,131360.0
2021,37620,250000,1870.0,21790.0,29990.0,45400.0,49730.0,61020.0
2021,37620,270000,240.0,22830.0,28080.0,29900.0,47800.0,77110.0
2021,37620,290000,2660.0,29000.0,37410.0,59470.0,74760.0,120910.0
2021,37620,310000,2250.0,18480.0,21400.0,22330.0,28560.0,35140.0
2021,37620,330000,610.0,21970.0,28450.0,37160.0,50160.0,51570.0
2021,37620,350000,3530.0,18200.0,20400.0,21580.0,24530.0,29930.0
2021,37620,370000,870.0,20840.0,22050.0,24170.0,29910.0,38090.0
2021,37620,390000,530.0,18930.0,20150.0,23080.0,29910.0,44000.0
2021,37620,410000,4110.0,18440.0,21670.0,22930.0,29480.0,46450.0
2021,37620,430000,4170.0,22330.0,27830.0,30070.0,38500.0,48300.0
2021,37620,450000,40.0,19050.0,20910.0,29970.0,37770.0,48290.0
2021,37620,470000,1300.0,28520.0,29550.0,37460.0,56480.0,68000.0
2021,37620,490000,1620.0,23160.0,29590.0,38000.0,59260.0,73620.0
2021,37620,510000,1780.0,22920.0,28270.0,37540.0,59930.0,75830.0
2021,37620,530000,2760.0,21070.0,23250.0,29050.0,37620.0,48610.0
2021,44220,000000,44550.0,22170.0,28390.0,37370.0,58570.0,77760.0
2021,44220,110000,2110.0,39490.0,59140.0,82950.0,121870.0,161340.0
2021,44220,113021,50.0,76500.0,94870.0,123320.0,156060.0,199440.0
2021,44220,130000,2070.0,36900.0,47630.0,62410.0,78350.0,100880.0
2021,44220,150000,720.0,36070.0,45680.0,61330.0,93710.0,120680.0
2021,44220,151211,60.0,45170.0,58930.0,75350.0,95290.0,121760.0
2021,44220,151231,60.0,35120.0,44810.0,44850.0,59620.0,75990.0
2021,44220,151232,200.0,35120.0,36480.0,45680.0,57870.0,73730.0
2021,44220,151244,70.0,48060.0,60000.0,75130.0,95140.0,122960.0
2021,44220,151252,100.0,59440.0,75440.0,94740.0,102600.0,129020.0
2021,44220,170000,430.0,35300.0,47130.0,61910.0,79140.0,99420.0
2021,44220,190000,160.0,37420.0,47080.0,62040.0,75940.0,103900.0
2021,44220,210000,640.0,30270.0,37300.0,46950.0,60250.0,76490.0
2021,44220,230000,190.0,35870.0,46510.0,75510.0,102820.0,155280.0
2021,44220,250000,3290.0,27150.0,36940.0,60310.0,76700.0,94010.0
2021,44220,270000,270.0,19580.0,29550.0,44810.0,60930.0,95920.0
2021,44220,290000,3050.0,29650.0,46100.0,59550.0,78020.0,124570.0
2021,44220,310000,1890.0,22360.0,24490.0,28910.0,35630.0,45910.0
2021,44220,330000,890.0,22870.0,34900.0,46550.0,61530.0,75740.0
2021,44220,350000,4240.0,18650.0,20740.0,22480.0,28380.0,35490.0
2021,44220,370000,1320.0,22250.0,23190.0,29080.0,36710.0,45750.0
2021,44220,390000,670.0,18630.0,21530.0,24800.0,34420.0,45370.0
2021,44220,410000,3820.0,19450.0,22290.0,28260.0,44160.0,73280.0
2021,44220,430000,6090.0,27040.0,29590.0,36210.0,46140.0,58710.0
2021,44220,450000,50.0,22840.0,29270.0,29630.0,46360.0,58280.0
2021,44220,470000,1030.0,29940.0,37500.0,47280.0,60040.0,73770.0
2021,44220,490000,1640.0,29010.0,36750.0,46910.0,59190.0,73050.0
2021,44220,510000,4750.0,23930.0,29880.0,37160.0,47750.0,55320.0
2021,44220,530000,5220.0,22730.0,28230.0,35590.0,46200.0,57760.0
2021,45460,000000,62300.0,21500.0,27090.0,36450.0,55630.0,76550.0
2021,45460,110000,3110.0,36670.0,56830.0,76860.0,110210.0,156720.0
2021,45460,113021,60.0,77160.0,92510.0,103010.0,131400.0,158480.0
2021,45460,130000,1900.0,33510.0,40560.0,57230.0,75670.0,96780.0
2021,45460,150000,730.0,30480.0,45600.0,61560.0,79650.0,97030.0
2021,45460,151211,90.0,60680.0,62310.0,77500.0,92260.0,102350.0
2021,45460,151231,60.0,36260.0,48560.0,58740.0,73490.0,79120.0
2021,45460,151232,140.0,26940.0,35920.0,45600.0,50850.0,61090.0
2021,45460,151241,30.0,61000.0,72970.0,79220.0,102350.0,115560.0
2021,45460,151244,90.0,40020.0,49030.0,61560.0,78090.0,96470.0
2021,45460,151252,90.0,43440.0,58810.0,81650.0,93470.0,119690.0
2021,45460,151255,40.0,29350.0,29840.0,29840.0,48690.0,62240.0
2021,45460,151299,50.0,29580.0,47250.0,74550.0,85530.0,95200.0
2021,45460,152051,40.0,41900.0,49030.0,62520.0,79650.0,79650.0
2021,45460,170000,580.0,44110.0,55830.0,72390.0,91180.0,101020.0
2021,45460,190000,370.0,34070.0,46150.0,61700.0,80810.0,100170.0
2021,45460,210000,1160.0,28170.0,34630.0,39790.0,49130.0,62740.0
2021,45460,230000,340.0,29040.0,36460.0,61010.0,119210.0,160230.0
2021,45460,250000,4040.0,22630.0,33650.0,46980.0,63740.0,88470.0
2021,45460,270000,610.0,24290.0,29350.0,37940.0,49640.0,70750.0
2021,45460,290000,4730.0,29280.0,44670.0,59640.0,76100.0,120100.0
2021,45460,310000,2570.0,22090.0,23150.0,28020.0,34810.0,37800.0
2021,45460,330000,2100.0,24390.0,36450.0,45080.0,52420.0,63970.0
2021,45460,350000,6660.0,16620.0,18010.0,21960.0,27300.0,32550.0
2021,45460,370000,1650.0,21400.0,23010.0,28350.0,34310.0,38240.0
2021,45460,390000,1200.0,17120.0,19210.0,23680.0,30220.0,42520.0
2021,45460,410000,6170.0,17400.0,21790.0,26900.0,35380.0,56770.0
2021,45460,430000,6890.0,22890.0,28390.0,35390.0,44600.0,57350.0
2021,45460,450000,120.0,26940.0,29160.0,29940.0,40330.0,47900.0
2021,45460,470000,2700.0,29850.0,37500.0,54010.0,62350.0,78940.0
2021,45460,490000,2990.0,27740.0,35620.0,46000.0,59380.0,75410.0
2021,45460,510000,6380.0,27110.0,33490.0,37630.0,47440.0,60650.0
2021,45460,530000,5300.0,21590.0,26510.0,34040.0,43920.0,56340.0
2021,45780,000000,278450.0,22590.0,29130.0,38220.0,60650.0,80670.0
2021,45780,110000,13200.0,45620.0,61020.0,95800.0,126780.0,173400.0
2021,45780,113021,390.0,79600.0,97690.0,123220.0,160100.0,203970.0
2021,45780,130000,12780.0,37010.0,47740.0,61570.0,80520.0,103310.0
2021,45780,150000,4420.0,36510.0,46970.0,62400.0,95030.0,122010.0
2021,45780,151211,400.0,48730.0,61480.0,78060.0,98460.0,125790.0
2021,45780,151212,100.0,45770.0,58820.0,78940.0,102090.0,128370.0
2021,45780,151231,460.0,30300.0,30300.0,45560.0,60670.0,78150.0
2021,45780,151232,1040.0,32830.0,37660.0,46970.0,59310.0,73950.0
2021,45780,151241,110.0,59830.0,75310.0,98750.0,123350.0,147300.0
2021,45780,151242,70.0,37010.0,49630.0,63800.0,82090.0,102090.0
2021,45780,151243,30.0,61300.0,75450.0,79220.0,102570.0,127990.0
2021,45780,151244,640.0,48260.0,60670.0,77290.0,98150.0,126080.0
2021,45780,151251,130.0,45400.0,60210.0,77500.0,99000.0,119460.0
2021,45780,151252,820.0,49560.0,62860.0,80380.0,102570.0,128290.0
2021,45780,151253,130.0,46630.0,59220.0,75470.0,95410.0,118270.0
2021,45780,151254,60.0,37300.0,48840.0,62400.0,94540.0,101440.0
2021,45780,151255,80.0,22780.0,29210.0,46100.0,61320.0,94640.0
2021,45780,151299,110.0,36700.0,47730.0,70160.0,95230.0,121850.0
2021,45780,152031,80.0,35830.0,59270.0,74780.0,97100.0,126810.0
2021,45780,152051,120.0,37040.0,37040.0,60290.0,79860.0,99040.0
2021,45780,170000,4700.0,45700.0,59970.0,76650.0,98030.0,122880.0
2021,45780,190000,1450.0,37670.0,48400.0,62960.0,93710.0,114400.0
2021,45780,210000,4310.0,29690.0,37380.0,47740.0,60670.0,76880.0
2021,45780,230000,1340.0,35720.0,37810.0,62700.0,102550.0,171060.0
2021,45780,250000,17490.0,23850.0,36770.0,59160.0,76430.0,96710.0
2021,45780,270000,2570.0,22710.0,29590.0,45300.0,61700.0,80670.0
2021,45780,290000,21860.0,36910.0,47670.0,61530.0,77660.0,126880.0
2021,45780,310000,11730.0,22840.0,24010.0,29520.0,36930.0,46330.0
2021,45780,330000,5880.0,22740.0,30210.0,46970.0,60670.0,76880.0
2021,45780,350000,24490.0,18820.0,21010.0,22570.0,28890.0,35950.0
2021,45780,370000,7880.0,22650.0,23580.0,29210.0,35950.0,45200.0
2021,45780,390000,4390.0,19330.0,21260.0,23670.0,34850.0,47710.0
2021,45780,410000,23280.0,21930.0,22730.0,29150.0,47180.0,76990.0
2021,45780,430000,32750.0,24160.0,29820.0,37190.0,47030.0,60110.0
2021,45780,450000,300.0,19370.0,27390.0,34320.0,47940.0,60190.0
2021,45780,470000,9760.0,35980.0,45730.0,58840.0,74760.0,78940.0
2021,45780,490000,11930.0,29590.0,37350.0,47580.0,61530.0,78890.0
2021,45780,510000,33710.0,28820.0,35170.0,37710.0,55060.0,60800.0
2021,45780,530000,28230.0,23030.0,29070.0,36540.0,47210.0,60430.0
2022,14020,000000,71720.0,23850.0,30740.0,43970.0,64600.0,97180.0
2022,14020,110000,4340.0,49260.0,63950.0,98430.0,132720.0,193380.0
2022,14020,113021,290.0,89280.0,101410.0,131930.0,165030.0,170410.0
2022,14020,130000,3160.0,38490.0,50390.0,65050.0,88620.0,124560.0
2022,14020,150000,2520.0,44290.0,53090.0,72260.0,96980.0,117670.0
2022,14020,151211,410.0,65270.0,82290.0,95150.0,108230.0,135630.0
2022,14020,151231,120.0,35360.0,39290.0,53000.0,66450.0,89090.0
2022,14020,151232,500.0,37710.0,48660.0,61930.0,69810.0,86280.0
2022,14020,151241,80.0,43560.0,65890.0,102330.0,141350.0,141350.0
2022,14020,151242,80.0,66790.0,85060.0,91060.0,110510.0,110510.0
2022,14020,151244,160.0,54950.0,65730.0,81000.0,91500.0,123430.0
2022,14020,151251,310.0,53090.0,66400.0,66400.0,86940.0,86940.0
2022,14020,151252,250.0,61740.0,77670.0,102230.0,128290.0,135750.0
2022,14020,151255,30.0,21740.0,37900.0,48400.0,82070.0,99870.0
2022,14020,151299,410.0,41820.0,52770.0,58770.0,83520.0,101860.0
2022,14020,152051,30.0,43100.0,58620.0,75270.0,91840.0,99220.0
2022,14020,170000,1680.0,47250.0,59140.0,76120.0,97580.0,129440.0
2022,14020,190000,1650.0,46560.0,50540.0,64070.0,80780.0,103120.0
2022,14020,210000,1320.0,31470.0,37220.0,49330.0,63190.0,78840.0
2022,14020,230000,440.0,36880.0,47470.0,92560.0,144640.0,200930.0
2022,14020,250000,5740.0,27550.0,39620.0,51580.0,83090.0,133300.0
2022,14020,270000,1200.0,27860.0,38670.0,54340.0,69570.0,89970.0
2022,14020,290000,4090.0,36090.0,49560.0,65030.0,95870.0,162010.0
2022,14020,310000,2720.0,24340.0,28410.0,30620.0,37660.0,44180.0
2022,14020,330000,1300.0,23280.0,28430.0,45240.0,65140.0,71170.0
2022,14020,350000,8230.0,18110.0,21990.0,27170.0,30720.0,37070.0
2022,14020,370000,2190.0,24150.0,28780.0,33660.0,40810.0,46820.0
2022,14020,390000,1180.0,20670.0,22300.0,28010.0,35360.0,48250.0
2022,14020,410000,5490.0,21830.0,24070.0,30210.0,45280.0,76130.0
2022,14020,430000,7810.0,27580.0,32370.0,40040.0,49740.0,63130.0
2022,14020,450000,40.0,27600.0,30590.0,37900.0,47910.0,55220.0
2022,14020,470000,2470.0,34810.0,41670.0,52380.0,67740.0,83730.0
2022,14020,490000,2690.0,30540.0,38190.0,48410.0,62780.0,82440.0
2022,14020,510000,6610.0,30720.0,34590.0,41610.0,56430.0,71260.0
2022,14020,530000,4840.0,25120.0,29960.0,36150.0,45360.0,53170.0
2022,14540,000000,75160.0,22350.0,28390.0,37360.0,53110.0,75590.0
2022,14540,110000,4020.0,39050.0,54780.0,78390.0,109840.0,157470.0
2022,14540,113021,50.0,78240.0,93390.0,110110.0,155010.0,166210.0
2022,14540,130000,2380.0,35300.0,45190.0,57730.0,76020.0,97710.0
2022,14540,150000,700.0,39290.0,51010.0,67210.0,86670.0,113300.0
2022,14540,151211,80.0,51010.0,62020.0,76510.0,94120.0,103180.0
2022,14540,151212,,40650.0,54390.0,80530.0,105080.0,121820.0
2022,14540,151231,50.0,40340.0,49040.0,60440.0,68280.0,96390.0
2022,14540,151232,160.0,30170.0,39620.0,51900.0,61850.0,74980.0
2022,14540,151244,100.0,38120.0,49700.0,69960.0,81290.0,97490.0
2022,14540,151252,80.0,63160.0,78680.0,83320.0,124480.0,127650.0
2022,14540,151299,50.0,47290.0,54870.0,69150.0,121210.0,142600.0
2022,14540,170000,910.0,39120.0,49230.0,66180.0,83910.0,108650.0
2022,14540,190000,370.0,34440.0,41500.0,52990.0,68820.0,92580.0
2022,14540,210000,1180.0,29130.0,32990.0,43640.0,60650.0,71330.0
2022,14540,230000,440.0,35240.0,48230.0,61070.0,98880.0,139650.0
2022,14540,250000,4680.0,27160.0,34040.0,50050.0,63600.0,81000.0
2022,14540,270000,670.0,22920.0,30280.0,38810.0,52160.0,69460.0
2022,14540,290000,4880.0,33430.0,46630.0,62950.0,78760.0,122660.0
2022,14540,310000,3230.0,22050.0,26380.0,31350.0,37720.0,43700.0
2022,14540,330000,1500.0,22500.0,27470.0,32540.0,45240.0,64080.0
2022,14540,350000,7250.0,17440.0,20830.0,23490.0,28790.0,35110.0
2022,14540,370000,1800.0,21570.0,24340.0,28600.0,31880.0,38660.0
2022,14540,390000,1400.0,18110.0,21380.0,25570.0,32410.0,43070.0
2022,14540,410000,6780.0,19830.0,22300.0,28040.0,40670.0,62720.0
2022,14540,430000,8780.0,23980.0,29180.0,35570.0,44080.0,55180.0
2022,14540,450000,50.0,24910.0,29210.0,35780.0,49780.0,51810.0
2022,14540,470000,2810.0,30290.0,37380.0,46710.0,58810.0,74520.0
2022,14540,490000,2910.0,28140.0,35190.0,46320.0,60150.0,71250.0
2022,14540,510000,10390.0,28180.0,32880.0,38070.0,46560.0,62360.0
2022,14540,530000,8030.0,24550.0,28750.0,34670.0,42230.0,51330.0
2022,16620,000000,100240.0,21880.0,27550.0,38220.0,60240.0,86850.0
2022,16620,110000,6430.0,37800.0,58530.0,80430.0,123190.0,175950.0
2022,16620,113021,160.0,80470.0,100440.0,130750.0,169840.0,202530.0
2022,16620,130000,5120.0,36560.0,44670.0,59860.0,79510.0,101940.0
2022,16620,150000,2230.0,39300.0,44180.0,59140.0,82610.0,105550.0
2022,16620,151211,250.0,42020.0,48190.0,63980.0,98100.0,104540.0
2022,16620,151212,50.0,49550.0,57800.0,80380.0,106860.0,128160.0
2022,16620,151231,90.0,35290.0,40510.0,47530.0,58510.0,83060.0
2022,16620,151232,440.0,35180.0,39300.0,39300.0,50850.0,73430.0
2022,16620,151241,60.0,48900.0,63250.0,81410.0,111960.0,126040.0
2022,16620,151242,80.0,50850.0,53350.0,61110.0,76030.0,91280.0
2022,16620,151244,280.0,43490.0,54640.0,64580.0,81430.0,96330.0
2022,16620,151251,80.0,35550.0,41730.0,49980.0,73200.0,92770.0
2022,16620,151252,300.0,52790.0,61230.0,81430.0,101920.0,132540.0
2022,16620,151299,370.0,32090.0,39390.0,53230.0,86920.0,116390.0
2022,16620,152031,70.0,35730.0,46110.0,51270.0,60570.0,78000.0
2022,16620,170000,1720.0,44200.0,56660.0,78060.0,100980.0,128700.0
2022,16620,190000,1210.0,35650.0,44720.0,60580.0,80620.0,102310.0
2022,16620,210000,2080.0,27910.0,32050.0,38710.0,51480.0,62080.0
2022,16620,230000,1580.0,39170.0,50690.0,78810.0,147490.0,225080.0
2022,16620,250000,4990.0,27070.0,37950.0,45960.0,55980.0,65970.0
2022,16620,270000,860.0,24670.0,31030.0,40080.0,55000.0,76240.0
2022,16620,290000,9510.0,30320.0,45550.0,61310.0,92460.0,134680.0
2022,16620,310000,5840.0,21200.0,24280.0,27410.0,32130.0,37110.0
2022,16620,330000,4680.0,18200.0,20150.0,26500.0,36820.0,52550.0
2022,16620,350000,7440.0,18570.0,21400.0,22350.0,27980.0,34880.0
2022,16620,370000,2660.0,21590.0,23420.0,27380.0,31930.0,38740.0
2022,16620,390000,1460.0,19390.0,21650.0,26430.0,33230.0,43090.0
2022,16620,410000,8370.0,20520.0,22100.0,27810.0,38600.0,60940.0
2022,16620,430000,14570.0,23850.0,29320.0,36290.0,45870.0,59570.0
2022,16620,450000,60.0,22110.0,28830.0,31120.0,42390.0,57990.0
2022,16620,470000,4730.0,30960.0,37920.0,52070.0,64270.0,80240.0
2022,16620,490000,4720.0,27040.0,33840.0,46090.0,61700.0,81450.0
2022,16620,510000,2960.0,23660.0,29990.0,37310.0,49360.0,79690.0
2022,16620,530000,7020.0,21530.0,26020.0,32440.0,45650.0,61790.0
2022,17140,000000,1061100.0,25850.0,32160.0,45660.0,67500.0,101990.0
2022,17140,110000,69700.0,48030.0,66710.0,101700.0,147290.0,207620.0
2022,17140,113021,2620.0,96260.0,124150.0,153680.0,174530.0,222450.0
2022,17140,130000,69640.0,42000.0,52620.0,72000.0,97230.0,126900.0
2022,17140,150000,33550.0,46720.0,63240.0,87630.0,120960.0,140700.0
2022,17140,151211,4860.0,63950.0,80830.0,104110.0,133960.0,144800.0
2022,17140,151212,910.0,61260.0,78050.0,103990.0,129920.0,161390.0
2022,17140,151221,50.0,65040.0,65040.0,90030.0,124060.0,127670.0
2022,17140,151231,1700.0,44790.0,50410.0,63920.0,83740.0,108720.0
2022,17140,151232,5310.0,36190.0,40460.0,48310.0,62550.0,78350.0
2022,17140,151241,1040.0,74840.0,96950.0,124690.0,144910.0,169870.0
2022,17140,151242,390.0,49510.0,66540.0,96060.0,124710.0,139470.0
2022,17140,151243,320.0,74050.0,92280.0,113750.0,139370.0,159220.0
2022,17140,151244,3550.0,58260.0,72270.0,92980.0,112740.0,138850.0
2022,17140,151251,580.0,46630.0,62190.0,87670.0,115080.0,135860.0
2022,17140,151252,9070.0,65360.0,82680.0,104540.0,129550.0,153660.0
2022,17140,151253,1190.0,54340.0,66760.0,85990.0,99620.0,116790.0
2022,17140,151254,370.0,45290.0,58190.0,73990.0,99040.0,116160.0
2022,17140,151255,650.0,28420.0,37960.0,58510.0,83900.0,118680.0
2022,17140,151299,1250.0,48370.0,63820.0,96370.0,124400.0,154880.0
2022,17140,152031,790.0,52980.0,64940.0,80780.0,104060.0,134810.0
2022,17140,152041,120.0,52770.0,66050.0,90460.0,116300.0,131540.0
2022,17140,152051,1070.0,53110.0,79910.0,100470.0,123140.0,135570.0
2022,17140,170000,19560.0,48800.0,63730.0,81960.0,105260.0,132720.0
2022,17140,190000,7440.0,38110.0,49100.0,64190.0,90680.0,123430.0
2022,17140,210000,14440.0,31390.0,37760.0,47480.0,62260.0,79690.0
2022,17140,230000,5930.0,40730.0,54720.0,80520.0,137520.0,191240.0
2022,17140,250000,56760.0,28840.0,37280.0,58990.0,78360.0,100340.0
2022,17140,270000,12440.0,27570.0,35500.0,50050.0,72550.0,101410.0
2022,17140,290000,70240.0,38640.0,51790.0,72230.0,94570.0,136420.0
2022,17140,310000,35810.0,24600.0,28290.0,33690.0,37840.0,47090.0
2022,17140,330000,22060.0,23320.0,29180.0,41760.0,64130.0,80820.0
2022,17140,350000,95440.0,21340.0,22480.0,27810.0,33220.0,38980.0
2022,17140,370000,27460.0,23450.0,27650.0,31160.0,37030.0,46510.0
2022,17140,390000,21450.0,21450.0,23020.0,28690.0,36020.0,48760.0
2022,17140,410000,89220.0,22810.0,26690.0,34770.0,58530.0,96510.0
2022,17140,430000,136830.0,28890.0,34700.0,40130.0,50600.0,64020.0
2022,17140,450000,610.0,26190.0,29390.0,35450.0,45490.0,57150.0
2022,17140,470000,34950.0,36550.0,44380.0,56180.0,72070.0,82260.0
2022,17140,490000,42120.0,31310.0,39110.0,50090.0,65060.0,81180.0
2022,17140,510000,81230.0,29840.0,34440.0,39700.0,50300.0,64510.0
2022,17140,530000,114220.0,27030.0,31530.0,38330.0,48780.0,63970.0
2022,18020,000000,49110.0,24670.0,31390.0,43160.0,61580.0,96500.0
2022,18020,110000,2960.0,54350.0,75450.0,98400.0,157830.0,202140.0
2022,18020,113021,90.0,80960.0,99480.0,125050.0,156150.0,173620.0
2022,18020,130000,2060.0,39330.0,49540.0,70930.0,96780.0,124350.0
2022,18020,150000,860.0,40780.0,54110.0,80220.0,101580.0,127950.0
2022,18020,151211,130.0,51180.0,64080.0,87620.0,101110.0,138890.0
2022,18020,151231,70.0,36590.0,42350.0,48570.0,68640.0,85220.0
2022,18020,151232,120.0,33850.0,38410.0,46700.0,56580.0,75530.0
2022,18020,151241,40.0,46620.0,77970.0,99190.0,108550.0,136290.0
2022,18020,151244,90.0,54300.0,60630.0,75810.0,88310.0,104910.0
2022,18020,151252,140.0,61170.0,77560.0,86570.0,101810.0,118620.0
2022,18020,151299,40.0,41150.0,61310.0,83930.0,108780.0,133870.0
2022,18020,170000,2870.0,60610.0,69250.0,100030.0,123230.0,124770.0
2022,18020,190000,280.0,36000.0,38870.0,52770.0,70610.0,99070.0
2022,18020,210000,820.0,29610.0,33250.0,39520.0,48610.0,59880.0
2022,18020,230000,120.0,35520.0,42130.0,65780.0,137610.0,182780.0
2022,18020,250000,2010.0,24060.0,29860.0,45480.0,60210.0,73550.0
2022,18020,270000,270.0,25710.0,30480.0,40300.0,56720.0,83320.0
2022,18020,290000,2020.0,36190.0,48560.0,62930.0,93600.0,159530.0
2022,18020,310000,1510.0,23590.0,26760.0,31450.0,36610.0,44590.0
2022,18020,330000,640.0,23910.0,29130.0,36760.0,55450.0,69420.0
2022,18020,350000,3630.0,18270.0,21920.0,25660.0,29020.0,35100.0
2022,18020,370000,1010.0,23080.0,26460.0,28650.0,36350.0,41390.0
2022,18020,390000,530.0,19440.0,20950.0,25330.0,33110.0,47330.0
2022,18020,410000,3940.0,21100.0,23230.0,29390.0,44520.0,75560.0
2022,18020,430000,5040.0,27970.0,31670.0,38770.0,49890.0,63410.0
2022,18020,470000,1590.0,36720.0,44490.0,55910.0,73310.0,80030.0
2022,18020,490000,2130.0,33650.0,42240.0,53100.0,61660.0,75070.0
2022,18020,510000,10380.0,31190.0,35740.0,43160.0,57490.0,59200.0
2022,18020,530000,4430.0,24330.0,29120.0,35740.0,44640.0,57050.0
2022,18140,000000,1060610.0,26690.0,33440.0,46630.0,73390.0,103720.0
2022,18140,110000,66330.0,47610.0,68480.0,102080.0,139900.0,206170.0
2022,18140,113021,3240.0,84560.0,106220.0,135720.0,171380.0,218630.0
2022,18140,130000,79680.0,44450.0,57840.0,76440.0,99410.0,127730.0
2022,18140,150000,40510.0,46820.0,65940.0,97260.0,124570.0,137390.0
2022,18140,151211,4640.0,63410.0,81150.0,100890.0,123200.0,137180.0
2022,18140,151212,1080.0,61830.0,81920.0,105920.0,137670.0,159300.0
2022,18140,151231,2010.0,47000.0,51290.0,72980.0,102070.0,125510.0
2022,18140,151232,6510.0,36900.0,41330.0,48650.0,62360.0,77790.0
2022,18140,151241,1060.0,78560.0,93230.0,126750.0,151010.0,173200.0
2022,18140,151242,630.0,52500.0,68660.0,95620.0,120580.0,134710.0
2022,18140,151243,340.0,74330.0,94400.0,125510.0,139860.0,162000.0
2022,18140,151244,3960.0,60570.0,76650.0,97920.0,113940.0,141090.0
2022,18140,151251,480.0,49110.0,77920.0,96680.0,103810.0,124510.0
2022,18140,151252,12460.0,76150.0,90420.0,108760.0,133580.0,152500.0
2022,18140,151253,1270.0,57960.0,75010.0,96290.0,108380.0,127590.0
2022,18140,151254,380.0,47360.0,62030.0,79770.0,103240.0,125350.0
2022,18140,151255,870.0,45710.0,66410.0,77780.0,101510.0,135610.0
2022,18140,151299,2440.0,60530.0,82960.0,107810.0,136990.0,142170.0
2022,18140,152031,1050.0,57790.0,76050.0,96100.0,110700.0,140680.0
2022,18140,152041,50.0,51150.0,57820.0,66380.0,94820.0,115810.0
2022,18140,152051,860.0,45260.0,67780.0,92650.0,121320.0,141300.0
2022,18140,170000,15940.0,48030.0,61970.0,80170.0,102670.0,129230.0
2022,18140,190000,8000.0,43310.0,55930.0,74150.0,95450.0,116970.0
2022,18140,210000,14410.0,32980.0,39010.0,49580.0,63760.0,82940.0
2022,18140,230000,7730.0,45910.0,56790.0,81340.0,134800.0,203620.0
2022,18140,250000,60640.0,28510.0,37540.0,60670.0,81340.0,103220.0
2022,18140,270000,13870.0,28550.0,36110.0,53310.0,79610.0,116870.0
2022,18140,290000,68820.0,39930.0,56010.0,75070.0,96910.0,138600.0
2022,18140,310000,44180.0,24160.0,27300.0,30840.0,37160.0,46540.0
2022,18140,330000,24760.0,26650.0,31330.0,48840.0,76790.0,93090.0
2022,18140,350000,86650.0,21770.0,22910.0,27960.0,33770.0,38770.0
2022,18140,370000,27490.0,23400.0,27950.0,31840.0,38380.0,48740.0
2022,18140,390000,19130.0,21660.0,23130.0,28850.0,37920.0,53710.0
2022,18140,410000,84600.0,23000.0,26950.0,34320.0,57840.0,96310.0
2022,18140,430000,138420.0,29520.0,35540.0,41800.0,50640.0,64550.0
2022,18140,450000,990.0,22030.0,30000.0,36200.0,45080.0,58380.0
2022,18140,470000,32430.0,37180.0,45910.0,59600.0,74390.0,84240.0
2022,18140,490000,39020.0,31660.0,39280.0,50590.0,64420.0,81540.0
2022,18140,510000,56510.0,29660.0,35010.0,41320.0,50780.0,63900.0
2022,18140,530000,130490.0,27810.0,33290.0,39550.0,49970.0,67100.0
2022,19430,000000,363200.0,24340.0,30940.0,45130.0,69010.0,101560.0
2022,19430,110000,21370.0,45230.0,62070.0,96000.0,132280.0,179190.0
2022,19430,113021,820.0,86350.0,105050.0,134460.0,168800.0,212960.0
2022,19430,130000,24390.0,41110.0,56470.0,78300.0,102000.0,126580.0
2022,19430,150000,12710.0,47040.0,60700.0,82870.0,109540.0,137110.0
2022,19430,151211,1490.0,58560.0,78600.0,98960.0,122990.0,143610.0
2022,19430,151212,390.0,55990.0,74700.0,103170.0,139540.0,152490.0
2022,19430,151231,530.0,39940.0,47660.0,55830.0,76980.0,93330.0
2022,19430,151232,2120.0,35540.0,40830.0,48150.0,60950.0,75090.0
2022,19430,151241,330.0,64340.0,79180.0,99140.0,136920.0,159670.0
2022,19430,151242,100.0,46650.0,60030.0,88800.0,112650.0,140640.0
2022,19430,151243,60.0,75120.0,84140.0,112660.0,140440.0,155470.0
2022,19430,151244,1530.0,58250.0,69130.0,84990.0,110020.0,135000.0
2022,19430,151251,190.0,47690.0,50220.0,62000.0,103730.0,127670.0
2022,19430,151252,3490.0,62400.0,79260.0,100960.0,125500.0,140670.0
2022,19430,151253,310.0,48750.0,58490.0,80410.0,103450.0,122250.0
2022,19430,151254,160.0,39940.0,47260.0,61520.0,81900.0,104820.0
2022,19430,151255,70.0,39060.0,45820.0,63710.0,84990.0,120450.0
2022,19430,151299,1050.0,63250.0,84280.0,100630.0,113630.0,127340.0
2022,19430,152031,440.0,53710.0,76540.0,98050.0,125340.0,147040.0
2022,19430,152041,40.0,58360.0,59880.0,83610.0,109980.0,115090.0
2022,19430,152051,210.0,44060.0,51100.0,76250.0,87260.0,110710.0
2022,19430,170000,10990.0,51310.0,68910.0,92830.0,125220.0,153050.0
2022,19430,190000,2990.0,41350.0,60990.0,85840.0,111920.0,134260.0
2022,19430,210000,5720.0,31200.0,38140.0,48990.0,62600.0,79010.0
2022,19430,230000,1900.0,38510.0,47790.0,64780.0,103020.0,154290.0
2022,19430,250000,22040.0,27970.0,37630.0,60820.0,79020.0,96890.0
2022,19430,270000,4860.0,25840.0,32710.0,46630.0,67060.0,93270.0
2022,19430,290000,29240.0,38230.0,51670.0,70500.0,93450.0,133150.0
2022,19430,310000,15300.0,24040.0,28300.0,31820.0,37120.0,45970.0
2022,19430,330000,7340.0,24230.0,30270.0,49180.0,72880.0,82150.0
2022,19430,350000,32630.0,21300.0,22400.0,27140.0,30860.0,38320.0
2022,19430,370000,10010.0,22900.0,26840.0,31020.0,37440.0,47510.0
2022,19430,390000,6000.0,21130.0,22510.0,28420.0,36030.0,48700.0
2022,19430,410000,30120.0,22280.0,25050.0,30160.0,47940.0,79280.0
2022,19430,430000,42470.0,28340.0,33230.0,38740.0,48620.0,61770.0
2022,19430,450000,220.0,22930.0,27990.0,33790.0,43320.0,55980.0
2022,19430,470000,9670.0,35680.0,43240.0,54100.0,65960.0,79840.0
2022,19430,490000,12800.0,30050.0,37910.0,49130.0,61900.0,75780.0
2022,19430,510000,30070.0,29130.0,33450.0,39040.0,48940.0,61630.0
2022,19430,530000,30360.0,23370.0,29320.0,35930.0,45920.0,59500.0
2022,21060,000000,51920.0,22320.0,28790.0,39030.0,58750.0,82630.0
2022,21060,110000,2990.0,39000.0,55490.0,81240.0,110540.0,152020.0
2022,21060,113021,40.0,80640.0,93640.0,126950.0,153030.0,171690.0
2022,21060,130000,3420.0,44200.0,57190.0,70620.0,89900.0,106950.0
2022,21060,150000,1430.0,45490.0,61830.0,81990.0,100530.0,116380.0
2022,21060,151211,70.0,50610.0,58300.0,73650.0,98510.0,121550.0
2022,21060,151212,30.0,54790.0,66850.0,92270.0,99560.0,117160.0
2022,21060,151231,70.0,41510.0,53750.0,64580.0,68640.0,81270.0
2022,21060,151232,230.0,35580.0,40440.0,48140.0,64370.0,65020.0
2022,21060,151244,80.0,42560.0,48090.0,74000.0,95350.0,104260.0
2022,21060,151252,170.0,70290.0,81670.0,96370.0,99390.0,136340.0
2022,21060,151253,30.0,33510.0,46480.0,75230.0,86430.0,99860.0
2022,21060,151299,560.0,69470.0,81990.0,95220.0,110090.0,118880.0
2022,21060,152031,50.0,54720.0,69610.0,103790.0,116380.0,126380.0
2022,21060,170000,660.0,40410.0,47640.0,65270.0,80150.0,102540.0
2022,21060,190000,290.0,37480.0,50500.0,65670.0,81660.0,97880.0
2022,21060,210000,800.0,28720.0,31200.0,41930.0,58470.0,81540.0
2022,21060,230000,260.0,35540.0,45200.0,59990.0,98840.0,126260.0
2022,21060,250000,3070.0,24820.0,34600.0,49230.0,62090.0,71620.0
2022,21060,270000,360.0,25930.0,31010.0,43220.0,66210.0,86070.0
2022,21060,290000,2740.0,30550.0,45600.0,63970.0,90230.0,132840.0
2022,21060,310000,1820.0,21650.0,28100.0,31990.0,36310.0,45440.0
2022,21060,330000,910.0,24920.0,30740.0,39860.0,49290.0,65940.0
2022,21060,350000,5020.0,17510.0,20770.0,23140.0,28270.0,35360.0
2022,21060,370000,1450.0,21550.0,25650.0,29830.0,32230.0,38760.0
2022,21060,390000,930.0,18010.0,20900.0,26230.0,31940.0,41090.0
2022,21060,410000,4820.0,19080.0,22450.0,28210.0,38910.0,63350.0
2022,21060,430000,6660.0,24960.0,30160.0,36900.0,46200.0,57190.0
2022,21060,450000,30.0,21560.0,23600.0,27970.0,35010.0,45230.0
2022,21060,470000,1820.0,30200.0,35940.0,47550.0,59890.0,79920.0
2022,21060,490000,2380.0,28770.0,35820.0,46550.0,60770.0,74690.0
2022,21060,510000,5740.0,28300.0,34060.0,39130.0,48230.0,57090.0
2022,21060,530000,4340.0,22270.0,27910.0,34450.0,43240.0,49790.0
2022,21780,000000,149980.0,23070.0,29620.0,38640.0,59390.0,81730.0
2022,21780,110000,7650.0,44460.0,60900.0,84990.0,126410.0,168550.0
2022,21780,113021,290.0,75550.0,84520.0,116230.0,133090.0,168660.0
2022,21780,130000,6460.0,36490.0,46060.0,59840.0,79090.0,103070.0
2022,21780,150000,2460.0,38380.0,48230.0,63890.0,88940.0,112020.0
2022,21780,151211,300.0,58640.0,69890.0,83290.0,112020.0,127740.0
2022,21780,151231,210.0,37980.0,45930.0,55520.0,76220.0,89950.0
2022,21780,151232,580.0,34330.0,38230.0,45920.0,55290.0,63740.0
2022,21780,151241,120.0,57520.0,62890.0,80690.0,105840.0,126480.0
2022,21780,151242,60.0,38020.0,47800.0,67090.0,91520.0,105570.0
2022,21780,151244,240.0,48260.0,57500.0,71100.0,84420.0,107360.0
2022,21780,151251,70.0,55760.0,60900.0,80920.0,107270.0,139680.0
2022,21780,151252,340.0,61140.0,74340.0,96650.0,117440.0,139980.0
2022,21780,151253,100.0,49250.0,49250.0,61930.0,76500.0,103690.0
2022,21780,151255,90.0,30280.0,37300.0,50460.0,64360.0,91720.0
2022,21780,151299,100.0,39400.0,46740.0,67230.0,102020.0,124560.0
2022,21780,152051,150.0,39930.0,45730.0,63890.0,79110.0,103750.0
2022,21780,170000,2260.0,46330.0,57890.0,74220.0,97120.0,116180.0
2022,21780,190000,990.0,36900.0,44990.0,56670.0,75980.0,100070.0
2022,21780,210000,2230.0,28820.0,34320.0,42000.0,54660.0,72790.0
2022,21780,230000,820.0,35530.0,44360.0,74010.0,126500.0,175270.0
2022,21780,250000,6840.0,26640.0,34530.0,47120.0,60750.0,76280.0
2022,21780,270000,1680.0,24020.0,30010.0,38190.0,53030.0,72900.0
2022,21780,290000,12050.0,34090.0,48820.0,65180.0,82670.0,138760.0
2022,21780,310000,5910.0,23580.0,27880.0,31500.0,37460.0,44500.0
2022,21780,330000,2590.0,25080.0,29110.0,41800.0,65010.0,76430.0
2022,21780,350000,13470.0,17720.0,21470.0,24250.0,29060.0,35990.0
2022,21780,370000,4140.0,21900.0,24470.0,29240.0,35110.0,42420.0
2022,21780,390000,2790.0,18240.0,21340.0,26410.0,32590.0,44830.0
2022,21780,410000,13330.0,20890.0,24170.0,30260.0,45340.0,74390.0
2022,21780,430000,18130.0,26780.0,30580.0,36990.0,46190.0,59240.0
2022,21780,450000,170.0,27660.0,32030.0,35250.0,46600.0,52970.0
2022,21780,470000,6880.0,32230.0,40020.0,51960.0,70980.0,84350.0
2022,21780,490000,7550.0,29970.0,37880.0,48440.0,61880.0,78160.0
2022,21780,510000,14820.0,29090.0,33640.0,38870.0,49900.0,64020.0
2022,21780,530000,16810.0,24950.0,30370.0,35060.0,43210.0,53320.0
2022,23060,000000,217750.0,24650.0,30670.0,41140.0,61660.0,82280.0
2022,23060,110000,10290.0,48550.0,65270.0,94330.0,129520.0,172740.0
2022,23060,113021,410.0,80470.0,98980.0,123490.0,155100.0,172740.0
2022,23060,130000,10380.0,37370.0,47050.0,61310.0,79350.0,101850.0
2022,23060,150000,3750.0,42870.0,53930.0,71720.0,97390.0,122700.0
2022,23060,151211,520.0,53280.0,65170.0,81110.0,98140.0,109590.0
2022,23060,151212,50.0,50170.0,62200.0,77470.0,101620.0,136030.0
2022,23060,151231,410.0,38920.0,48340.0,61570.0,78640.0,102670.0
2022,23060,151232,600.0,34440.0,39880.0,49230.0,61350.0,69100.0
2022,23060,151241,200.0,58170.0,65280.0,83300.0,104720.0,119550.0
2022,23060,151242,60.0,40770.0,53330.0,68820.0,97520.0,106620.0
2022,23060,151243,50.0,68160.0,78010.0,90120.0,107290.0,121010.0
2022,23060,151244,340.0,50890.0,59810.0,74910.0,90700.0,115310.0
2022,23060,151251,150.0,48240.0,58350.0,81170.0,104800.0,137310.0
2022,23060,151252,680.0,59400.0,75280.0,98260.0,122700.0,138470.0
2022,23060,151253,90.0,50870.0,62370.0,79480.0,95070.0,109150.0
2022,23060,151254,60.0,35570.0,47910.0,62400.0,77260.0,89340.0
2022,23060,151255,110.0,34130.0,48180.0,68060.0,104310.0,108740.0
2022,23060,151299,160.0,31080.0,43180.0,68070.0,92580.0,129490.0
2022,23060,152031,100.0,52210.0,56510.0,67330.0,83160.0,106540.0
2022,23060,152051,140.0,43980.0,55720.0,74380.0,91970.0,103620.0
2022,23060,170000,3780.0,45820.0,58770.0,75110.0,95810.0,121900.0
2022,23060,190000,1140.0,37620.0,47460.0,62770.0,80760.0,110220.0
2022,23060,210000,3150.0,30730.0,36190.0,45320.0,58430.0,74910.0
2022,23060,230000,1210.0,36360.0,46550.0,75660.0,117330.0,166630.0
2022,23060,250000,10310.0,24240.0,30180.0,45720.0,60580.0,76630.0
2022,23060,270000,2550.0,26000.0,31930.0,41540.0,54190.0,74890.0
2022,23060,290000,15990.0,37320.0,50910.0,64510.0,94180.0,166030.0
2022,23060,310000,9380.0,24600.0,28160.0,31810.0,37740.0,44460.0
2022,23060,330000,3520.0,27050.0,34300.0,58020.0,65510.0,75580.0
2022,23060,350000,18820.0,18460.0,22050.0,26330.0,30220.0,37060.0
2022,23060,370000,6020.0,23120.0,27170.0,30110.0,36570.0,42710.0
2022,23060,390000,3560.0,19080.0,22540.0,27470.0,32980.0,46770.0
2022,23060,410000,19970.0,22020.0,25900.0,32980.0,52250.0,87240.0
2022,23060,430000,25490.0,28500.0,31920.0,38270.0,47610.0,60370.0
2022,23060,450000,140.0,23930.0,28530.0,33980.0,43130.0,47740.0
2022,23060,470000,8870.0,35820.0,43990.0,53550.0,69620.0,79310.0
2022,23060,490000,9650.0,30710.0,38080.0,48460.0,61850.0,75940.0
2022,23060,510000,26730.0,30120.0,35330.0,40840.0,55970.0,65230.0
2022,23060,530000,23050.0,25220.0,30090.0,36230.0,47510.0,59700.0
2022,26580,000000,127640.0,21760.0,27340.0,37480.0,57370.0,82550.0
2022,26580,110000,6800.0,37320.0,51630.0,77130.0,107670.0,156700.0
2022,26580,113021,110.0,77420.0,90930.0,123980.0,146400.0,178310.0
2022,26580,130000,4260.0,36290.0,45570.0,60010.0,80340.0,101170.0
2022,26580,150000,1280.0,36240.0,46920.0,63400.0,84990.0,108930.0
2022,26580,151211,120.0,42940.0,58570.0,77120.0,101290.0,112840.0
2022,26580,151212,30.0,44990.0,66300.0,91870.0,152740.0,152740.0
2022,26580,151231,110.0,37540.0,45270.0,57180.0,74310.0,80590.0
2022,26580,151232,270.0,30200.0,36450.0,46590.0,57740.0,67690.0
2022,26580,151241,30.0,55530.0,77740.0,83920.0,96970.0,120880.0
2022,26580,151242,50.0,39680.0,51110.0,61120.0,88820.0,101520.0
2022,26580,151244,170.0,41480.0,52000.0,66300.0,82200.0,103630.0
2022,26580,151251,30.0,41880.0,47690.0,67250.0,96450.0,112880.0
2022,26580,151252,130.0,48200.0,62150.0,75500.0,104360.0,135660.0
2022,26580,151299,170.0,36310.0,52440.0,75650.0,103170.0,116380.0
2022,26580,152031,40.0,42850.0,51850.0,62010.0,83870.0,94370.0
2022,26580,170000,1430.0,42160.0,53190.0,70790.0,96120.0,117370.0
2022,26580,190000,930.0,33430.0,44910.0,61410.0,82830.0,103540.0
2022,26580,210000,2920.0,25900.0,30330.0,38300.0,48670.0,64770.0
2022,26580,230000,760.0,34150.0,48160.0,61820.0,103790.0,145750.0
2022,26580,250000,8230.0,24040.0,37160.0,47980.0,60860.0,80370.0
2022,26580,270000,840.0,23090.0,29120.0,36190.0,48240.0,72470.0
2022,26580,290000,13190.0,34160.0,46450.0,66370.0,85830.0,134520.0
2022,26580,310000,7750.0,21590.0,22790.0,27460.0,33810.0,40650.0
2022,26580,330000,2160.0,21430.0,27000.0,37670.0,48020.0,61800.0
2022,26580,350000,12740.0,18530.0,21310.0,22560.0,28230.0,35790.0
2022,26580,370000,3180.0,21650.0,23400.0,28160.0,34270.0,39800.0
2022,26580,390000,2260.0,18580.0,21790.0,26890.0,36200.0,42040.0
2022,26580,410000,12370.0,20230.0,21990.0,27350.0,37250.0,60380.0
2022,26580,430000,15930.0,23610.0,28790.0,36090.0,43930.0,53840.0
2022,26580,450000,120.0,21720.0,27290.0,30140.0,36500.0,49090.0
2022,26580,470000,6600.0,30340.0,37040.0,48190.0,65440.0,82090.0
2022,26580,490000,5850.0,26650.0,33960.0,45490.0,61200.0,80460.0
2022,26580,510000,7780.0,25070.0,31960.0,38570.0,49420.0,65580.0
2022,26580,530000,10280.0,21740.0,27010.0,33280.0,45350.0,57700.0
2022,26900,000000,1051250.0,26220.0,32200.0,44790.0,64960.0,98820.0
2022,26900,110000,61120.0,48680.0,67040.0,100400.0,137950.0,203810.0
2022,26900,113021,3380.0,79270.0,100690.0,130670.0,163300.0,176300.0
2022,26900,130000,64600.0,40040.0,51140.0,69270.0,94220.0,124630.0
2022,26900,150000,30130.0,45360.0,58990.0,81540.0,106980.0,133890.0
2022,26900,151211,4480.0,57920.0,73430.0,91830.0,112480.0,138930.0
2022,26900,151212,660.0,54680.0,67570.0,85410.0,108510.0,137790.0
2022,26900,151231,1560.0,39060.0,49000.0,61780.0,79070.0,101860.0
2022,26900,151232,4910.0,34840.0,39480.0,51790.0,61640.0,79160.0
2022,26900,151241,1590.0,45360.0,69150.0,104070.0,135220.0,152370.0
2022,26900,151242,590.0,49010.0,60120.0,76810.0,102790.0,126990.0
2022,26900,151243,310.0,58940.0,67200.0,94260.0,111370.0,130630.0
2022,26900,151244,2640.0,53350.0,62820.0,78470.0,101060.0,127500.0
2022,26900,151251,,50150.0,64190.0,90260.0,127360.0,211780.0
2022,26900,151252,6960.0,61690.0,81330.0,104600.0,128520.0,142830.0
2022,26900,151253,880.0,54790.0,62680.0,79480.0,106720.0,129030.0
2022,26900,151254,420.0,39280.0,57320.0,71750.0,93450.0,116160.0
2022,26900,151255,630.0,32640.0,45760.0,58240.0,83230.0,103790.0
2022,26900,151299,1960.0,48290.0,71720.0,90750.0,107910.0,129710.0
2022,26900,152031,720.0,48750.0,56970.0,67380.0,90420.0,129190.0
2022,26900,152041,160.0,55330.0,65330.0,87620.0,113830.0,149600.0
2022,26900,152051,980.0,45670.0,58750.0,78400.0,103250.0,121460.0
2022,26900,170000,13240.0,47780.0,61680.0,78470.0,100620.0,125040.0
2022,26900,190000,9360.0,39460.0,49030.0,63200.0,81570.0,112490.0
2022,26900,210000,15010.0,32800.0,37780.0,46030.0,60090.0,75960.0
2022,26900,230000,8320.0,40190.0,51610.0,82040.0,144640.0,209370.0
2022,26900,250000,46260.0,27700.0,35880.0,48500.0,67030.0,96810.0
2022,26900,270000,12380.0,27480.0,34140.0,46800.0,67150.0,94920.0
2022,26900,290000,74340.0,38090.0,53040.0,75900.0,103310.0,209060.0
2022,26900,310000,37940.0,26170.0,29490.0,34420.0,40320.0,48370.0
2022,26900,330000,23190.0,27060.0,30760.0,42930.0,65140.0,76890.0
2022,26900,350000,89430.0,19000.0,22470.0,27410.0,32650.0,38550.0
2022,26900,370000,29070.0,24650.0,28310.0,31550.0,37300.0,46000.0
2022,26900,390000,18980.0,20260.0,23110.0,28510.0,34970.0,48080.0
2022,26900,410000,92680.0,22770.0,27330.0,34600.0,57620.0,91300.0
2022,26900,430000,130920.0,28810.0,34550.0,40060.0,50020.0,64200.0
2022,26900,450000,690.0,22780.0,29850.0,35340.0,43110.0,51370.0
2022,26900,470000,41990.0,36840.0,45650.0,56620.0,75610.0,85820.0
2022,26900,490000,42990.0,32930.0,39030.0,50070.0,64070.0,80620.0
2022,26900,510000,66460.0,29840.0,34830.0,40040.0,50370.0,64390.0
2022,26900,530000,142160.0,28300.0,32150.0,38570.0,47720.0,61500.0
2022,29020,000000,34840.0,23370.0,29650.0,42900.0,66450.0,79540.0
2022,29020,110000,1300.0,40010.0,58180.0,82700.0,118020.0,161590.0
2022,29020,130000,1060.0,36790.0,47910.0,64720.0,82880.0,110030.0
2022,29020,150000,230.0,35370.0,45200.0,62250.0,106510.0,132030.0
2022,29020,151232,60.0,30460.0,33420.0,38350.0,48590.0,62060.0
2022,29020,151244,30.0,45830.0,51130.0,63770.0,88530.0,125310.0
2022,29020,151252,30.0,55470.0,85190.0,132620.0,135440.0,218370.0
2022,29020,170000,400.0,47520.0,66750.0,96200.0,96450.0,125230.0
2022,29020,190000,160.0,35950.0,41670.0,56270.0,79200.0,103170.0
2022,29020,210000,670.0,30750.0,34230.0,40280.0,49210.0,63600.0
2022,29020,230000,150.0,37850.0,47710.0,69290.0,140780.0,173380.0
2022,29020,250000,2050.0,25050.0,31470.0,47330.0,61590.0,76980.0
2022,29020,270000,270.0,26090.0,30610.0,36040.0,46030.0,59440.0
2022,29020,290000,2090.0,36130.0,50610.0,73070.0,92610.0,114360.0
2022,29020,310000,1500.0,23900.0,27950.0,31600.0,37140.0,45700.0
2022,29020,330000,380.0,28690.0,39150.0,47090.0,59910.0,71820.0
2022,29020,350000,4220.0,18380.0,22080.0,26520.0,29950.0,36540.0
2022,29020,370000,820.0,22560.0,26420.0,30320.0,36630.0,42900.0
2022,29020,390000,500.0,19600.0,22260.0,27690.0,32830.0,46960.0
2022,29020,410000,3340.0,21000.0,23620.0,29360.0,39540.0,62400.0
2022,29020,430000,2990.0,26520.0,30980.0,37410.0,46270.0,59130.0
2022,29020,470000,1480.0,36500.0,47970.0,78770.0,78960.0,87670.0
2022,29020,490000,1660.0,33850.0,42910.0,59650.0,78790.0,83410.0
2022,29020,510000,6860.0,36070.0,46700.0,66450.0,66450.0,66450.0
2022,29020,530000,2690.0,24540.0,28010.0,33820.0,46440.0,60260.0
2022,29200,000000,96060.0,24100.0,30520.0,42980.0,64650.0,92160.0
2022,29200,110000,5030.0,47550.0,64870.0,94370.0,130460.0,174630.0
2022,29200,113021,260.0,75320.0,82210.0,101580.0,130540.0,163060.0
2022,29200,130000,3610.0,37130.0,49560.0,64530.0,82910.0,114940.0
2022,29200,150000,1960.0,40960.0,52070.0,67750.0,87350.0,118060.0
2022,29200,151211,310.0,58200.0,67630.0,84980.0,107460.0,138820.0
2022,29200,151231,150.0,39910.0,51130.0,67150.0,84650.0,99740.0
2022,29200,151232,420.0,31940.0,37980.0,47100.0,52070.0,64700.0
2022,29200,151241,50.0,59660.0,72720.0,101900.0,125810.0,141900.0
2022,29200,151242,30.0,47540.0,62880.0,71140.0,84230.0,105730.0
2022,29200,151244,220.0,52230.0,62110.0,76780.0,86580.0,106910.0
2022,29200,151251,70.0,61770.0,67510.0,86910.0,99510.0,117140.0
2022,29200,151252,270.0,60930.0,67750.0,83270.0,110860.0,131450.0
2022,29200,151253,40.0,31200.0,44390.0,61380.0,99320.0,118060.0
2022,29200,151254,40.0,35800.0,51010.0,86160.0,89920.0,97230.0
2022,29200,151255,60.0,31160.0,50580.0,65970.0,65970.0,75550.0
2022,29200,151299,50.0,32200.0,48350.0,68340.0,101260.0,141930.0
2022,29200,152031,70.0,57720.0,63850.0,102860.0,129940.0,137420.0
2022,29200,152051,160.0,52270.0,63990.0,71840.0,86190.0,108170.0
2022,29200,170000,1930.0,50680.0,63830.0,82080.0,102610.0,129010.0
2022,29200,190000,1180.0,38530.0,48400.0,63860.0,82350.0,106830.0
2022,29200,210000,1710.0,30030.0,36710.0,46490.0,54930.0,65390.0
2022,29200,230000,320.0,37640.0,45830.0,77880.0,138610.0,167080.0
2022,29200,250000,7550.0,28550.0,46500.0,60880.0,94330.0,137880.0
2022,29200,270000,1110.0,28820.0,36170.0,52590.0,69340.0,88710.0
2022,29200,290000,5830.0,36710.0,50210.0,64650.0,95660.0,144920.0
2022,29200,310000,3630.0,24340.0,28890.0,34690.0,38780.0,44800.0
2022,29200,330000,1620.0,22060.0,27010.0,45330.0,65060.0,74480.0
2022,29200,350000,9590.0,18510.0,21770.0,26370.0,30140.0,36920.0
2022,29200,370000,3110.0,23680.0,26260.0,29370.0,36340.0,43060.0
2022,29200,390000,1680.0,20790.0,22900.0,28180.0,36260.0,48040.0
2022,29200,410000,7190.0,21930.0,24060.0,30300.0,43500.0,72400.0
2022,29200,430000,8370.0,27640.0,31680.0,38590.0,47980.0,61490.0
2022,29200,450000,170.0,28190.0,36110.0,41110.0,48050.0,54020.0
2022,29200,470000,3480.0,35030.0,40490.0,51790.0,72070.0,79990.0
2022,29200,490000,3990.0,31420.0,38590.0,49730.0,63460.0,79460.0
2022,29200,510000,14320.0,31270.0,38260.0,46750.0,64690.0,65820.0
2022,29200,530000,8660.0,25340.0,29240.0,35630.0,44910.0,57310.0
2022,30460,000000,267800.0,23940.0,30580.0,42640.0,63090.0,87270.0
2022,30460,110000,16360.0,41790.0,59980.0,87290.0,129030.0,175910.0
2022,30460,113021,420.0,78920.0,95250.0,119640.0,152260.0,184320.0
2022,30460,130000,12200.0,40150.0,50160.0,64790.0,84050.0,110350.0
2022,30460,150000,6170.0,42840.0,52000.0,70630.0,98660.0,128440.0
2022,30460,151211,540.0,56680.0,66450.0,84080.0,103400.0,116560.0
2022,30460,151212,220.0,52250.0,69030.0,90600.0,125000.0,164340.0
2022,30460,151221,80.0,53190.0,66460.0,86810.0,90180.0,106080.0
2022,30460,151231,530.0,40590.0,49480.0,61900.0,72860.0,86070.0
2022,30460,151232,1110.0,37270.0,43110.0,49570.0,60650.0,73840.0
2022,30460,151241,170.0,62400.0,70370.0,87820.0,121820.0,167230.0
2022,30460,151242,110.0,47250.0,64080.0,81670.0,109480.0,125060.0
2022,30460,151243,130.0,60210.0,65470.0,88570.0,108500.0,129600.0
2022,30460,151244,440.0,53440.0,65220.0,78270.0,97420.0,104690.0
2022,30460,151251,180.0,49080.0,64440.0,84990.0,107000.0,122090.0
2022,30460,151252,920.0,63400.0,80960.0,101920.0,129170.0,151920.0
2022,30460,151253,200.0,33660.0,55880.0,78800.0,94180.0,107010.0
2022,30460,151254,230.0,46240.0,46240.0,46240.0,59990.0,85110.0
2022,30460,151255,80.0,41920.0,47430.0,63640.0,73070.0,93550.0
2022,30460,151299,550.0,41700.0,54050.0,81940.0,123880.0,154430.0
2022,30460,152031,370.0,42030.0,49570.0,52000.0,66900.0,89180.0
2022,30460,152041,50.0,43250.0,65580.0,69600.0,83390.0,111870.0
2022,30460,152051,270.0,51860.0,67590.0,85090.0,106980.0,139750.0
2022,30460,170000,4700.0,43200.0,55480.0,75370.0,98820.0,125440.0
2022,30460,190000,3010.0,38170.0,47510.0,63430.0,79350.0,102620.0
2022,30460,210000,4530.0,30490.0,36380.0,48730.0,61180.0,79040.0
2022,30460,230000,1800.0,39750.0,49940.0,72820.0,104560.0,165480.0
2022,30460,250000,12270.0,28730.0,38910.0,51410.0,64820.0,82570.0
2022,30460,270000,3130.0,25330.0,34120.0,46240.0,64460.0,87150.0
2022,30460,290000,22470.0,37290.0,49560.0,70890.0,85330.0,130600.0
2022,30460,310000,9810.0,25280.0,29140.0,35680.0,38110.0,47780.0
2022,30460,330000,6480.0,22420.0,28230.0,35150.0,49200.0,63200.0
2022,30460,350000,25040.0,18730.0,21420.0,26210.0,31320.0,38810.0
2022,30460,370000,7480.0,22700.0,26590.0,30220.0,35100.0,41680.0
2022,30460,390000,7190.0,19630.0,22730.0,28460.0,34010.0,46540.0
2022,30460,410000,21710.0,21830.0,24960.0,30730.0,46850.0,75560.0
2022,30460,430000,34350.0,26390.0,31260.0,38710.0,47740.0,60340.0
2022,30460,450000,970.0,23320.0,29340.0,33160.0,44500.0,55520.0
2022,30460,470000,8710.0,31480.0,37950.0,48010.0,61760.0,79350.0
2022,30460,490000,10350.0,29510.0,37480.0,49870.0,63790.0,80650.0
2022,30460,510000,23310.0,29690.0,36140.0,47170.0,63090.0,64110.0
2022,30460,530000,25750.0,26000.0,30770.0,37160.0,48050.0,63030.0
2022,30620,000000,49110.0,23260.0,29560.0,41450.0,62290.0,85580.0
2022,30620,110000,2650.0,45430.0,61170.0,87160.0,124990.0,168890.0
2022,30620,113021,40.0,87160.0,97620.0,120870.0,151830.0,192200.0
2022,30620,130000,1880.0,37250.0,48310.0,63590.0,85950.0,114950.0
2022,30620,150000,560.0,40310.0,54580.0,73960.0,99870.0,129000.0
2022,30620,151211,40.0,61920.0,66970.0,77440.0,98310.0,118440.0
2022,30620,151231,50.0,30830.0,47880.0,55690.0,84150.0,97280.0
2022,30620,151232,130.0,32190.0,40220.0,50160.0,62010.0,77780.0
2022,30620,151244,100.0,51170.0,66080.0,81750.0,102070.0,127760.0
2022,30620,151252,90.0,62660.0,80840.0,97750.0,129250.0,133950.0
2022,30620,170000,830.0,46380.0,66120.0,82100.0,104330.0,131650.0
2022,30620,190000,340.0,36340.0,45760.0,58090.0,87300.0,107320.0
2022,30620,210000,720.0,28950.0,36270.0,47820.0,61860.0,76750.0
2022,30620,230000,150.0,35730.0,45930.0,64910.0,90380.0,167570.0
2022,30620,250000,2760.0,27950.0,36810.0,58960.0,75900.0,94170.0
2022,30620,270000,590.0,25700.0,31470.0,42610.0,62100.0,82940.0
2022,30620,290000,4480.0,37580.0,49920.0,63500.0,79610.0,130490.0
2022,30620,310000,2240.0,23160.0,26970.0,29970.0,37040.0,45520.0
2022,30620,330000,980.0,28610.0,41890.0,51330.0,60960.0,80850.0
2022,30620,350000,4460.0,20590.0,21940.0,25580.0,29270.0,36240.0
2022,30620,370000,1260.0,21210.0,23800.0,29220.0,35560.0,44840.0
2022,30620,390000,740.0,20320.0,22040.0,27030.0,35020.0,47150.0
2022,30620,410000,3950.0,21560.0,23240.0,29170.0,44690.0,70440.0
2022,30620,430000,5470.0,26880.0,31050.0,37230.0,46600.0,60550.0
2022,30620,470000,1620.0,35270.0,41530.0,52630.0,64390.0,83130.0
2022,30620,490000,2090.0,29300.0,37250.0,48520.0,61350.0,79570.0
2022,30620,510000,6100.0,27250.0,34280.0,42430.0,57300.0,67710.0
2022,30620,530000,5210.0,23650.0,29590.0,35670.0,44620.0,56540.0
2022,31140,000000,643330.0,25680.0,32260.0,44360.0,63200.0,94480.0
2022,31140,110000,38540.0,46710.0,64060.0,97270.0,133910.0,197360.0
2022,31140,113021,1120.0,77660.0,99230.0,126250.0,155480.0,188880.0
2022,31140,130000,32390.0,40800.0,51150.0,65210.0,87010.0,115250.0
2022,31140,150000,17430.0,45760.0,60470.0,80560.0,104180.0,132580.0
2022,31140,151211,1590.0,53630.0,67550.0,84740.0,106580.0,131750.0
2022,31140,151212,450.0,50770.0,64350.0,88690.0,117260.0,144800.0
2022,31140,151221,80.0,68190.0,92560.0,92570.0,111280.0,147220.0
2022,31140,151231,1090.0,44720.0,49960.0,61630.0,80210.0,107210.0
2022,31140,151232,2640.0,37460.0,42530.0,49350.0,62100.0,75230.0
2022,31140,151241,420.0,63310.0,89320.0,109990.0,138570.0,155110.0
2022,31140,151242,340.0,48500.0,69940.0,70760.0,106560.0,132710.0
2022,31140,151243,360.0,66060.0,80180.0,120870.0,122830.0,145660.0
2022,31140,151244,1450.0,57160.0,64760.0,80560.0,98850.0,114660.0
2022,31140,151251,740.0,62470.0,62470.0,62470.0,101840.0,125310.0
2022,31140,151252,3530.0,66200.0,84650.0,101580.0,125390.0,155930.0
2022,31140,151253,640.0,49120.0,66590.0,81920.0,97110.0,109690.0
2022,31140,151254,280.0,47500.0,55930.0,74960.0,90740.0,103120.0
2022,31140,151255,230.0,39840.0,48690.0,65480.0,78670.0,117200.0
2022,31140,151299,1730.0,47660.0,52520.0,70850.0,116380.0,138530.0
2022,31140,152031,380.0,50880.0,61300.0,70850.0,81510.0,102480.0
2022,31140,152041,90.0,72820.0,83000.0,97880.0,106700.0,122680.0
2022,31140,152051,,62730.0,75650.0,81990.0,98950.0,114510.0
2022,31140,170000,9170.0,43990.0,58120.0,77210.0,99640.0,123170.0
2022,31140,190000,3310.0,37490.0,48270.0,62000.0,84100.0,106950.0
2022,31140,210000,9420.0,31640.0,37780.0,48310.0,60270.0,76410.0
2022,31140,230000,4130.0,38800.0,46220.0,63840.0,106730.0,163490.0
2022,31140,250000,25130.0,28610.0,39230.0,57820.0,73790.0,79040.0
2022,31140,270000,6160.0,28860.0,36440.0,48680.0,68970.0,95450.0
2022,31140,290000,44230.0,37120.0,50810.0,72580.0,94800.0,151790.0
2022,31140,310000,22760.0,25200.0,28860.0,34830.0,39280.0,46000.0
2022,31140,330000,11190.0,23080.0,28460.0,35220.0,49600.0,66420.0
2022,31140,350000,52790.0,19000.0,21840.0,26920.0,32500.0,38700.0
2022,31140,370000,16300.0,22890.0,26360.0,30550.0,35780.0,45610.0
2022,31140,390000,12490.0,20500.0,22540.0,28420.0,35530.0,47230.0
2022,31140,410000,54680.0,22460.0,26380.0,33480.0,52250.0,82750.0
2022,31140,430000,83570.0,28210.0,33550.0,39370.0,49280.0,63760.0
2022,31140,450000,500.0,23620.0,29740.0,37590.0,46590.0,55170.0
2022,31140,470000,22160.0,35310.0,39200.0,49240.0,63760.0,79070.0
2022,31140,490000,27770.0,31190.0,38910.0,50770.0,66910.0,82970.0
2022,31140,510000,60760.0,30070.0,35300.0,42730.0,55070.0,63790.0
2022,31140,530000,88450.0,28450.0,34610.0,41080.0,49120.0,65070.0
2022,31900,000000,48300.0,22710.0,28660.0,38330.0,56080.0,77620.0
2022,31900,110000,2430.0,40000.0,57370.0,79140.0,112180.0,162460.0
2022,31900,113021,30.0,70990.0,90380.0,122010.0,171880.0,
2022,31900,130000,1640.0,35970.0,45690.0,59330.0,78220.0,100020.0
2022,31900,150000,450.0,37830.0,49030.0,67770.0,89220.0,123580.0
2022,31900,151211,30.0,57440.0,74750.0,82290.0,127760.0,151790.0
2022,31900,151231,30.0,35060.0,39370.0,47840.0,75790.0,102710.0
2022,31900,151232,90.0,31450.0,37830.0,47300.0,61050.0,80590.0
2022,31900,151244,90.0,47340.0,62980.0,72880.0,83520.0,107980.0
2022,31900,151252,90.0,52930.0,64230.0,89220.0,122870.0,148020.0
2022,31900,170000,560.0,38890.0,56340.0,74180.0,90930.0,109520.0
2022,31900,190000,160.0,35990.0,46530.0,62330.0,80870.0,99880.0
2022,31900,210000,860.0,27010.0,32710.0,42910.0,57860.0,74040.0
2022,31900,230000,180.0,32820.0,38490.0,58070.0,84860.0,165920.0
2022,31900,250000,3040.0,27070.0,36000.0,58190.0,75410.0,95310.0
2022,31900,270000,440.0,22870.0,28510.0,34960.0,48890.0,67340.0
2022,31900,290000,3150.0,35130.0,46700.0,61460.0,79640.0,133160.0
2022,31900,310000,1650.0,22620.0,26260.0,29050.0,34800.0,42160.0
2022,31900,330000,1590.0,29840.0,42100.0,52150.0,59240.0,69870.0
2022,31900,350000,4770.0,20260.0,21720.0,25630.0,28810.0,36040.0
2022,31900,370000,1110.0,21990.0,24720.0,29210.0,36030.0,44960.0
2022,31900,390000,800.0,19340.0,21510.0,26860.0,35560.0,47270.0
2022,31900,410000,4580.0,21340.0,22950.0,28500.0,41790.0,66290.0
2022,31900,430000,5680.0,25980.0,30260.0,36110.0,45160.0,56850.0
2022,31900,450000,80.0,23740.0,26690.0,35440.0,44490.0,50440.0
2022,31900,470000,1670.0,34160.0,39790.0,48760.0,61250.0,75500.0
2022,31900,490000,2090.0,28520.0,37030.0,48440.0,59450.0,73240.0
2022,31900,510000,6190.0,27770.0,31560.0,38900.0,46270.0,56360.0
2022,31900,530000,5170.0,23350.0,28410.0,34890.0,44150.0,55080.0
2022,34620,000000,44200.0,22480.0,28930.0,37710.0,58580.0,79690.0
2022,34620,110000,2170.0,44360.0,60910.0,86610.0,123740.0,168680.0
2022,34620,113021,120.0,74240.0,86080.0,123670.0,132050.0,158300.0
2022,34620,130000,1740.0,36520.0,46930.0,61010.0,79920.0,101670.0
2022,34620,150000,970.0,38110.0,52350.0,74070.0,98080.0,121930.0
2022,34620,151211,170.0,50350.0,62070.0,77110.0,98080.0,119840.0
2022,34620,151231,30.0,32040.0,45150.0,51680.0,62600.0,79980.0
2022,34620,151232,200.0,32980.0,33460.0,47980.0,57620.0,62030.0
2022,34620,151241,60.0,42000.0,67360.0,81540.0,114290.0,129130.0
2022,34620,151244,80.0,50470.0,60870.0,76610.0,97610.0,119570.0
2022,34620,151251,30.0,39460.0,53920.0,80700.0,99830.0,116030.0
2022,34620,151252,200.0,61250.0,75590.0,95790.0,101420.0,123440.0
2022,34620,151299,40.0,42350.0,65100.0,97720.0,121930.0,129950.0
2022,34620,170000,410.0,44810.0,57470.0,70590.0,89660.0,108970.0
2022,34620,190000,200.0,34910.0,39020.0,55620.0,72210.0,99350.0
2022,34620,210000,980.0,30530.0,36380.0,42930.0,48660.0,60700.0
2022,34620,230000,220.0,31260.0,41000.0,49980.0,80860.0,135530.0
2022,34620,250000,3520.0,23900.0,36760.0,49420.0,64140.0,81980.0
2022,34620,270000,530.0,24420.0,31010.0,43990.0,59890.0,80790.0
2022,34620,290000,3780.0,35360.0,48150.0,61940.0,81150.0,150660.0
2022,34620,310000,2080.0,25140.0,27840.0,31510.0,36750.0,43850.0
2022,34620,330000,620.0,27630.0,38920.0,58180.0,60510.0,76460.0
2022,34620,350000,5250.0,17560.0,21430.0,24960.0,29180.0,35280.0
2022,34620,370000,1630.0,22740.0,27640.0,34460.0,36420.0,43660.0
2022,34620,390000,1010.0,19690.0,22300.0,27610.0,33610.0,42030.0
2022,34620,410000,4470.0,20830.0,22910.0,29170.0,38350.0,62470.0
2022,34620,430000,5310.0,26190.0,30250.0,36520.0,44590.0,56200.0
2022,34620,450000,40.0,19660.0,27320.0,30810.0,31280.0,35840.0
2022,34620,470000,1300.0,31630.0,37500.0,47610.0,61410.0,73820.0
2022,34620,490000,1700.0,29350.0,35860.0,45510.0,58080.0,66200.0
2022,34620,510000,2710.0,28700.0,35010.0,40490.0,48000.0,60860.0
2022,34620,530000,3540.0,23330.0,28710.0,34590.0,45800.0,61490.0
2022,36980,000000,50600.0,22900.0,29140.0,39790.0,59680.0,79440.0
2022,36980,110000,2620.0,41100.0,57990.0,81620.0,120320.0,164100.0
2022,36980,113021,40.0,82930.0,100980.0,123870.0,148730.0,177400.0
2022,36980,130000,1760.0,40770.0,50650.0,63560.0,82670.0,106120.0
2022,36980,150000,480.0,43850.0,51040.0,72810.0,96890.0,120250.0
2022,36980,151211,80.0,61900.0,72990.0,81550.0,104880.0,135780.0
2022,36980,151232,120.0,38000.0,45910.0,49520.0,63170.0,76900.0
2022,36980,151244,40.0,44090.0,62510.0,75310.0,95860.0,108210.0
2022,36980,151252,50.0,43420.0,79530.0,91050.0,120870.0,149420.0
2022,36980,151299,30.0,50250.0,52470.0,71570.0,109570.0,129370.0
2022,36980,170000,690.0,45430.0,59180.0,73500.0,99570.0,124220.0
2022,36980,190000,320.0,36970.0,46880.0,62570.0,79620.0,102690.0
2022,36980,210000,770.0,24670.0,32580.0,43650.0,59640.0,73250.0
2022,36980,230000,230.0,36570.0,47330.0,55990.0,83680.0,139650.0
2022,36980,250000,2780.0,28220.0,33530.0,49200.0,62560.0,67220.0
2022,36980,270000,380.0,25930.0,30070.0,38200.0,51750.0,73110.0
2022,36980,290000,4090.0,35400.0,49670.0,65200.0,80380.0,130740.0
2022,36980,310000,2220.0,23170.0,28440.0,31870.0,36670.0,42550.0
2022,36980,330000,1120.0,20910.0,27370.0,28530.0,38820.0,49180.0
2022,36980,350000,4510.0,17990.0,21330.0,24440.0,29400.0,36290.0
2022,36980,370000,1690.0,21890.0,23410.0,28580.0,32300.0,39210.0
2022,36980,390000,900.0,17900.0,21330.0,24640.0,29540.0,40230.0
2022,36980,410000,4360.0,19740.0,23090.0,28870.0,40310.0,63740.0
2022,36980,430000,6140.0,26000.0,31070.0,37890.0,46310.0,57560.0
2022,36980,450000,80.0,22010.0,26590.0,33450.0,51580.0,53690.0
2022,36980,470000,1930.0,30250.0,37070.0,46510.0,60210.0,76610.0
2022,36980,490000,2590.0,29880.0,38250.0,52460.0,65670.0,78490.0
2022,36980,510000,5930.0,28740.0,37890.0,50160.0,57520.0,65670.0
2022,36980,530000,5010.0,24580.0,29090.0,36560.0,48430.0,61100.0
2022,37620,000000,35090.0,21390.0,25890.0,36030.0,56680.0,83410.0
2022,37620,110000,1790.0,38080.0,55930.0,80150.0,123280.0,161810.0
2022,37620,130000,2500.0,39660.0,54720.0,79350.0,96320.0,110090.0
2022,37620,150000,660.0,44120.0,63250.0,84640.0,100650.0,113240.0
2022,37620,151231,30.0,35480.0,39830.0,49800.0,64600.0,80320.0
2022,37620,151232,50.0,26310.0,33510.0,46940.0,58180.0,71140.0
2022,37620,151244,60.0,37780.0,53370.0,53640.0,76020.0,101350.0
2022,37620,151299,460.0,67330.0,81990.0,92580.0,103790.0,116380.0
2022,37620,170000,360.0,43040.0,57050.0,76980.0,99670.0,122610.0
2022,37620,190000,180.0,34240.0,37810.0,51920.0,74350.0,97880.0
2022,37620,210000,700.0,25150.0,29510.0,37140.0,47610.0,62350.0
2022,37620,230000,380.0,37470.0,48800.0,66210.0,87300.0,126380.0
2022,37620,250000,1770.0,27660.0,39030.0,46180.0,57170.0,73730.0
2022,37620,270000,270.0,23070.0,27990.0,32910.0,46230.0,68990.0
2022,37620,290000,2660.0,30490.0,42630.0,60840.0,77240.0,114400.0
2022,37620,310000,2060.0,21150.0,23020.0,25860.0,31060.0,35420.0
2022,37620,330000,650.0,20890.0,26950.0,37810.0,50420.0,53290.0
2022,37620,350000,3700.0,18460.0,21160.0,22340.0,27890.0,34530.0
2022,37620,370000,840.0,21290.0,22840.0,27310.0,31300.0,39040.0
2022,37620,390000,570.0,18830.0,20940.0,26090.0,30660.0,40620.0
2022,37620,410000,3970.0,18970.0,21590.0,25970.0,34130.0,48240.0
2022,37620,430000,4220.0,22880.0,28310.0,33340.0,41260.0,51440.0
2022,37620,450000,40.0,25330.0,28350.0,33310.0,38830.0,45110.0
2022,37620,470000,1420.0,28920.0,34110.0,41600.0,57570.0,72710.0
2022,37620,490000,1740.0,25450.0,31570.0,43900.0,60460.0,80060.0
2022,37620,510000,1720.0,24240.0,30470.0,37480.0,49200.0,80210.0
2022,37620,530000,2870.0,21140.0,24430.0,30480.0,40020.0,52940.0
2022,44220,000000,46450.0,23850.0,29780.0,40010.0,60000.0,81810.0
2022,44220,110000,2440.0,45030.0,59780.0,85450.0,124000.0,170660.0
2022,44220,113021,70.0,84990.0,104320.0,127860.0,166300.0,
2022,44220,130000,1940.0,37720.0,47910.0,64510.0,80860.0,100020.0
2022,44220,150000,740.0,40920.0,54240.0,79120.0,104130.0,130460.0
2022,44220,151211,80.0,64280.0,77210.0,92940.0,101280.0,122140.0
2022,44220,151231,50.0,48480.0,55650.0,63140.0,80700.0,113050.0
2022,44220,151232,170.0,32120.0,34640.0,43410.0,60130.0,79400.0
2022,44220,151244,100.0,57680.0,65090.0,79120.0,105570.0,128770.0
2022,44220,151251,60.0,,,,,
2022,44220,151252,120.0,63450.0,82080.0,106970.0,132520.0,149910.0
2022,44220,151299,60.0,45600.0,65390.0,81990.0,95560.0,134010.0
2022,44220,170000,530.0,44650.0,58130.0,73600.0,93440.0,113960.0
2022,44220,190000,150.0,43940.0,50710.0,65290.0,84280.0,105340.0
2022,44220,210000,590.0,30350.0,36840.0,47090.0,62580.0,79820.0
2022,44220,230000,210.0,38610.0,47440.0,72260.0,107040.0,159890.0
2022,44220,250000,3620.0,27490.0,36480.0,60160.0,77790.0,95370.0
2022,44220,270000,320.0,24960.0,31340.0,43330.0,60020.0,81150.0
2022,44220,290000,3070.0,35600.0,48840.0,63460.0,83660.0,137910.0
2022,44220,310000,1850.0,24230.0,27960.0,30520.0,36340.0,44710.0
2022,44220,330000,840.0,23900.0,34420.0,49520.0,68520.0,76230.0
2022,44220,350000,4270.0,20910.0,22030.0,26630.0,29390.0,36310.0
2022,44220,370000,1180.0,22380.0,24670.0,30070.0,37810.0,47280.0
2022,44220,390000,690.0,20260.0,22480.0,28090.0,35900.0,52030.0
2022,44220,410000,3710.0,21590.0,23540.0,29080.0,44790.0,72590.0
2022,44220,430000,6110.0,28170.0,31460.0,37030.0,46780.0,59510.0
2022,44220,450000,70.0,29040.0,29310.0,31560.0,40130.0,59180.0
2022,44220,470000,1030.0,35220.0,41050.0,50190.0,65330.0,78250.0
2022,44220,490000,1750.0,29320.0,37650.0,48100.0,60270.0,73450.0
2022,44220,510000,5260.0,29030.0,33300.0,38750.0,46800.0,56440.0
2022,44220,530000,6070.0,25400.0,29660.0,37460.0,47730.0,63330.0
2022,45460,000000,63530.0,22580.0,28730.0,38420.0,57700.0,79700.0
2022,45460,110000,2990.0,41020.0,60060.0,82990.0,122020.0,163780.0
2022,45460,113021,70.0,64890.0,82840.0,102030.0,134010.0,158370.0
2022,45460,130000,2140.0,35060.0,44400.0,59940.0,79440.0,100650.0
2022,45460,150000,660.0,33190.0,46190.0,62730.0,84380.0,101080.0
2022,45460,151211,90.0,60950.0,69950.0,84960.0,96170.0,121420.0
2022,45460,151231,60.0,34530.0,41520.0,54900.0,74860.0,90420.0
2022,45460,151232,150.0,30560.0,35320.0,44170.0,52730.0,67690.0
2022,45460,151244,80.0,44750.0,53220.0,65350.0,79450.0,98730.0
2022,45460,151252,30.0,65560.0,84380.0,100950.0,119790.0,132530.0
2022,45460,151255,30.0,29800.0,31670.0,36150.0,51280.0,63040.0
2022,45460,151299,40.0,29480.0,49630.0,83950.0,88710.0,95220.0
2022,45460,152051,50.0,49240.0,59290.0,69890.0,86780.0,88550.0
2022,45460,170000,710.0,48070.0,59230.0,77250.0,96080.0,106870.0
2022,45460,190000,370.0,44120.0,49550.0,69510.0,86070.0,119790.0
2022,45460,210000,1260.0,28740.0,34550.0,40200.0,50860.0,68990.0
2022,45460,230000,400.0,31030.0,39100.0,77130.0,137690.0,193070.0
2022,45460,250000,4060.0,23600.0,31650.0,47870.0,62850.0,83930.0
2022,45460,270000,720.0,26470.0,30320.0,38600.0,51350.0,72970.0
2022,45460,290000,4400.0,32920.0,47280.0,62540.0,80130.0,121140.0
2022,45460,310000,2590.0,23830.0,26840.0,30140.0,36960.0,43780.0
2022,45460,330000,1970.0,27110.0,36340.0,43110.0,58070.0,67700.0
2022,45460,350000,7190.0,17400.0,21300.0,25010.0,29570.0,35360.0
2022,45460,370000,1640.0,21850.0,24580.0,29630.0,35340.0,41010.0
2022,45460,390000,1070.0,18400.0,21190.0,26590.0,33390.0,43700.0
2022,45460,410000,5930.0,20530.0,22690.0,28250.0,37050.0,60810.0
2022,45460,430000,7050.0,25750.0,30110.0,37230.0,46500.0,60480.0
2022,45460,450000,140.0,29430.0,33210.0,36100.0,45230.0,53450.0
2022,45460,470000,2840.0,35090.0,40570.0,56870.0,66980.0,86320.0
2022,45460,490000,3050.0,29450.0,36900.0,47880.0,62670.0,76320.0
2022,45460,510000,6490.0,29130.0,35910.0,42550.0,50840.0,62520.0
2022,45460,530000,5880.0,24410.0,28980.0,35530.0,45630.0,60520.0
2022,45780,000000,284330.0,24260.0,31030.0,43230.0,64270.0,90420.0
2022,45780,110000,15720.0,45020.0,61990.0,94590.0,129970.0,182550.0
2022,45780,113021,370.0,80810.0,100880.0,133520.0,163790.0,212250.0
2022,45780,130000,13160.0,37960.0,48750.0,64380.0,84340.0,109420.0
2022,45780,150000,4410.0,37780.0,50350.0,72700.0,100030.0,129840.0
2022,45780,151211,450.0,60860.0,74850.0,86630.0,106890.0,154260.0
2022,45780,151212,80.0,40200.0,65290.0,86090.0,118550.0,151880.0
2022,45780,151231,400.0,32470.0,32470.0,49390.0,65930.0,84290.0
2022,45780,151232,1050.0,34270.0,40800.0,49080.0,62460.0,76510.0
2022,45780,151241,120.0,62060.0,81150.0,106850.0,135570.0,153600.0
2022,45780,151242,80.0,45790.0,61890.0,76220.0,99450.0,112140.0
2022,45780,151244,610.0,50910.0,63120.0,80730.0,100570.0,127220.0
2022,45780,151251,100.0,53660.0,71430.0,84570.0,113280.0,146210.0
2022,45780,151252,960.0,61340.0,73940.0,97880.0,124890.0,136600.0
2022,45780,151253,90.0,52580.0,63330.0,80460.0,105520.0,117070.0
2022,45780,151254,60.0,43000.0,49590.0,77950.0,95820.0,109960.0
2022,45780,151255,70.0,,,,,
2022,45780,151299,110.0,38950.0,52080.0,73940.0,100230.0,121330.0
2022,45780,152031,70.0,47680.0,65250.0,84610.0,116060.0,134000.0
2022,45780,152051,120.0,36650.0,36650.0,64950.0,93640.0,114480.0
2022,45780,170000,4890.0,47640.0,61540.0,79130.0,100330.0,126110.0
2022,45780,190000,1500.0,37730.0,48190.0,65350.0,92520.0,116580.0
2022,45780,210000,4470.0,30410.0,37870.0,47950.0,62010.0,77690.0
2022,45780,230000,1320.0,37330.0,49380.0,69820.0,131780.0,178400.0
2022,45780,250000,17430.0,28300.0,37510.0,60160.0,79170.0,96860.0
2022,45780,270000,3180.0,23760.0,30410.0,43020.0,62110.0,85900.0
2022,45780,290000,21240.0,37890.0,50490.0,66400.0,83620.0,129950.0
2022,45780,310000,11290.0,24200.0,28340.0,32560.0,37440.0,45470.0
2022,45780,330000,5890.0,22990.0,30470.0,46070.0,65500.0,76510.0
2022,45780,350000,26360.0,21260.0,22130.0,27030.0,30140.0,37440.0
2022,45780,370000,7450.0,22880.0,25930.0,29850.0,36500.0,45170.0
2022,45780,390000,5130.0,20970.0,21870.0,27560.0,35940.0,50390.0
2022,45780,410000,22040.0,22350.0,24900.0,30710.0,48660.0,80170.0
2022,45780,430000,32360.0,27960.0,32820.0,39210.0,48780.0,62760.0
2022,45780,450000,320.0,27320.0,32580.0,42470.0,52430.0,62000.0
2022,45780,470000,10710.0,36920.0,46280.0,61530.0,75450.0,85810.0
2022,45780,490000,12030.0,31110.0,38970.0,49920.0,64900.0,80140.0
2022,45780,510000,33140.0,30620.0,35930.0,41110.0,59080.0,69710.0
2022,45780,530000,30270.0,25870.0,30980.0,37500.0,47430.0,62520.0
2023,14020,000000,73020.0,27130.0,33370.0,45870.0,65200.0,99670.0
2023,14020,110000,3710.0,49190.0,71050.0,103430.0,158860.0,213340.0
2023,14020,113021,160.0,86180.0,117570.0,152820.0,169410.0,210630.0
2023,14020,130000,3640.0,42370.0,50120.0,65000.0,89370.0,113250.0
2023,14020,150000,2370.0,49390.0,63780.0,80330.0,101620.0,122790.0
2023,14020,151211,200.0,58970.0,75600.0,99920.0,109200.0,152040.0
2023,14020,151231,90.0,42100.0,45850.0,54540.0,74420.0,75890.0
2023,14020,151232,520.0,39630.0,51230.0,55120.0,65480.0,100190.0
2023,14020,151241,60.0,68680.0,79350.0,110400.0,138180.0,151040.0
2023,14020,151242,110.0,65820.0,81700.0,84760.0,104830.0,132550.0
2023,14020,151244,100.0,51390.0,64070.0,80000.0,99250.0,127310.0
2023,14020,151251,350.0,63780.0,63780.0,80330.0,102980.0,102980.0
2023,14020,151252,210.0,67530.0,79950.0,101440.0,125300.0,148950.0
2023,14020,151299,40.0,46250.0,47950.0,62450.0,99880.0,125190.0
2023,14020,152051,50.0,45430.0,56400.0,80980.0,105300.0,148080.0
2023,14020,170000,1530.0,48080.0,61400.0,77280.0,97100.0,120860.0
2023,14020,190000,1360.0,46090.0,51090.0,63390.0,81210.0,110240.0
2023,14020,210000,1770.0,35240.0,42740.0,47760.0,60920.0,75470.0
2023,14020,230000,420.0,38030.0,48800.0,84830.0,133630.0,207810.0
2023,14020,250000,6060.0,29450.0,44370.0,62960.0,98310.0,132710.0
2023,14020,270000,1320.0,29650.0,38500.0,50810.0,70400.0,96290.0
2023,14020,290000,4470.0,37450.0,51900.0,73930.0,98650.0,155450.0
2023,14020,310000,2940.0,28440.0,29590.0,32940.0,37550.0,45320.0
2023,14020,330000,1390.0,22800.0,29010.0,37800.0,57190.0,71740.0
2023,14020,350000,8140.0,20060.0,23090.0,28720.0,34350.0,39060.0
2023,14020,370000,2210.0,26800.0,29620.0,36030.0,37460.0,42660.0
2023,14020,390000,1160.0,21710.0,24770.0,30470.0,39330.0,57080.0
2023,14020,410000,5520.0,22920.0,27350.0,32910.0,47000.0,76910.0
2023,14020,430000,7960.0,28740.0,34570.0,39270.0,49050.0,61690.0
2023,14020,450000,60.0,21100.0,31980.0,37510.0,46760.0,59270.0
2023,14020,470000,2470.0,37580.0,46820.0,59160.0,75130.0,92140.0
2023,14020,490000,2630.0,31660.0,38560.0,48710.0,61600.0,81540.0
2023,14020,510000,7190.0,34010.0,34890.0,43540.0,58150.0,71790.0
2023,14020,530000,4680.0,25960.0,31160.0,36960.0,47340.0,58590.0
2023,14540,000000,78470.0,24130.0,30130.0,39820.0,57480.0,79360.0
2023,14540,110000,4220.0,40220.0,57630.0,84710.0,120400.0,164040.0
2023,14540,113021,50.0,86030.0,105000.0,125550.0,161520.0,177960.0
2023,14540,130000,2720.0,37200.0,47270.0,62920.0,81470.0,104920.0
2023,14540,150000,820.0,40310.0,50620.0,69990.0,94530.0,122620.0
2023,14540,151211,80.0,44700.0,59700.0,74790.0,105960.0,127960.0
2023,14540,151212,50.0,47390.0,63190.0,78200.0,107470.0,123500.0
2023,14540,151231,50.0,41600.0,47340.0,61340.0,72230.0,84470.0
2023,14540,151232,180.0,34880.0,41270.0,48420.0,58520.0,74980.0
2023,14540,151244,90.0,40310.0,51240.0,73400.0,86360.0,105870.0
2023,14540,151251,40.0,60930.0,60930.0,81600.0,121200.0,121200.0
2023,14540,151252,140.0,66710.0,84360.0,94530.0,105000.0,129780.0
2023,14540,170000,1100.0,42340.0,55960.0,76410.0,93900.0,122290.0
2023,14540,190000,500.0,37350.0,48600.0,62800.0,79040.0,107660.0
2023,14540,210000,1320.0,29800.0,35240.0,43430.0,57120.0,73440.0
2023,14540,230000,410.0,43560.0,50400.0,72040.0,123710.0,173630.0
2023,14540,250000,4730.0,28890.0,40350.0,50600.0,62960.0,80890.0
2023,14540,270000,800.0,22870.0,30150.0,38580.0,48400.0,69590.0
2023,14540,290000,5120.0,35100.0,47400.0,65160.0,83090.0,116550.0
2023,14540,310000,3240.0,25200.0,29070.0,35150.0,40740.0,44430.0
2023,14540,330000,1520.0,28550.0,29920.0,36600.0,48780.0,61890.0
2023,14540,350000,7760.0,18250.0,22060.0,27140.0,30950.0,37560.0
2023,14540,370000,1910.0,22970.0,26890.0,29770.0,34940.0,43030.0
2023,14540,390000,1450.0,20170.0,22980.0,27550.0,35050.0,47860.0
2023,14540,410000,6680.0,21320.0,24710.0,30360.0,45950.0,73980.0
2023,14540,430000,9190.0,26230.0,30550.0,36690.0,45620.0,58270.0
2023,14540,450000,60.0,21950.0,26380.0,37390.0,49230.0,56040.0
2023,14540,470000,3000.0,30840.0,37280.0,46800.0,57490.0,73680.0
2023,14540,490000,3460.0,30300.0,37510.0,48060.0,62050.0,75840.0
2023,14540,510000,10480.0,30630.0,35920.0,42350.0,49460.0,70210.0
2023,14540,530000,7980.0,26400.0,30420.0,36040.0,45220.0,54460.0
2023,16620,000000,102860.0,23090.0,29400.0,40930.0,62640.0,91830.0
2023,16620,110000,6730.0,40000.0,58670.0,82330.0,127020.0,168100.0
2023,16620,113021,220.0,95080.0,128010.0,131980.0,170610.0,208340.0
2023,16620,130000,5590.0,38520.0,48610.0,61940.0,80740.0,106690.0
2023,16620,150000,2540.0,40460.0,50390.0,67490.0,95560.0,120580.0
2023,16620,151211,340.0,45410.0,55680.0,82370.0,106720.0,130110.0
2023,16620,151212,50.0,55120.0,65040.0,77250.0,92070.0,117890.0
2023,16620,151231,120.0,38480.0,44180.0,49940.0,63790.0,82090.0
2023,16620,151232,450.0,32220.0,42690.0,50390.0,67490.0,88070.0
2023,16620,151241,60.0,51200.0,66670.0,85810.0,112900.0,143740.0
2023,16620,151242,70.0,50800.0,55510.0,63820.0,79920.0,108590.0
2023,16620,151244,310.0,45860.0,56850.0,69580.0,87320.0,106890.0
2023,16620,151251,60.0,39790.0,57990.0,82830.0,101020.0,104090.0
2023,16620,151252,300.0,56280.0,75940.0,102110.0,118520.0,144080.0
2023,16620,151253,60.0,27530.0,27640.0,62730.0,64100.0,97060.0
2023,16620,151299,510.0,37540.0,48650.0,73150.0,104980.0,134170.0
2023,16620,152031,100.0,44390.0,51170.0,61310.0,69680.0,96550.0
2023,16620,152051,50.0,45880.0,61910.0,67410.0,79030.0,162970.0
2023,16620,170000,1630.0,47090.0,59240.0,78270.0,103070.0,133430.0
2023,16620,190000,1270.0,36630.0,45770.0,62470.0,82040.0,104360.0
2023,16620,210000,2240.0,29540.0,36040.0,43600.0,52630.0,63710.0
2023,16620,230000,1490.0,,,,,
2023,16620,250000,5310.0,29650.0,38810.0,47150.0,57530.0,65660.0
2023,16620,270000,870.0,28500.0,31800.0,40800.0,59560.0,76670.0
2023,16620,290000,9860.0,34000.0,48740.0,65900.0,99570.0,165850.0
2023,16620,310000,6050.0,22320.0,24910.0,30050.0,35550.0,39710.0
2023,16620,330000,4450.0,22570.0,29630.0,35950.0,46040.0,55760.0
2023,16620,350000,7890.0,21020.0,21900.0,25710.0,29660.0,36980.0
2023,16620,370000,2870.0,22360.0,25230.0,28410.0,33280.0,39000.0
2023,16620,390000,1500.0,20800.0,22440.0,27910.0,35130.0,45660.0
2023,16620,410000,8180.0,21600.0,22880.0,28290.0,39870.0,60990.0
2023,16620,430000,14260.0,26640.0,30140.0,37140.0,46730.0,60540.0
2023,16620,450000,60.0,22780.0,28770.0,34310.0,45540.0,62400.0
2023,16620,470000,4820.0,32100.0,39480.0,56890.0,69680.0,82130.0
2023,16620,490000,4890.0,28660.0,36280.0,47410.0,63520.0,82720.0
2023,16620,510000,3020.0,26090.0,32800.0,38890.0,51990.0,79010.0
2023,16620,530000,7350.0,22880.0,28280.0,34770.0,47540.0,64350.0
2023,17140,000000,1081800.0,28020.0,35190.0,47280.0,73530.0,105490.0
2023,17140,110000,73760.0,50250.0,72170.0,104900.0,156660.0,213080.0
2023,17140,113021,2720.0,99340.0,128300.0,163500.0,189590.0,229990.0
2023,17140,130000,70200.0,45130.0,57430.0,75860.0,99450.0,129370.0
2023,17140,150000,31710.0,49850.0,68490.0,96130.0,127350.0,150200.0
2023,17140,151211,3510.0,64330.0,80000.0,100480.0,124400.0,152210.0
2023,17140,151212,1220.0,63670.0,81800.0,103180.0,133000.0,164200.0
2023,17140,151231,1700.0,40570.0,50560.0,64980.0,85190.0,110020.0
2023,17140,151232,4520.0,37860.0,45110.0,52790.0,68510.0,84290.0
2023,17140,151241,1120.0,77480.0,102780.0,128570.0,158230.0,179930.0
2023,17140,151242,390.0,52110.0,67790.0,98200.0,128820.0,142500.0
2023,17140,151243,500.0,76180.0,98010.0,126930.0,129670.0,156080.0
2023,17140,151244,4490.0,61420.0,79630.0,104960.0,134780.0,156080.0
2023,17140,151251,470.0,56110.0,75960.0,105490.0,127550.0,163970.0
2023,17140,151252,8330.0,74070.0,88170.0,107890.0,132130.0,157480.0
2023,17140,151253,1050.0,56300.0,70930.0,82410.0,99970.0,121100.0
2023,17140,151254,260.0,49000.0,59990.0,78800.0,111860.0,133260.0
2023,17140,151255,500.0,45870.0,61230.0,80270.0,118370.0,149230.0
2023,17140,151299,1080.0,47400.0,63060.0,94980.0,126530.0,154070.0
2023,17140,152031,660.0,59880.0,69010.0,83240.0,107610.0,130160.0
2023,17140,152041,120.0,60580.0,74380.0,100650.0,114440.0,137380.0
2023,17140,152051,1370.0,59120.0,77930.0,101750.0,126880.0,141990.0
2023,17140,170000,20080.0,51070.0,67770.0,88830.0,117310.0,140140.0
2023,17140,190000,7650.0,40650.0,51000.0,67490.0,96650.0,126670.0
2023,17140,210000,15480.0,35810.0,40020.0,49670.0,64250.0,82870.0
2023,17140,230000,5960.0,46050.0,61270.0,91200.0,147590.0,212520.0
2023,17140,250000,57880.0,30690.0,38960.0,60690.0,80390.0,102060.0
2023,17140,270000,13650.0,27130.0,34870.0,47570.0,68000.0,97020.0
2023,17140,290000,73800.0,42160.0,59790.0,78260.0,99040.0,150720.0
2023,17140,310000,36860.0,27260.0,29860.0,36520.0,43080.0,49570.0
2023,17140,330000,22280.0,27940.0,33100.0,44460.0,68640.0,88250.0
2023,17140,350000,103690.0,22430.0,24160.0,29030.0,35670.0,44680.0
2023,17140,370000,28680.0,27040.0,29320.0,35240.0,39170.0,47880.0
2023,17140,390000,22510.0,22880.0,26230.0,30180.0,37770.0,54940.0
2023,17140,410000,91020.0,23870.0,28100.0,35670.0,58270.0,96930.0
2023,17140,430000,134320.0,30220.0,36490.0,43760.0,53700.0,67340.0
2023,17140,450000,650.0,28040.0,30630.0,38940.0,46060.0,58440.0
2023,17140,470000,36460.0,37850.0,47010.0,59340.0,75180.0,85390.0
2023,17140,490000,43240.0,35270.0,44320.0,56960.0,70040.0,84020.0
2023,17140,510000,77510.0,31150.0,36640.0,44290.0,53110.0,66920.0
2023,17140,530000,114420.0,29270.0,35170.0,40930.0,50130.0,66430.0
2023,18020,000000,50660.0,27580.0,34910.0,46070.0,65710.0,103390.0
2023,18020,110000,2900.0,58420.0,80200.0,106800.0,168810.0,216770.0
2023,18020,113021,80.0,83640.0,102040.0,127910.0,163940.0,176560.0
2023,18020,130000,2180.0,40710.0,50650.0,73470.0,98340.0,130010.0
2023,18020,150000,920.0,46590.0,61500.0,82570.0,105390.0,132270.0
2023,18020,151211,130.0,56530.0,76270.0,84590.0,108530.0,151460.0
2023,18020,151231,60.0,37840.0,51700.0,72540.0,77080.0,101550.0
2023,18020,151232,150.0,36580.0,43750.0,50230.0,63370.0,93210.0
2023,18020,151244,80.0,56010.0,62870.0,79680.0,98240.0,104660.0
2023,18020,151252,200.0,63940.0,79580.0,100310.0,108070.0,124710.0
2023,18020,151299,50.0,40380.0,59370.0,82570.0,124940.0,137950.0
2023,18020,170000,3700.0,63990.0,82090.0,103390.0,128920.0,132140.0
2023,18020,190000,250.0,38680.0,44860.0,59350.0,80000.0,115960.0
2023,18020,210000,880.0,32840.0,36210.0,44280.0,51290.0,64360.0
2023,18020,230000,120.0,37370.0,44680.0,62220.0,123610.0,172830.0
2023,18020,250000,2240.0,27970.0,34300.0,47230.0,61320.0,76480.0
2023,18020,270000,300.0,26970.0,31840.0,41800.0,60830.0,77280.0
2023,18020,290000,2290.0,36260.0,49650.0,73580.0,97070.0,155970.0
2023,18020,310000,1570.0,27940.0,30040.0,35410.0,37960.0,45590.0
2023,18020,330000,700.0,28020.0,34070.0,40460.0,60390.0,69420.0
2023,18020,350000,3740.0,20170.0,22860.0,27310.0,30170.0,37020.0
2023,18020,370000,850.0,24720.0,28240.0,30950.0,37480.0,45390.0
2023,18020,390000,520.0,20760.0,23720.0,28410.0,35720.0,50950.0
2023,18020,410000,3930.0,22380.0,26900.0,31610.0,47800.0,79730.0
2023,18020,430000,4780.0,29420.0,34530.0,40670.0,49620.0,65640.0
2023,18020,470000,1550.0,39700.0,47140.0,60270.0,76520.0,83900.0
2023,18020,490000,2230.0,36110.0,45020.0,58670.0,65250.0,79440.0
2023,18020,510000,10580.0,34550.0,37800.0,44940.0,57530.0,62360.0
2023,18020,530000,4400.0,27490.0,30960.0,37930.0,46940.0,60970.0
2023,18140,000000,1067190.0,28460.0,35890.0,47970.0,76670.0,107380.0
2023,18140,110000,72700.0,48970.0,70310.0,103790.0,150220.0,210540.0
2023,18140,113021,3110.0,99180.0,124870.0,155640.0,202450.0,221880.0
2023,18140,130000,78820.0,46980.0,59800.0,77760.0,101240.0,129910.0
2023,18140,150000,38580.0,49370.0,68560.0,99960.0,130350.0,151300.0
2023,18140,151211,4490.0,67510.0,68560.0,90690.0,114610.0,143470.0
2023,18140,151212,1450.0,72850.0,94620.0,112920.0,145300.0,168410.0
2023,18140,151231,2260.0,48250.0,55180.0,67840.0,102950.0,135220.0
2023,18140,151232,5590.0,38420.0,45590.0,50640.0,64510.0,80120.0
2023,18140,151241,940.0,77190.0,96550.0,127490.0,159200.0,180380.0
2023,18140,151242,490.0,54620.0,76160.0,106010.0,126880.0,141600.0
2023,18140,151243,510.0,79920.0,101210.0,128580.0,136480.0,166660.0
2023,18140,151244,4580.0,62110.0,79500.0,99700.0,129370.0,161450.0
2023,18140,151251,290.0,42290.0,64250.0,87680.0,104890.0,123050.0
2023,18140,151252,11410.0,79630.0,98820.0,114330.0,141460.0,164270.0
2023,18140,151253,1110.0,60210.0,79610.0,100600.0,113930.0,142630.0
2023,18140,151254,510.0,61160.0,83160.0,83160.0,106220.0,124840.0
2023,18140,151255,560.0,46090.0,58330.0,92040.0,136700.0,151300.0
2023,18140,151299,2250.0,64460.0,90420.0,114880.0,144000.0,157500.0
2023,18140,152031,830.0,58820.0,72020.0,99450.0,124970.0,147880.0
2023,18140,152041,40.0,56270.0,60670.0,90790.0,106330.0,127330.0
2023,18140,152051,920.0,50810.0,67910.0,94390.0,127390.0,157590.0
2023,18140,170000,18080.0,51500.0,66490.0,83940.0,107300.0,134700.0
2023,18140,190000,9470.0,45090.0,54430.0,72980.0,96680.0,116090.0
2023,18140,210000,15270.0,36360.0,44550.0,53710.0,68010.0,89270.0
2023,18140,230000,7760.0,47520.0,60400.0,91190.0,143320.0,212520.0
2023,18140,250000,63040.0,30470.0,40000.0,63210.0,87340.0,104920.0
2023,18140,270000,13690.0,29440.0,36320.0,51240.0,77420.0,108240.0
2023,18140,290000,73030.0,42580.0,59400.0,79090.0,98090.0,144220.0
2023,18140,310000,45640.0,26490.0,29130.0,35080.0,40190.0,48000.0
2023,18140,330000,24910.0,29100.0,35050.0,52370.0,81310.0,101400.0
2023,18140,350000,92300.0,22600.0,26090.0,29470.0,36110.0,44500.0
2023,18140,370000,28710.0,27010.0,29990.0,35390.0,41870.0,49450.0
2023,18140,390000,19240.0,23140.0,25610.0,29780.0,38460.0,56920.0
2023,18140,410000,83070.0,23900.0,28500.0,35930.0,57890.0,92660.0
2023,18140,430000,132160.0,30910.0,37040.0,44440.0,54300.0,68350.0
2023,18140,450000,1270.0,27870.0,35510.0,48340.0,51470.0,65400.0
2023,18140,470000,34800.0,38800.0,48210.0,61880.0,77140.0,90940.0
2023,18140,490000,39250.0,35630.0,43670.0,55470.0,67220.0,83580.0
2023,18140,510000,53890.0,30250.0,36380.0,44980.0,51790.0,64410.0
2023,18140,530000,121490.0,30020.0,35950.0,40860.0,49280.0,65640.0
2023,19430,000000,367580.0,27700.0,34790.0,47380.0,75620.0,107030.0
2023,19430,110000,23190.0,47180.0,66860.0,100850.0,138830.0,193040.0
2023,19430,113021,910.0,90980.0,112320.0,144700.0,170890.0,214610.0
2023,19430,130000,25350.0,44910.0,59140.0,81140.0,106190.0,131290.0
2023,19430,150000,12250.0,48590.0,63270.0,89250.0,120730.0,144510.0
2023,19430,151211,1240.0,63190.0,78480.0,99310.0,125860.0,138700.0
2023,19430,151212,400.0,63040.0,81940.0,109360.0,135720.0,161200.0
2023,19430,151231,740.0,41790.0,49490.0,63700.0,81490.0,102980.0
2023,19430,151232,1900.0,38200.0,45020.0,50060.0,62590.0,77310.0
2023,19430,151241,280.0,61380.0,84570.0,110620.0,144520.0,169760.0
2023,19430,151242,110.0,46120.0,53500.0,88650.0,120020.0,137070.0
2023,19430,151243,80.0,49300.0,89590.0,124230.0,148140.0,168820.0
2023,19430,151244,1510.0,56940.0,74050.0,94590.0,123930.0,144680.0
2023,19430,151251,180.0,51780.0,52940.0,59730.0,91950.0,114440.0
2023,19430,151252,3270.0,65470.0,82730.0,104820.0,130620.0,158100.0
2023,19430,151253,330.0,50630.0,64150.0,81850.0,104070.0,122240.0
2023,19430,151254,100.0,42740.0,50610.0,60360.0,84650.0,95460.0
2023,19430,151255,80.0,42470.0,55550.0,68330.0,89580.0,120140.0
2023,19430,151299,1090.0,68560.0,88590.0,105350.0,121330.0,133860.0
2023,19430,152031,490.0,56430.0,64800.0,96120.0,128860.0,153960.0
2023,19430,152041,40.0,59480.0,63700.0,107420.0,115920.0,134670.0
2023,19430,152051,240.0,51820.0,64550.0,79600.0,109060.0,133030.0
2023,19430,170000,11440.0,52100.0,73900.0,98190.0,131370.0,160610.0
2023,19430,190000,3230.0,46790.0,62400.0,89440.0,116540.0,140200.0
2023,19430,210000,6610.0,35500.0,42910.0,52510.0,66040.0,82940.0
2023,19430,230000,1940.0,44410.0,57700.0,79070.0,120680.0,173430.0
2023,19430,250000,23070.0,29990.0,39160.0,62710.0,81660.0,99060.0
2023,19430,270000,4290.0,26900.0,32540.0,45000.0,63020.0,88590.0
2023,19430,290000,29710.0,42010.0,59860.0,78810.0,99350.0,157500.0
2023,19430,310000,14710.0,26560.0,30380.0,36460.0,40370.0,49030.0
2023,19430,330000,7220.0,28210.0,33530.0,52920.0,73640.0,87720.0
2023,19430,350000,33630.0,22390.0,23620.0,29050.0,35250.0,44200.0
2023,19430,370000,9890.0,25380.0,28530.0,34890.0,39700.0,48530.0
2023,19430,390000,5950.0,22430.0,24580.0,29850.0,38240.0,50960.0
2023,19430,410000,29750.0,23500.0,27490.0,33310.0,48640.0,81500.0
2023,19430,430000,41200.0,29590.0,35610.0,42070.0,51030.0,64150.0
2023,19430,450000,220.0,24390.0,28430.0,36190.0,46890.0,59090.0
2023,19430,470000,10160.0,36940.0,46330.0,59140.0,73010.0,83230.0
2023,19430,490000,13100.0,32770.0,39990.0,52370.0,65000.0,79100.0
2023,19430,510000,28590.0,30280.0,36050.0,43270.0,51640.0,64200.0
2023,19430,530000,32060.0,28010.0,33920.0,38080.0,48420.0,62150.0
2023,21060,000000,53960.0,23680.0,30120.0,41500.0,60690.0,86320.0
2023,21060,110000,3050.0,40900.0,58370.0,87830.0,118300.0,157820.0
2023,21060,113021,70.0,78790.0,101470.0,126380.0,157160.0,198230.0
2023,21060,130000,3480.0,44320.0,58540.0,72860.0,91100.0,108330.0
2023,21060,150000,1530.0,44740.0,67850.0,82830.0,106170.0,124760.0
2023,21060,151211,100.0,51060.0,74500.0,82650.0,82650.0,110310.0
2023,21060,151212,60.0,56250.0,70010.0,83700.0,116400.0,132350.0
2023,21060,151231,60.0,48690.0,61400.0,68540.0,81760.0,87810.0
2023,21060,151232,200.0,35970.0,42510.0,50740.0,67850.0,67850.0
2023,21060,151241,30.0,69310.0,69310.0,94490.0,151980.0,159840.0
2023,21060,151244,70.0,43430.0,49130.0,74310.0,86930.0,100820.0
2023,21060,151252,180.0,44740.0,72890.0,91890.0,116700.0,145010.0
2023,21060,151253,60.0,42060.0,42060.0,56890.0,75420.0,97790.0
2023,21060,151299,550.0,69990.0,82830.0,98490.0,111610.0,124760.0
2023,21060,152031,70.0,71200.0,79190.0,98490.0,121470.0,128020.0
2023,21060,170000,810.0,41950.0,53890.0,73640.0,92910.0,119740.0
2023,21060,190000,320.0,40210.0,53140.0,68910.0,83380.0,102150.0
2023,21060,210000,890.0,29760.0,35260.0,44870.0,63390.0,86020.0
2023,21060,230000,230.0,37690.0,46360.0,62820.0,98490.0,131820.0
2023,21060,250000,3240.0,26360.0,38600.0,51710.0,65590.0,75460.0
2023,21060,270000,370.0,26600.0,31050.0,41830.0,71410.0,89810.0
2023,21060,290000,2870.0,34490.0,47340.0,71530.0,93350.0,130480.0
2023,21060,310000,1890.0,24560.0,29180.0,34940.0,38730.0,49410.0
2023,21060,330000,840.0,26860.0,35780.0,44070.0,54710.0,72340.0
2023,21060,350000,5310.0,18380.0,21880.0,26370.0,29530.0,36890.0
2023,21060,370000,1410.0,23800.0,27670.0,31010.0,35240.0,41500.0
2023,21060,390000,880.0,19230.0,22140.0,27710.0,34060.0,44570.0
2023,21060,410000,4740.0,21010.0,24280.0,29860.0,42800.0,65960.0
2023,21060,430000,7060.0,27010.0,30780.0,37590.0,47670.0,58100.0
2023,21060,450000,40.0,22840.0,26680.0,30550.0,40790.0,46950.0
2023,21060,470000,1960.0,31440.0,36370.0,47700.0,60670.0,76470.0
2023,21060,490000,2570.0,29660.0,37490.0,47900.0,62060.0,76870.0
2023,21060,510000,6080.0,30070.0,35880.0,43420.0,51840.0,61910.0
2023,21060,530000,4390.0,23720.0,29230.0,36080.0,43680.0,52920.0
2023,21780,000000,152180.0,25830.0,31460.0,41930.0,61680.0,86610.0
2023,21780,110000,7730.0,48370.0,64730.0,96120.0,132350.0,179980.0
2023,21780,113021,270.0,78650.0,92290.0,116730.0,148930.0,176940.0
2023,21780,130000,6540.0,37500.0,47490.0,61240.0,82350.0,107030.0
2023,21780,150000,2160.0,40490.0,50620.0,65820.0,94510.0,119490.0
2023,21780,151211,260.0,54130.0,63450.0,77900.0,97120.0,122600.0
2023,21780,151212,50.0,57790.0,75110.0,94500.0,106230.0,130010.0
2023,21780,151231,260.0,40710.0,49400.0,60160.0,77660.0,96110.0
2023,21780,151232,460.0,36430.0,41040.0,49200.0,60700.0,69780.0
2023,21780,151241,90.0,64600.0,73320.0,99130.0,112070.0,139360.0
2023,21780,151242,40.0,44710.0,52380.0,66250.0,91700.0,121480.0
2023,21780,151244,200.0,47290.0,55380.0,68220.0,83900.0,102240.0
2023,21780,151251,40.0,52940.0,65890.0,88370.0,110670.0,144310.0
2023,21780,151252,300.0,59600.0,74880.0,98140.0,124350.0,140100.0
2023,21780,151253,50.0,48800.0,51740.0,64460.0,81250.0,100740.0
2023,21780,151255,80.0,30220.0,30220.0,33070.0,51150.0,77340.0
2023,21780,151299,80.0,41270.0,54680.0,69490.0,103390.0,128720.0
2023,21780,152031,40.0,52290.0,60230.0,79920.0,96800.0,119250.0
2023,21780,152051,150.0,47050.0,53920.0,71660.0,91680.0,120400.0
2023,21780,170000,2330.0,47990.0,60030.0,77850.0,100810.0,123380.0
2023,21780,190000,970.0,40080.0,46590.0,62400.0,82650.0,116560.0
2023,21780,210000,2420.0,30160.0,35510.0,45030.0,58040.0,75690.0
2023,21780,230000,760.0,37370.0,46960.0,76130.0,129700.0,169340.0
2023,21780,250000,7230.0,28590.0,36610.0,49800.0,63460.0,79670.0
2023,21780,270000,1830.0,23900.0,30520.0,37800.0,51170.0,72570.0
2023,21780,290000,11770.0,36030.0,52690.0,70870.0,92350.0,127610.0
2023,21780,310000,6220.0,27320.0,29760.0,34660.0,39820.0,45650.0
2023,21780,330000,2790.0,27300.0,31790.0,43010.0,63560.0,75230.0
2023,21780,350000,13900.0,18890.0,22620.0,27390.0,30720.0,38000.0
2023,21780,370000,4390.0,24240.0,28420.0,30710.0,36780.0,44730.0
2023,21780,390000,2960.0,21380.0,23580.0,28740.0,37490.0,49720.0
2023,21780,410000,13580.0,22040.0,26530.0,31810.0,47080.0,76770.0
2023,21780,430000,17860.0,28090.0,33130.0,38480.0,47770.0,62010.0
2023,21780,450000,150.0,29190.0,35220.0,38010.0,50000.0,56090.0
2023,21780,470000,7250.0,36400.0,45400.0,58430.0,75440.0,86060.0
2023,21780,490000,7660.0,32630.0,40560.0,51340.0,64140.0,80430.0
2023,21780,510000,14790.0,30790.0,35870.0,42760.0,52120.0,65630.0
2023,21780,530000,16890.0,27900.0,31940.0,36600.0,45990.0,59220.0
2023,23060,000000,221290.0,27630.0,33310.0,44600.0,64020.0,87270.0
2023,23060,110000,10560.0,52000.0,72450.0,99170.0,134160.0,181030.0
2023,23060,113021,460.0,86960.0,104890.0,129910.0,163750.0,196390.0
2023,23060,130000,9950.0,38430.0,48050.0,63490.0,83780.0,110590.0
2023,23060,150000,4330.0,44400.0,57730.0,77550.0,102520.0,133630.0
2023,23060,151211,680.0,56010.0,68500.0,85270.0,104690.0,126940.0
2023,23060,151212,70.0,58230.0,68690.0,81440.0,106830.0,146800.0
2023,23060,151231,410.0,45480.0,50270.0,66200.0,90290.0,113370.0
2023,23060,151232,740.0,37690.0,43520.0,48230.0,59840.0,70980.0
2023,23060,151241,180.0,58420.0,67680.0,87290.0,111960.0,131320.0
2023,23060,151242,70.0,42850.0,63170.0,81000.0,98890.0,112610.0
2023,23060,151243,50.0,60000.0,79340.0,82220.0,101880.0,129110.0
2023,23060,151244,340.0,52880.0,61200.0,78440.0,97770.0,113560.0
2023,23060,151251,110.0,53360.0,74050.0,88140.0,122910.0,150560.0
2023,23060,151252,940.0,67410.0,79280.0,101280.0,143400.0,181970.0
2023,23060,151253,90.0,51430.0,63110.0,78520.0,87950.0,106880.0
2023,23060,151254,60.0,30490.0,44670.0,56780.0,67530.0,78740.0
2023,23060,151255,80.0,35880.0,48650.0,63470.0,99310.0,110590.0
2023,23060,151299,180.0,32670.0,45510.0,71520.0,99380.0,136480.0
2023,23060,152031,100.0,50510.0,59090.0,71150.0,85440.0,117870.0
2023,23060,152051,180.0,50470.0,63180.0,78060.0,101260.0,112360.0
2023,23060,170000,3620.0,47570.0,60850.0,77200.0,98120.0,124970.0
2023,23060,190000,1100.0,40690.0,52840.0,65790.0,84430.0,118800.0
2023,23060,210000,3410.0,32790.0,37740.0,47530.0,60930.0,76680.0
2023,23060,230000,1130.0,39660.0,49230.0,77010.0,123490.0,168550.0
2023,23060,250000,10550.0,28050.0,33540.0,46990.0,61950.0,77960.0
2023,23060,270000,2600.0,26680.0,31670.0,42440.0,57030.0,76600.0
2023,23060,290000,16990.0,39800.0,58260.0,70820.0,97300.0,151830.0
2023,23060,310000,9820.0,27080.0,29450.0,34710.0,40080.0,46180.0
2023,23060,330000,3760.0,28700.0,36500.0,59220.0,71540.0,82530.0
2023,23060,350000,19190.0,20680.0,23370.0,28570.0,33140.0,38840.0
2023,23060,370000,6330.0,26010.0,29620.0,33580.0,38000.0,45770.0
2023,23060,390000,3390.0,20610.0,23990.0,29040.0,36210.0,49900.0
2023,23060,410000,19890.0,23020.0,27990.0,35030.0,51430.0,81420.0
2023,23060,430000,25400.0,29170.0,34720.0,40060.0,49070.0,61350.0
2023,23060,450000,160.0,26260.0,33260.0,39520.0,48640.0,60110.0
2023,23060,470000,9290.0,37540.0,46610.0,58610.0,73880.0,83090.0
2023,23060,490000,9990.0,32930.0,39760.0,51030.0,63860.0,78770.0
2023,23060,510000,26110.0,32020.0,37030.0,44210.0,58660.0,68840.0
2023,23060,530000,23710.0,28560.0,32150.0,37780.0,48760.0,62400.0
2023,26580,000000,128740.0,22990.0,28990.0,39320.0,59700.0,85570.0
2023,26580,110000,6740.0,39990.0,56160.0,80940.0,120270.0,166720.0
2023,26580,113021,110.0,78750.0,99720.0,127490.0,153510.0,199050.0
2023,26580,130000,4490.0,37310.0,47110.0,61240.0,82830.0,104920.0
2023,26580,150000,1330.0,38420.0,49630.0,68590.0,96730.0,121470.0
2023,26580,151211,130.0,48340.0,66840.0,84020.0,106420.0,119320.0
2023,26580,151231,120.0,37980.0,40830.0,53950.0,66360.0,78070.0
2023,26580,151232,250.0,29520.0,38420.0,48900.0,61760.0,71980.0
2023,26580,151241,40.0,62110.0,81240.0,94810.0,107680.0,135510.0
2023,26580,151242,40.0,31990.0,52680.0,67490.0,96570.0,123200.0
2023,26580,151244,150.0,43500.0,54810.0,75210.0,96950.0,116800.0
2023,26580,151251,40.0,31250.0,51570.0,82910.0,104140.0,113330.0
2023,26580,151252,160.0,52440.0,67010.0,80340.0,110170.0,141660.0
2023,26580,151299,190.0,40830.0,57900.0,82400.0,105580.0,139650.0
2023,26580,152031,50.0,47670.0,51130.0,67150.0,82830.0,101770.0
2023,26580,152051,40.0,45240.0,49630.0,95520.0,110380.0,161010.0
2023,26580,170000,1470.0,44630.0,59850.0,76940.0,100930.0,121080.0
2023,26580,190000,990.0,33690.0,45760.0,61840.0,85570.0,107660.0
2023,26580,210000,2900.0,27860.0,34440.0,40750.0,51200.0,68020.0
2023,26580,230000,760.0,37640.0,49550.0,66530.0,111610.0,153280.0
2023,26580,250000,8820.0,27050.0,40330.0,49570.0,62690.0,81740.0
2023,26580,270000,830.0,23810.0,30010.0,36850.0,49720.0,72390.0
2023,26580,290000,13650.0,35720.0,48890.0,70540.0,92820.0,141020.0
2023,26580,310000,8250.0,22880.0,24880.0,30270.0,36530.0,43450.0
2023,26580,330000,2310.0,22830.0,28990.0,39720.0,51030.0,66290.0
2023,26580,350000,12510.0,20480.0,21880.0,26180.0,29730.0,37100.0
2023,26580,370000,3280.0,22260.0,25610.0,29100.0,35270.0,41650.0
2023,26580,390000,1920.0,19950.0,22110.0,26780.0,33590.0,45750.0
2023,26580,410000,11300.0,20980.0,22980.0,28450.0,37460.0,59490.0
2023,26580,430000,15460.0,25280.0,30000.0,36720.0,46210.0,56610.0
2023,26580,450000,90.0,26260.0,29520.0,34960.0,45330.0,59050.0
2023,26580,470000,6500.0,31510.0,37630.0,48690.0,65270.0,81340.0
2023,26580,490000,6060.0,27920.0,35370.0,47060.0,62480.0,81030.0
2023,26580,510000,8950.0,29820.0,35680.0,39450.0,51160.0,64740.0
2023,26580,530000,10130.0,23360.0,28920.0,35380.0,46780.0,61280.0
2023,26900,000000,1083730.0,28580.0,35620.0,47080.0,69990.0,102420.0
2023,26900,110000,63770.0,53210.0,74620.0,105620.0,153030.0,206970.0
2023,26900,113021,3720.0,89980.0,107470.0,134640.0,165230.0,195620.0
2023,26900,130000,65600.0,44300.0,56400.0,74760.0,97970.0,127710.0
2023,26900,150000,32950.0,49960.0,65000.0,87810.0,115960.0,141520.0
2023,26900,151211,6590.0,62690.0,76800.0,95850.0,120440.0,142670.0
2023,26900,151212,870.0,70020.0,81730.0,99990.0,123060.0,160220.0
2023,26900,151221,110.0,64810.0,64810.0,82840.0,101900.0,115290.0
2023,26900,151231,1740.0,42050.0,55630.0,71520.0,87350.0,111930.0
2023,26900,151232,4960.0,37970.0,43780.0,55660.0,65510.0,81380.0
2023,26900,151241,1380.0,78000.0,95810.0,122120.0,146970.0,166910.0
2023,26900,151242,560.0,50710.0,64080.0,84650.0,108250.0,130700.0
2023,26900,151243,320.0,58540.0,82960.0,109990.0,136130.0,163580.0
2023,26900,151244,2520.0,57410.0,65000.0,82240.0,100780.0,127220.0
2023,26900,151251,1280.0,68380.0,80320.0,89330.0,135780.0,149510.0
2023,26900,151252,6900.0,69300.0,85270.0,106740.0,131670.0,161040.0
2023,26900,151253,910.0,58610.0,74960.0,89480.0,107540.0,132490.0
2023,26900,151254,350.0,35160.0,44950.0,67190.0,84700.0,106860.0
2023,26900,151255,470.0,41860.0,53320.0,65390.0,87080.0,110540.0
2023,26900,151299,1730.0,59630.0,83570.0,100300.0,116540.0,135470.0
2023,26900,152031,760.0,54800.0,65800.0,79420.0,103170.0,128710.0
2023,26900,152041,130.0,58130.0,72260.0,92390.0,127410.0,160340.0
2023,26900,152051,1170.0,53640.0,65000.0,81510.0,109860.0,126990.0
2023,26900,170000,14440.0,50650.0,64710.0,82440.0,105200.0,129870.0
2023,26900,190000,8940.0,45130.0,52210.0,69060.0,89270.0,122520.0
2023,26900,210000,17190.0,36780.0,40030.0,48660.0,62120.0,78440.0
2023,26900,230000,8580.0,43990.0,56500.0,89530.0,131850.0,207070.0
2023,26900,250000,48200.0,29710.0,38120.0,50990.0,75320.0,100320.0
2023,26900,270000,14540.0,28380.0,35820.0,46870.0,64460.0,89810.0
2023,26900,290000,78050.0,39950.0,59280.0,78280.0,102930.0,178140.0
2023,26900,310000,41090.0,28630.0,31000.0,36310.0,42700.0,49050.0
2023,26900,330000,24380.0,29060.0,37920.0,47900.0,71700.0,83350.0
2023,26900,350000,92210.0,21240.0,23880.0,29280.0,35120.0,41970.0
2023,26900,370000,29740.0,27380.0,29970.0,35760.0,39500.0,48330.0
2023,26900,390000,18930.0,21840.0,26210.0,30330.0,38470.0,53870.0
2023,26900,410000,93770.0,24070.0,28620.0,36230.0,60180.0,96120.0
2023,26900,430000,131470.0,29950.0,36200.0,43100.0,51870.0,66780.0
2023,26900,450000,630.0,24780.0,31720.0,39090.0,49510.0,58400.0
2023,26900,470000,43520.0,38560.0,47340.0,59520.0,78320.0,91500.0
2023,26900,490000,42920.0,35570.0,43700.0,54560.0,68860.0,85270.0
2023,26900,510000,67320.0,31390.0,36820.0,44200.0,52900.0,66160.0
2023,26900,530000,145510.0,29830.0,35810.0,40830.0,49850.0,64720.0
2023,29020,000000,34740.0,26450.0,31480.0,44990.0,70090.0,83660.0
2023,29020,110000,1340.0,45910.0,62260.0,90290.0,124320.0,168890.0
2023,29020,130000,1160.0,38300.0,50960.0,68880.0,86550.0,116850.0
2023,29020,150000,230.0,38940.0,50990.0,70960.0,108330.0,136660.0
2023,29020,151232,50.0,34880.0,37280.0,46500.0,58040.0,65200.0
2023,29020,151244,30.0,48670.0,53890.0,67270.0,80680.0,88030.0
2023,29020,151252,30.0,77350.0,81780.0,124300.0,142300.0,229550.0
2023,29020,170000,380.0,49720.0,66850.0,91830.0,100520.0,103610.0
2023,29020,190000,140.0,40050.0,47520.0,60720.0,79510.0,105020.0
2023,29020,210000,650.0,31960.0,36660.0,43310.0,53450.0,68320.0
2023,29020,230000,140.0,42520.0,49900.0,83220.0,146580.0,187600.0
2023,29020,250000,1970.0,28330.0,36670.0,49480.0,64350.0,81520.0
2023,29020,270000,270.0,26940.0,30380.0,35480.0,46730.0,63660.0
2023,29020,290000,2080.0,37000.0,54440.0,75860.0,98450.0,127640.0
2023,29020,310000,1610.0,27180.0,29770.0,34330.0,38630.0,46680.0
2023,29020,330000,460.0,26400.0,30430.0,48530.0,59830.0,77750.0
2023,29020,350000,4190.0,20730.0,23090.0,28390.0,33350.0,38940.0
2023,29020,370000,980.0,24150.0,29330.0,33160.0,38010.0,46380.0
2023,29020,390000,520.0,18480.0,23150.0,29250.0,36780.0,48410.0
2023,29020,410000,3270.0,22520.0,27110.0,30340.0,42130.0,64990.0
2023,29020,430000,2920.0,28270.0,33400.0,38620.0,48150.0,61090.0
2023,29020,470000,1450.0,39590.0,50980.0,82890.0,83090.0,92280.0
2023,29020,490000,1700.0,35580.0,44880.0,60390.0,82700.0,87540.0
2023,29020,510000,6420.0,37740.0,46130.0,70090.0,70090.0,70090.0
2023,29020,530000,2860.0,27560.0,30760.0,36600.0,48410.0,63460.0
2023,29200,000000,99610.0,26890.0,32810.0,45140.0,64000.0,93060.0
2023,29200,110000,4720.0,49520.0,70430.0,101100.0,139290.0,200400.0
2023,29200,113021,150.0,77760.0,101600.0,126460.0,158360.0,199780.0
2023,29200,130000,3590.0,40390.0,51370.0,66590.0,89800.0,115200.0
2023,29200,150000,1790.0,48900.0,60510.0,79570.0,99750.0,120150.0
2023,29200,151211,200.0,62290.0,76380.0,82960.0,101950.0,131210.0
2023,29200,151231,90.0,38910.0,52730.0,60760.0,75350.0,93390.0
2023,29200,151232,310.0,37480.0,45620.0,48900.0,60510.0,82130.0
2023,29200,151241,70.0,61910.0,76640.0,84560.0,106720.0,122290.0
2023,29200,151244,220.0,59760.0,64960.0,79900.0,85210.0,102400.0
2023,29200,151251,40.0,67580.0,79000.0,96520.0,125570.0,154130.0
2023,29200,151252,360.0,64990.0,77670.0,87810.0,103330.0,129880.0
2023,29200,151254,30.0,33700.0,48660.0,78980.0,100920.0,111540.0
2023,29200,151255,40.0,34030.0,57400.0,64770.0,79740.0,93310.0
2023,29200,151299,40.0,64460.0,68700.0,77110.0,121540.0,145670.0
2023,29200,152031,250.0,51770.0,64000.0,82600.0,104710.0,108410.0
2023,29200,152051,50.0,52730.0,67250.0,81140.0,102090.0,137510.0
2023,29200,170000,2250.0,49670.0,64230.0,82370.0,105810.0,131980.0
2023,29200,190000,980.0,39190.0,49280.0,60490.0,81750.0,121680.0
2023,29200,210000,1710.0,33100.0,37280.0,48360.0,59680.0,72590.0
2023,29200,230000,390.0,37440.0,45760.0,62910.0,108550.0,164820.0
2023,29200,250000,7520.0,30890.0,46540.0,61660.0,81580.0,131650.0
2023,29200,270000,1180.0,29160.0,37370.0,50860.0,67970.0,99770.0
2023,29200,290000,5820.0,38050.0,52660.0,70430.0,90130.0,144940.0
2023,29200,310000,4000.0,26700.0,29130.0,35570.0,40980.0,46120.0
2023,29200,330000,1590.0,25450.0,29420.0,47470.0,68660.0,75960.0
2023,29200,350000,9540.0,20920.0,23000.0,28280.0,32880.0,38550.0
2023,29200,370000,3070.0,25780.0,28970.0,35080.0,36740.0,45490.0
2023,29200,390000,1690.0,21730.0,24660.0,29460.0,37400.0,49730.0
2023,29200,410000,7270.0,22980.0,27150.0,32240.0,46870.0,77260.0
2023,29200,430000,10020.0,29070.0,35140.0,41480.0,49660.0,63610.0
2023,29200,450000,190.0,32920.0,41170.0,44680.0,48960.0,59020.0
2023,29200,470000,3680.0,37240.0,46690.0,59710.0,78490.0,82860.0
2023,29200,490000,3870.0,33820.0,40300.0,51400.0,64720.0,80000.0
2023,29200,510000,15770.0,29550.0,37440.0,46500.0,57760.0,69130.0
2023,29200,530000,9000.0,28190.0,30370.0,36500.0,46800.0,60940.0
2023,30460,000000,279350.0,26850.0,33500.0,46000.0,66570.0,96790.0
2023,30460,110000,17240.0,45210.0,62300.0,96390.0,133070.0,184740.0
2023,30460,113021,370.0,89210.0,108940.0,135710.0,165450.0,211410.0
2023,30460,130000,13050.0,41140.0,52080.0,67720.0,88370.0,112680.0
2023,30460,150000,5940.0,45990.0,59920.0,82710.0,105670.0,130070.0
2023,30460,151211,760.0,41920.0,69810.0,82770.0,88710.0,124600.0
2023,30460,151212,310.0,51620.0,70950.0,90940.0,116800.0,134020.0
2023,30460,151231,310.0,42520.0,49850.0,64180.0,80350.0,103230.0
2023,30460,151232,1030.0,40000.0,46210.0,53250.0,62490.0,77820.0
2023,30460,151241,190.0,68020.0,83760.0,102840.0,133060.0,166060.0
2023,30460,151242,130.0,45300.0,65550.0,83650.0,104070.0,123920.0
2023,30460,151243,150.0,50320.0,63290.0,82090.0,110940.0,134540.0
2023,30460,151244,390.0,56180.0,66140.0,82700.0,102340.0,108580.0
2023,30460,151251,220.0,59660.0,76750.0,92150.0,121550.0,155170.0
2023,30460,151252,990.0,70930.0,83990.0,103280.0,129450.0,151340.0
2023,30460,151253,230.0,33850.0,46280.0,78100.0,97990.0,112380.0
2023,30460,151254,90.0,36600.0,52530.0,64190.0,91840.0,108480.0
2023,30460,151255,240.0,53210.0,80280.0,126620.0,126620.0,126620.0
2023,30460,151299,320.0,47060.0,59500.0,81620.0,117090.0,155000.0
2023,30460,152031,190.0,52110.0,64950.0,82870.0,84840.0,101550.0
2023,30460,152051,310.0,52670.0,64030.0,82720.0,110760.0,157150.0
2023,30460,170000,5420.0,47130.0,61980.0,82910.0,104560.0,128830.0
2023,30460,190000,2410.0,40690.0,48940.0,62750.0,80960.0,105060.0
2023,30460,210000,4930.0,32640.0,37420.0,49490.0,62690.0,79810.0
2023,30460,230000,1790.0,40330.0,53820.0,75070.0,127840.0,180750.0
2023,30460,250000,14340.0,31240.0,44260.0,61160.0,79500.0,99490.0
2023,30460,270000,3190.0,28980.0,36510.0,49410.0,68350.0,93110.0
2023,30460,290000,24050.0,39880.0,55690.0,75980.0,95680.0,148210.0
2023,30460,310000,10500.0,28360.0,31270.0,37590.0,42570.0,48410.0
2023,30460,330000,6570.0,27440.0,30180.0,36840.0,53590.0,68850.0
2023,30460,350000,26220.0,18720.0,22520.0,28170.0,35050.0,44540.0
2023,30460,370000,7420.0,26100.0,28430.0,32800.0,37600.0,47080.0
2023,30460,390000,7830.0,21670.0,24980.0,29830.0,35820.0,48590.0
2023,30460,410000,22380.0,22720.0,27440.0,33880.0,49590.0,82380.0
2023,30460,430000,35770.0,27920.0,33810.0,40260.0,49160.0,62410.0
2023,30460,450000,550.0,21980.0,29660.0,37440.0,49290.0,62540.0
2023,30460,470000,9340.0,34520.0,39740.0,49750.0,63050.0,79820.0
2023,30460,490000,11410.0,31150.0,38540.0,50600.0,65030.0,80860.0
2023,30460,510000,23500.0,30780.0,37660.0,49390.0,66570.0,67650.0
2023,30460,530000,25500.0,28050.0,33710.0,39620.0,48880.0,64230.0
2023,30620,000000,49790.0,26060.0,32240.0,44570.0,63940.0,89710.0
2023,30620,110000,2880.0,46500.0,62800.0,90170.0,125500.0,174650.0
2023,30620,113021,50.0,88280.0,99810.0,130930.0,165580.0,199190.0
2023,30620,130000,1840.0,38760.0,49680.0,64780.0,84830.0,109200.0
2023,30620,150000,510.0,42360.0,57320.0,74820.0,99480.0,127530.0
2023,30620,151211,40.0,57400.0,64980.0,80940.0,100670.0,122610.0
2023,30620,151231,50.0,39520.0,50310.0,63300.0,76950.0,103110.0
2023,30620,151232,110.0,35250.0,39760.0,49500.0,60660.0,86840.0
2023,30620,151244,120.0,55220.0,66250.0,81120.0,99480.0,127530.0
2023,30620,151252,80.0,59870.0,73100.0,95400.0,123620.0,158090.0
2023,30620,170000,860.0,48160.0,62900.0,81710.0,101230.0,130210.0
2023,30620,190000,420.0,38090.0,45910.0,56670.0,81650.0,106500.0
2023,30620,210000,750.0,31080.0,38550.0,49190.0,65210.0,77380.0
2023,30620,230000,160.0,37440.0,48800.0,76900.0,96940.0,173120.0
2023,30620,250000,2830.0,29260.0,38940.0,59680.0,77140.0,92700.0
2023,30620,270000,560.0,23640.0,29900.0,40070.0,58000.0,73690.0
2023,30620,290000,4420.0,41310.0,55340.0,72760.0,93140.0,127230.0
2023,30620,310000,2170.0,27390.0,29820.0,35790.0,42930.0,50970.0
2023,30620,330000,1050.0,30940.0,43270.0,57120.0,65910.0,86200.0
2023,30620,350000,4720.0,21670.0,23220.0,27500.0,33630.0,38750.0
2023,30620,370000,1290.0,23650.0,27500.0,31720.0,37580.0,45760.0
2023,30620,390000,720.0,21900.0,24280.0,29280.0,37950.0,51670.0
2023,30620,410000,4210.0,22460.0,24600.0,30280.0,45030.0,72130.0
2023,30620,430000,5430.0,28320.0,33310.0,39050.0,48190.0,60780.0
2023,30620,450000,50.0,37900.0,40480.0,50470.0,50480.0,50480.0
2023,30620,470000,1630.0,36560.0,44850.0,56880.0,69580.0,81110.0
2023,30620,490000,2260.0,31410.0,39100.0,51000.0,64880.0,77990.0
2023,30620,510000,5960.0,29390.0,37010.0,44790.0,62770.0,69480.0
2023,30620,530000,5080.0,26860.0,31950.0,37380.0,46690.0,57980.0
2023,31140,000000,665030.0,27870.0,35180.0,46390.0,64310.0,96870.0
2023,31140,110000,40200.0,48320.0,68230.0,100830.0,137540.0,195240.0
2023,31140,113021,1250.0,80540.0,102460.0,129530.0,165030.0,210650.0
2023,31140,130000,34060.0,40600.0,51840.0,66560.0,88770.0,112050.0
2023,31140,150000,14940.0,46030.0,59970.0,82980.0,111050.0,139890.0
2023,31140,151211,1740.0,44470.0,64740.0,84760.0,110750.0,137740.0
2023,31140,151212,710.0,55350.0,74660.0,97090.0,123090.0,149520.0
2023,31140,151231,860.0,46790.0,52330.0,63540.0,83990.0,115200.0
2023,31140,151232,2420.0,38280.0,44790.0,54280.0,62440.0,76330.0
2023,31140,151241,460.0,66260.0,78410.0,110230.0,144600.0,166330.0
2023,31140,151242,270.0,48630.0,63560.0,87240.0,119950.0,134950.0
2023,31140,151243,260.0,55440.0,75920.0,110520.0,144850.0,173510.0
2023,31140,151244,1110.0,55000.0,67430.0,86440.0,105390.0,129950.0
2023,31140,151251,370.0,61090.0,72230.0,88910.0,115940.0,132040.0
2023,31140,151252,2710.0,73220.0,86010.0,105990.0,133250.0,155530.0
2023,31140,151253,660.0,34660.0,51660.0,79820.0,96300.0,117730.0
2023,31140,151254,220.0,49120.0,57390.0,77420.0,103940.0,116380.0
2023,31140,151255,340.0,48040.0,52680.0,85360.0,129660.0,157930.0
2023,31140,151299,1030.0,37890.0,56250.0,79030.0,111770.0,153170.0
2023,31140,152031,630.0,61760.0,65570.0,77570.0,95930.0,98560.0
2023,31140,152041,100.0,73690.0,87200.0,102150.0,109120.0,128020.0
2023,31140,152051,900.0,54560.0,65560.0,86810.0,118910.0,158740.0
2023,31140,170000,9390.0,45920.0,59540.0,79730.0,102040.0,125930.0
2023,31140,190000,3670.0,40130.0,49030.0,64820.0,91100.0,119740.0
2023,31140,210000,9010.0,33420.0,38200.0,47760.0,63620.0,81770.0
2023,31140,230000,3680.0,40280.0,49320.0,74190.0,130410.0,187190.0
2023,31140,250000,26370.0,30150.0,40240.0,59410.0,78700.0,83810.0
2023,31140,270000,6360.0,28210.0,35610.0,47580.0,64680.0,92690.0
2023,31140,290000,47470.0,39360.0,57800.0,76850.0,97190.0,136110.0
2023,31140,310000,24520.0,28370.0,31000.0,37120.0,44180.0,47440.0
2023,31140,330000,11710.0,28900.0,32990.0,40050.0,56960.0,71790.0
2023,31140,350000,56280.0,19760.0,22880.0,28440.0,35080.0,43190.0
2023,31140,370000,17420.0,25960.0,28780.0,33890.0,38100.0,47080.0
2023,31140,390000,13140.0,21220.0,24180.0,30070.0,37590.0,56620.0
2023,31140,410000,52900.0,23090.0,28150.0,35270.0,54110.0,87830.0
2023,31140,430000,86070.0,29190.0,35650.0,41480.0,50320.0,63750.0
2023,31140,450000,420.0,22290.0,29290.0,37970.0,46630.0,53570.0
2023,31140,470000,23850.0,36870.0,44580.0,53880.0,69450.0,80110.0
2023,31140,490000,28790.0,34450.0,41780.0,53820.0,68740.0,84150.0
2023,31140,510000,61980.0,32110.0,37370.0,46040.0,57050.0,61660.0
2023,31140,530000,92810.0,30280.0,36660.0,45480.0,52310.0,66780.0
2023,31900,000000,47680.0,24570.0,30500.0,41230.0,60050.0,82430.0
2023,31900,110000,2660.0,41620.0,59040.0,82830.0,117830.0,166710.0
2023,31900,113021,40.0,66290.0,97090.0,123080.0,171130.0,215510.0
2023,31900,130000,1620.0,37390.0,48040.0,61960.0,80690.0,105330.0
2023,31900,150000,500.0,39180.0,50620.0,70530.0,96130.0,128230.0
2023,31900,151231,50.0,36620.0,48470.0,50620.0,74880.0,98490.0
2023,31900,151232,80.0,33060.0,39550.0,50500.0,62360.0,80550.0
2023,31900,151244,90.0,47580.0,51660.0,67560.0,92560.0,134840.0
2023,31900,151252,110.0,55000.0,78910.0,95990.0,128230.0,153260.0
2023,31900,151299,50.0,47370.0,54470.0,74650.0,88650.0,102150.0
2023,31900,170000,670.0,45420.0,59820.0,76000.0,94910.0,115470.0
2023,31900,190000,160.0,38030.0,48240.0,68340.0,82160.0,99550.0
2023,31900,210000,870.0,29230.0,36780.0,46720.0,61730.0,76910.0
2023,31900,230000,160.0,28670.0,39520.0,66960.0,97060.0,152500.0
2023,31900,250000,3080.0,29720.0,38460.0,58970.0,77250.0,93880.0
2023,31900,270000,470.0,23410.0,29370.0,35370.0,49780.0,64690.0
2023,31900,290000,3310.0,37590.0,48760.0,64970.0,90300.0,146880.0
2023,31900,310000,1640.0,24220.0,28820.0,32770.0,36890.0,44720.0
2023,31900,330000,1510.0,29890.0,44500.0,57340.0,62940.0,72860.0
2023,31900,350000,4850.0,21250.0,22710.0,27510.0,33160.0,37980.0
2023,31900,370000,1120.0,23080.0,27110.0,31650.0,37680.0,46110.0
2023,31900,390000,810.0,21380.0,22980.0,27950.0,35780.0,47830.0
2023,31900,410000,4660.0,22120.0,25930.0,29550.0,44010.0,70570.0
2023,31900,430000,5090.0,27000.0,31730.0,37720.0,47060.0,59990.0
2023,31900,450000,80.0,26330.0,28350.0,31830.0,38200.0,49250.0
2023,31900,470000,1640.0,36160.0,43500.0,51720.0,63470.0,78540.0
2023,31900,490000,2120.0,29610.0,37230.0,49640.0,60930.0,75390.0
2023,31900,510000,5840.0,29420.0,34320.0,39930.0,47760.0,59270.0
2023,31900,530000,4820.0,27000.0,30720.0,36740.0,46970.0,62150.0
2023,34620,000000,44560.0,24510.0,30510.0,40410.0,60520.0,83940.0
2023,34620,110000,2180.0,47350.0,62600.0,92790.0,127130.0,181760.0
2023,34620,113021,90.0,79930.0,88810.0,123460.0,136240.0,182880.0
2023,34620,130000,1800.0,38010.0,47160.0,62050.0,82270.0,105290.0
2023,34620,150000,790.0,42600.0,55290.0,76340.0,98120.0,122550.0
2023,34620,151211,150.0,54170.0,65740.0,79990.0,102560.0,119190.0
2023,34620,151231,50.0,40970.0,46990.0,62480.0,85400.0,95740.0
2023,34620,151232,170.0,33110.0,42810.0,53370.0,65180.0,76390.0
2023,34620,151241,40.0,72010.0,84170.0,98000.0,121830.0,135680.0
2023,34620,151244,80.0,44440.0,59040.0,75610.0,99090.0,106140.0
2023,34620,151252,110.0,61410.0,76550.0,97580.0,120180.0,154140.0
2023,34620,170000,360.0,47050.0,61900.0,74210.0,88920.0,101700.0
2023,34620,190000,170.0,36970.0,43070.0,58410.0,76850.0,107380.0
2023,34620,210000,1020.0,33320.0,37800.0,44830.0,52270.0,64350.0
2023,34620,230000,230.0,35230.0,43390.0,53000.0,95290.0,142100.0
2023,34620,250000,3550.0,28150.0,39350.0,55460.0,73240.0,93810.0
2023,34620,270000,480.0,28060.0,33420.0,46320.0,61150.0,80190.0
2023,34620,290000,3870.0,36480.0,50560.0,71950.0,96750.0,171410.0
2023,34620,310000,2260.0,27750.0,30240.0,35590.0,38970.0,44830.0
2023,34620,330000,690.0,28730.0,38780.0,57060.0,65240.0,82290.0
2023,34620,350000,5240.0,18910.0,22460.0,27300.0,31290.0,37530.0
2023,34620,370000,1720.0,25130.0,29560.0,35680.0,40390.0,48050.0
2023,34620,390000,870.0,20810.0,22900.0,28080.0,36330.0,46160.0
2023,34620,410000,4380.0,21760.0,26350.0,30870.0,39700.0,63310.0
2023,34620,430000,5270.0,28050.0,32240.0,38050.0,46220.0,58030.0
2023,34620,470000,1260.0,35900.0,40730.0,50060.0,64260.0,77530.0
2023,34620,490000,1700.0,31200.0,38130.0,47960.0,61940.0,74280.0
2023,34620,510000,3030.0,30780.0,36790.0,43720.0,49200.0,61720.0
2023,34620,530000,3660.0,25380.0,30960.0,36760.0,45750.0,63750.0
2023,36980,000000,51360.0,24540.0,30430.0,42840.0,61670.0,82950.0
2023,36980,110000,2620.0,42810.0,59730.0,89680.0,125100.0,170650.0
2023,36980,113021,30.0,81890.0,101640.0,127660.0,142270.0,190220.0
2023,36980,130000,1770.0,38210.0,49610.0,63980.0,83470.0,108450.0
2023,36980,150000,400.0,44430.0,50680.0,70970.0,97770.0,125620.0
2023,36980,151211,50.0,58450.0,73680.0,85680.0,120870.0,139630.0
2023,36980,151232,100.0,38440.0,46860.0,54720.0,68150.0,78670.0
2023,36980,151244,40.0,47600.0,52000.0,78580.0,102940.0,110060.0
2023,36980,151252,50.0,45520.0,45520.0,82260.0,112640.0,132690.0
2023,36980,170000,610.0,47320.0,62770.0,76680.0,102450.0,128190.0
2023,36980,190000,360.0,36050.0,47950.0,63280.0,79880.0,102680.0
2023,36980,210000,850.0,29060.0,33740.0,43890.0,62530.0,84590.0
2023,36980,230000,200.0,38860.0,49340.0,55990.0,86420.0,147560.0
2023,36980,250000,2830.0,29920.0,36250.0,49620.0,65730.0,74350.0
2023,36980,270000,420.0,27380.0,30700.0,39680.0,53430.0,79750.0
2023,36980,290000,4080.0,36620.0,56200.0,75200.0,96560.0,130870.0
2023,36980,310000,2550.0,27490.0,30380.0,36130.0,38870.0,45640.0
2023,36980,330000,1090.0,28070.0,28570.0,31200.0,44530.0,52130.0
2023,36980,350000,4630.0,18720.0,21730.0,27430.0,31850.0,38950.0
2023,36980,370000,1640.0,23560.0,25110.0,29830.0,35430.0,43340.0
2023,36980,390000,970.0,19100.0,21940.0,27510.0,30560.0,43390.0
2023,36980,410000,4330.0,21370.0,23940.0,30150.0,44250.0,71070.0
2023,36980,430000,6120.0,27040.0,31790.0,39500.0,48540.0,60860.0
2023,36980,450000,70.0,23860.0,31490.0,44460.0,50580.0,57450.0
2023,36980,470000,1890.0,33110.0,37660.0,49010.0,62500.0,80100.0
2023,36980,490000,2760.0,32120.0,39690.0,56100.0,69000.0,81440.0
2023,36980,510000,6050.0,30300.0,40030.0,53180.0,60790.0,71710.0
2023,36980,530000,5120.0,27020.0,30410.0,38350.0,49190.0,61680.0
2023,37620,000000,35960.0,22440.0,28100.0,37520.0,59500.0,88340.0
2023,37620,110000,1880.0,42600.0,56700.0,80370.0,125890.0,167850.0
2023,37620,113021,30.0,93100.0,126350.0,128260.0,159720.0,183800.0
2023,37620,130000,2330.0,42410.0,59010.0,82910.0,99990.0,116380.0
2023,37620,150000,580.0,46520.0,67530.0,91100.0,107660.0,128020.0
2023,37620,151231,40.0,36400.0,40150.0,45250.0,59950.0,67640.0
2023,37620,151232,40.0,27680.0,37200.0,52080.0,62170.0,69850.0
2023,37620,151244,40.0,28690.0,48940.0,56080.0,76120.0,100300.0
2023,37620,151299,390.0,72220.0,88340.0,96620.0,108330.0,128020.0
2023,37620,170000,480.0,46450.0,61270.0,86800.0,114580.0,147310.0
2023,37620,190000,250.0,37690.0,47560.0,66260.0,82150.0,104120.0
2023,37620,210000,730.0,27960.0,32320.0,39230.0,51350.0,66080.0
2023,37620,230000,340.0,39350.0,49800.0,76000.0,96620.0,141460.0
2023,37620,250000,1750.0,28720.0,44030.0,47700.0,58830.0,66390.0
2023,37620,270000,220.0,25440.0,29570.0,34530.0,45620.0,66100.0
2023,37620,290000,2830.0,33700.0,48110.0,64680.0,82120.0,126690.0
2023,37620,310000,2370.0,22540.0,25340.0,28620.0,33740.0,38270.0
2023,37620,330000,670.0,21460.0,29570.0,37770.0,48230.0,56850.0
2023,37620,350000,3860.0,20780.0,21940.0,25310.0,29910.0,37360.0
2023,37620,370000,930.0,21590.0,24140.0,28900.0,33420.0,37720.0
2023,37620,390000,580.0,20140.0,23000.0,27830.0,32840.0,44470.0
2023,37620,410000,3800.0,20970.0,22580.0,27300.0,35280.0,49780.0
2023,37620,430000,4070.0,24110.0,29330.0,35340.0,44570.0,55900.0
2023,37620,450000,50.0,26940.0,29060.0,39250.0,49890.0,68580.0
2023,37620,470000,1620.0,29890.0,36300.0,43890.0,57500.0,72010.0
2023,37620,490000,1890.0,28230.0,35200.0,47120.0,69280.0,85660.0
2023,37620,510000,1920.0,28280.0,35240.0,39750.0,58700.0,85060.0
2023,37620,530000,2820.0,22170.0,26880.0,32620.0,42590.0,53410.0
2023,44220,000000,46990.0,26970.0,32640.0,42800.0,61300.0,83550.0
2023,44220,110000,2610.0,44150.0,61870.0,88730.0,123380.0,168520.0
2023,44220,113021,60.0,99900.0,107630.0,131920.0,161730.0,206850.0
2023,44220,130000,1780.0,39140.0,47890.0,64270.0,82260.0,102160.0
2023,44220,150000,680.0,45710.0,59870.0,77930.0,100030.0,125600.0
2023,44220,151211,110.0,60590.0,60590.0,78130.0,92900.0,105310.0
2023,44220,151231,50.0,37680.0,51890.0,62050.0,84790.0,118780.0
2023,44220,151232,100.0,33770.0,42040.0,50220.0,61150.0,85470.0
2023,44220,151244,90.0,53630.0,69730.0,81290.0,97640.0,124150.0
2023,44220,151252,80.0,59350.0,75750.0,104440.0,125600.0,134440.0
2023,44220,151299,50.0,62480.0,81060.0,89820.0,112550.0,132540.0
2023,44220,170000,450.0,46060.0,61300.0,75440.0,95930.0,116510.0
2023,44220,190000,150.0,40560.0,48310.0,71530.0,82760.0,102290.0
2023,44220,210000,510.0,33420.0,39910.0,49310.0,62870.0,80600.0
2023,44220,230000,110.0,37340.0,46330.0,70870.0,119960.0,183090.0
2023,44220,250000,3780.0,30340.0,43060.0,61210.0,79810.0,92760.0
2023,44220,270000,310.0,26920.0,33720.0,44940.0,57770.0,82220.0
2023,44220,290000,3080.0,37750.0,52170.0,70280.0,92540.0,137300.0
2023,44220,310000,1940.0,27890.0,30300.0,35630.0,42790.0,49340.0
2023,44220,330000,580.0,25220.0,31660.0,43520.0,59730.0,75960.0
2023,44220,350000,4260.0,21810.0,23120.0,27610.0,34120.0,39520.0
2023,44220,370000,1300.0,24180.0,28070.0,34020.0,39430.0,46100.0
2023,44220,390000,740.0,21640.0,24060.0,29050.0,36130.0,48230.0
2023,44220,410000,3640.0,22860.0,26640.0,30550.0,45800.0,77310.0
2023,44220,430000,5950.0,28200.0,34250.0,38380.0,47310.0,60270.0
2023,44220,450000,50.0,31470.0,31470.0,37410.0,43380.0,55880.0
2023,44220,470000,980.0,36610.0,45500.0,55110.0,68010.0,77780.0
2023,44220,490000,1950.0,31550.0,38800.0,49900.0,62800.0,75480.0
2023,44220,510000,5960.0,29950.0,35520.0,40130.0,51940.0,62220.0
2023,44220,530000,6210.0,28840.0,33210.0,36970.0,48450.0,64090.0
2023,45460,000000,64250.0,23860.0,30050.0,41690.0,59580.0,82150.0
2023,45460,110000,2970.0,45170.0,61390.0,87860.0,123840.0,167720.0
2023,45460,113021,70.0,63220.0,83790.0,105750.0,137560.0,163140.0
2023,45460,130000,2230.0,37340.0,47480.0,62230.0,83760.0,107480.0
2023,45460,150000,630.0,37830.0,50940.0,67740.0,90720.0,108330.0
2023,45460,151211,80.0,61180.0,73380.0,80320.0,97260.0,126410.0
2023,45460,151231,70.0,43950.0,53480.0,64820.0,84060.0,101210.0
2023,45460,151232,150.0,28480.0,38130.0,47670.0,56870.0,72820.0
2023,45460,151244,60.0,49500.0,56970.0,66120.0,80250.0,92330.0
2023,45460,151252,50.0,66060.0,82190.0,102530.0,127920.0,145760.0
2023,45460,151299,40.0,46820.0,64480.0,83990.0,91630.0,108330.0
2023,45460,152051,50.0,55990.0,62690.0,76440.0,90890.0,95800.0
2023,45460,170000,740.0,48290.0,62180.0,79540.0,98670.0,111390.0
2023,45460,190000,400.0,41920.0,51840.0,71250.0,85570.0,108680.0
2023,45460,210000,1310.0,31660.0,36780.0,45970.0,56090.0,71410.0
2023,45460,230000,350.0,36840.0,44990.0,74450.0,129700.0,182770.0
2023,45460,250000,4150.0,27360.0,34740.0,49180.0,63340.0,80090.0
2023,45460,270000,770.0,27970.0,30670.0,40750.0,57220.0,74250.0
2023,45460,290000,4310.0,35660.0,48170.0,66270.0,84880.0,114990.0
2023,45460,310000,2480.0,26390.0,29870.0,34390.0,37950.0,44950.0
2023,45460,330000,2050.0,28690.0,39590.0,47670.0,62050.0,71280.0
2023,45460,350000,7150.0,18510.0,22370.0,27350.0,30410.0,37150.0
2023,45460,370000,1750.0,23630.0,27750.0,31080.0,36780.0,43970.0
2023,45460,390000,990.0,20200.0,22990.0,27970.0,35780.0,46560.0
2023,45460,410000,5880.0,21940.0,25390.0,29370.0,38970.0,62720.0
2023,45460,430000,6890.0,26700.0,31510.0,38660.0,47780.0,61500.0
2023,45460,450000,140.0,22350.0,35220.0,39500.0,48050.0,54900.0
2023,45460,470000,3150.0,37220.0,45310.0,60940.0,73440.0,92960.0
2023,45460,490000,3310.0,30860.0,38570.0,50910.0,67650.0,86460.0
2023,45460,510000,6810.0,28820.0,36310.0,44960.0,53760.0,62650.0
2023,45460,530000,5800.0,26680.0,30500.0,37160.0,48370.0,57910.0
2023,45780,000000,290070.0,27230.0,34330.0,45740.0,66180.0,95600.0
2023,45780,110000,17380.0,46780.0,65170.0,98090.0,134660.0,196070.0
2023,45780,113021,480.0,98130.0,117800.0,146080.0,170470.0,218960.0
2023,45780,130000,13180.0,40240.0,50730.0,68090.0,89850.0,121220.0
2023,45780,150000,4030.0,44990.0,57640.0,77530.0,104530.0,133630.0
2023,45780,151211,440.0,60990.0,74020.0,84230.0,110430.0,132950.0
2023,45780,151212,120.0,60520.0,78330.0,97820.0,128780.0,160840.0
2023,45780,151231,280.0,45050.0,50840.0,61540.0,70850.0,90940.0
2023,45780,151232,920.0,38150.0,45400.0,51590.0,65330.0,78350.0
2023,45780,151241,150.0,60560.0,85550.0,112430.0,144460.0,172670.0
2023,45780,151242,80.0,47280.0,60620.0,80790.0,117850.0,133630.0
2023,45780,151243,40.0,75380.0,100910.0,128180.0,143200.0,176530.0
2023,45780,151244,710.0,55330.0,69720.0,83740.0,105640.0,135770.0
2023,45780,151251,80.0,51980.0,69040.0,79430.0,106720.0,128740.0
2023,45780,151252,780.0,59970.0,77960.0,101020.0,126560.0,152150.0
2023,45780,151253,50.0,52290.0,60750.0,77310.0,103220.0,136200.0
2023,45780,151254,50.0,41710.0,48620.0,68290.0,86430.0,116450.0
2023,45780,151255,40.0,44010.0,51150.0,69790.0,96960.0,120130.0
2023,45780,151299,80.0,45890.0,59750.0,75270.0,100700.0,127990.0
2023,45780,152031,60.0,60950.0,73770.0,93930.0,120470.0,167920.0
2023,45780,152051,140.0,38520.0,41310.0,71480.0,99740.0,127760.0
2023,45780,170000,5370.0,48720.0,62800.0,81310.0,103530.0,129840.0
2023,45780,190000,1780.0,39400.0,48180.0,65790.0,87940.0,112280.0
2023,45780,210000,4530.0,33420.0,39150.0,49630.0,62650.0,80280.0
2023,45780,230000,1500.0,35240.0,49800.0,77890.0,136430.0,207090.0
2023,45780,250000,18120.0,29920.0,41220.0,61220.0,81850.0,99220.0
2023,45780,270000,3390.0,26500.0,32810.0,44870.0,63230.0,94900.0
2023,45780,290000,21820.0,40280.0,58070.0,75500.0,95030.0,145430.0
2023,45780,310000,11150.0,27440.0,29620.0,36510.0,41600.0,48730.0
2023,45780,330000,6010.0,25290.0,33760.0,52470.0,71340.0,82420.0
2023,45780,350000,27870.0,21830.0,23320.0,28590.0,34860.0,42830.0
2023,45780,370000,7950.0,24510.0,27970.0,33430.0,37750.0,46820.0
2023,45780,390000,5040.0,21900.0,24470.0,29500.0,37350.0,53930.0
2023,45780,410000,22710.0,23010.0,27260.0,32930.0,48530.0,79550.0
2023,45780,430000,30850.0,29160.0,35150.0,41570.0,50940.0,64890.0
2023,45780,450000,500.0,27910.0,30320.0,37700.0,47550.0,52420.0
2023,45780,470000,10210.0,37580.0,47070.0,61590.0,76020.0,88560.0
2023,45780,490000,12120.0,34060.0,42070.0,53320.0,66460.0,80000.0
2023,45780,510000,31420.0,32070.0,36390.0,45220.0,61610.0,68410.0
2023,45780,530000,33160.0,28820.0,34890.0,39900.0,48180.0,62850.0
2024,14020,000000,73180.0,27840.0,34980.0,46430.0,67210.0,101180.0
2024,14020,110000,3320.0,51630.0,74800.0,107720.0,166730.0,221850.0
2024,14020,113021,150.0,95750.0,123890.0,159630.0,177370.0,219940.0
2024,14020,130000,3570.0,45750.0,54990.0,69530.0,96030.0,120260.0
2024,14020,150000,2360.0,50640.0,65300.0,81820.0,104370.0,125350.0
2024,14020,151211,200.0,61430.0,73850.0,97630.0,125350.0,143170.0
2024,14020,151212,50.0,62870.0,74890.0,91740.0,111060.0,129060.0
2024,14020,151231,120.0,44910.0,50460.0,62930.0,88110.0,133500.0
2024,14020,151232,540.0,41070.0,49610.0,55870.0,65300.0,91490.0
2024,14020,151242,110.0,65570.0,81610.0,87700.0,104370.0,110080.0
2024,14020,151244,80.0,60670.0,70250.0,83560.0,104240.0,133060.0
2024,14020,151251,360.0,66310.0,66310.0,81820.0,107320.0,107320.0
2024,14020,151252,150.0,66290.0,77660.0,96100.0,128090.0,154370.0
2024,14020,151255,80.0,54350.0,83200.0,83200.0,83200.0,83200.0
2024,14020,151299,40.0,49660.0,63670.0,71090.0,110900.0,160120.0
2024,14020,152051,50.0,46910.0,59200.0,83220.0,111300.0,140150.0
2024,14020,170000,1670.0,57130.0,65260.0,80550.0,103850.0,128250.0
2024,14020,190000,1380.0,45690.0,50600.0,64300.0,80810.0,123800.0
2024,14020,210000,1880.0,36310.0,45750.0,52180.0,66100.0,85300.0
2024,14020,230000,400.0,39050.0,49040.0,95790.0,160290.0,214070.0
2024,14020,250000,6300.0,30260.0,46330.0,62820.0,99020.0,132350.0
2024,14020,270000,1310.0,31210.0,44610.0,59510.0,77470.0,102660.0
2024,14020,290000,4550.0,38260.0,52980.0,76680.0,100330.0,140620.0
2024,14020,310000,3170.0,28900.0,30100.0,34900.0,38090.0,44890.0
2024,14020,330000,1410.0,25780.0,33580.0,40180.0,59830.0,81990.0
2024,14020,350000,8380.0,19650.0,23420.0,28880.0,35700.0,42830.0
2024,14020,370000,2240.0,28030.0,30480.0,36130.0,39130.0,46990.0
2024,14020,390000,1280.0,21680.0,25380.0,29750.0,39090.0,53420.0
2024,14020,410000,5590.0,23240.0,27900.0,33130.0,47020.0,77560.0
2024,14020,430000,7910.0,30260.0,36270.0,42390.0,51380.0,63750.0
2024,14020,450000,50.0,29790.0,36180.0,42950.0,50030.0,60450.0
2024,14020,470000,2470.0,38490.0,47570.0,61500.0,78760.0,91380.0
2024,14020,490000,2460.0,35500.0,41660.0,51710.0,64890.0,81480.0
2024,14020,510000,7020.0,35140.0,36800.0,44550.0,51380.0,65790.0
2024,14020,530000,4460.0,26920.0,33040.0,38420.0,47360.0,61660.0
2024,14540,000000,80400.0,26280.0,32000.0,43640.0,61260.0,82940.0
2024,14540,110000,4750.0,39620.0,58320.0,87470.0,125520.0,169570.0
2024,14540,113021,70.0,74810.0,87640.0,116230.0,149550.0,186850.0
2024,14540,130000,2890.0,39520.0,49040.0,62740.0,80590.0,103040.0
2024,14540,150000,900.0,38660.0,48330.0,66800.0,93000.0,135980.0
2024,14540,151211,120.0,47300.0,47300.0,66150.0,97540.0,135900.0
2024,14540,151231,70.0,45780.0,50540.0,51020.0,64630.0,86440.0
2024,14540,151232,220.0,33630.0,36400.0,48810.0,60410.0,74860.0
2024,14540,151244,90.0,41090.0,52910.0,74550.0,86500.0,100770.0
2024,14540,151251,30.0,62080.0,62080.0,81330.0,127980.0,155720.0
2024,14540,151252,170.0,68970.0,83650.0,97680.0,157920.0,215750.0
2024,14540,151254,30.0,35040.0,35990.0,64220.0,77760.0,94700.0
2024,14540,170000,1050.0,47190.0,62180.0,80140.0,99270.0,120950.0
2024,14540,190000,510.0,41920.0,50990.0,67320.0,91700.0,120900.0
2024,14540,210000,1320.0,33130.0,38680.0,51110.0,67500.0,81330.0
2024,14540,230000,480.0,44780.0,49960.0,73090.0,108590.0,152750.0
2024,14540,250000,5110.0,28540.0,35710.0,50110.0,62590.0,80870.0
2024,14540,270000,950.0,22250.0,30280.0,39820.0,53550.0,74630.0
2024,14540,290000,5160.0,36220.0,50030.0,75040.0,96220.0,128860.0
2024,14540,310000,3210.0,28300.0,31520.0,37940.0,44510.0,56130.0
2024,14540,330000,1430.0,29290.0,33730.0,38820.0,59940.0,74080.0
2024,14540,350000,7920.0,17810.0,22450.0,27810.0,32580.0,38180.0
2024,14540,370000,1760.0,23870.0,28050.0,31130.0,36630.0,44280.0
2024,14540,390000,1230.0,21120.0,26110.0,28770.0,37690.0,48320.0
2024,14540,410000,6860.0,21800.0,26320.0,31510.0,46010.0,73260.0
2024,14540,430000,9380.0,27640.0,32440.0,38460.0,47270.0,60420.0
2024,14540,450000,70.0,23160.0,24890.0,34520.0,43520.0,59100.0
2024,14540,470000,3160.0,34100.0,39220.0,48180.0,60160.0,78440.0
2024,14540,490000,3490.0,33960.0,40250.0,52460.0,67080.0,79840.0
2024,14540,510000,10200.0,33560.0,39370.0,47950.0,58860.0,77730.0
2024,14540,530000,8560.0,28920.0,31720.0,38210.0,47850.0,57390.0
2024,16620,000000,106820.0,25160.0,31100.0,45170.0,65350.0,100090.0
2024,16620,110000,6910.0,46950.0,62730.0,91680.0,128190.0,171770.0
2024,16620,113021,150.0,81490.0,100420.0,131030.0,163750.0,218590.0
2024,16620,130000,6350.0,36300.0,48690.0,63270.0,88460.0,118780.0
2024,16620,150000,2550.0,44080.0,57260.0,78720.0,101540.0,132860.0
2024,16620,151211,330.0,63090.0,78210.0,99050.0,102210.0,128980.0
2024,16620,151212,60.0,56000.0,72010.0,97310.0,122480.0,123880.0
2024,16620,151231,130.0,38260.0,43020.0,51240.0,63480.0,72850.0
2024,16620,151232,440.0,38590.0,47580.0,57260.0,62010.0,79180.0
2024,16620,151241,40.0,59290.0,76360.0,98480.0,131090.0,169370.0
2024,16620,151242,60.0,51340.0,56590.0,63110.0,75380.0,104770.0
2024,16620,151243,60.0,59820.0,80670.0,108150.0,128680.0,165980.0
2024,16620,151244,300.0,48450.0,58830.0,69370.0,88500.0,105440.0
2024,16620,151251,50.0,60320.0,69630.0,87910.0,100200.0,128060.0
2024,16620,151252,330.0,68420.0,81460.0,100020.0,129160.0,160160.0
2024,16620,151253,40.0,21830.0,28400.0,61420.0,76990.0,103350.0
2024,16620,151299,490.0,38340.0,60240.0,98550.0,134430.0,206810.0
2024,16620,152031,90.0,47400.0,61160.0,63180.0,77530.0,98180.0
2024,16620,152051,70.0,47150.0,65250.0,82110.0,115530.0,152430.0
2024,16620,170000,1770.0,48040.0,60860.0,84530.0,115030.0,153650.0
2024,16620,190000,1380.0,38030.0,47180.0,63020.0,86940.0,112590.0
2024,16620,210000,2460.0,33810.0,38330.0,48220.0,61250.0,71080.0
2024,16620,230000,1570.0,,,,,
2024,16620,250000,4870.0,28100.0,36010.0,47970.0,59590.0,75110.0
2024,16620,270000,920.0,29440.0,34750.0,39330.0,55250.0,81380.0
2024,16620,290000,10370.0,36740.0,52200.0,68950.0,106580.0,156480.0
2024,16620,310000,6350.0,22700.0,27240.0,31010.0,36920.0,41600.0
2024,16620,330000,5000.0,28990.0,36040.0,37870.0,59270.0,59270.0
2024,16620,350000,8130.0,21110.0,22590.0,27020.0,31170.0,41810.0
2024,16620,370000,2930.0,22520.0,27090.0,29710.0,36360.0,44780.0
2024,16620,390000,1440.0,21130.0,23460.0,29050.0,37400.0,47160.0
2024,16620,410000,8050.0,21770.0,23730.0,29710.0,41450.0,63740.0
2024,16620,430000,14040.0,27960.0,33350.0,39110.0,48860.0,62180.0
2024,16620,450000,60.0,24490.0,30460.0,35310.0,47210.0,50290.0
2024,16620,470000,5440.0,35170.0,42070.0,57860.0,71500.0,84520.0
2024,16620,490000,4940.0,30270.0,37150.0,49050.0,64800.0,87600.0
2024,16620,510000,3560.0,28260.0,35500.0,42570.0,58770.0,78990.0
2024,16620,530000,7710.0,24030.0,30110.0,37060.0,50770.0,66310.0
2024,17140,000000,1092300.0,29000.0,36490.0,48490.0,76680.0,108190.0
2024,17140,110000,79310.0,51440.0,75310.0,106460.0,162660.0,215080.0
2024,17140,113021,3160.0,100730.0,130630.0,166230.0,208940.0,
2024,17140,130000,71480.0,46330.0,59780.0,77640.0,101710.0,132770.0
2024,17140,150000,30880.0,49700.0,70500.0,98780.0,129440.0,161170.0
2024,17140,151211,3220.0,61280.0,79090.0,101270.0,133440.0,166930.0
2024,17140,151212,1210.0,67710.0,83000.0,108000.0,135470.0,164620.0
2024,17140,151231,1600.0,43650.0,51860.0,65580.0,83210.0,108450.0
2024,17140,151232,4720.0,37150.0,45500.0,53360.0,64930.0,83720.0
2024,17140,151241,1240.0,79310.0,99900.0,128910.0,161720.0,176780.0
2024,17140,151242,380.0,55570.0,76680.0,100510.0,129700.0,141040.0
2024,17140,151243,490.0,84680.0,104880.0,130400.0,147610.0,168550.0
2024,17140,151244,3250.0,62180.0,78000.0,98690.0,126960.0,143530.0
2024,17140,151251,550.0,66610.0,92820.0,119900.0,141660.0,167590.0
2024,17140,151252,9160.0,77810.0,92240.0,113240.0,134690.0,167400.0
2024,17140,151253,950.0,59220.0,76280.0,83960.0,101710.0,129520.0
2024,17140,151254,320.0,56150.0,66610.0,91350.0,126810.0,202540.0
2024,17140,151255,450.0,49080.0,63230.0,82410.0,121810.0,129350.0
2024,17140,151299,830.0,49070.0,64800.0,96620.0,127610.0,154520.0
2024,17140,152031,500.0,62780.0,79370.0,105840.0,129440.0,151550.0
2024,17140,152041,100.0,56980.0,80380.0,98640.0,122220.0,156570.0
2024,17140,152051,1510.0,61680.0,76590.0,99350.0,127240.0,157280.0
2024,17140,170000,22400.0,58340.0,75090.0,96850.0,126930.0,161730.0
2024,17140,190000,8990.0,46000.0,57180.0,77390.0,102330.0,134330.0
2024,17140,210000,16250.0,37130.0,45660.0,55720.0,68370.0,83910.0
2024,17140,230000,6060.0,47490.0,65390.0,97240.0,162000.0,211020.0
2024,17140,250000,58690.0,29050.0,37180.0,52460.0,76690.0,96330.0
2024,17140,270000,13420.0,28920.0,36350.0,48590.0,68540.0,96270.0
2024,17140,290000,76820.0,44360.0,62890.0,80140.0,102600.0,157840.0
2024,17140,310000,38920.0,28780.0,32900.0,37630.0,45290.0,51580.0
2024,17140,330000,22780.0,30270.0,36270.0,48470.0,74180.0,93480.0
2024,17140,350000,106250.0,23390.0,27860.0,30320.0,36850.0,46620.0
2024,17140,370000,29230.0,28170.0,30060.0,36000.0,41970.0,48530.0
2024,17140,390000,20580.0,23510.0,27580.0,31200.0,40040.0,54010.0
2024,17140,410000,90790.0,25990.0,28890.0,36570.0,60020.0,96920.0
2024,17140,430000,130620.0,31950.0,37810.0,45820.0,56990.0,70230.0
2024,17140,450000,540.0,26520.0,31680.0,37670.0,46870.0,62210.0
2024,17140,470000,37160.0,38770.0,47650.0,60900.0,76940.0,90280.0
2024,17140,490000,42230.0,37030.0,46510.0,60040.0,74290.0,90030.0
2024,17140,510000,78860.0,33590.0,38210.0,46420.0,57450.0,72190.0
2024,17140,530000,110060.0,30250.0,36240.0,42920.0,51850.0,67040.0
2024,18020,000000,50880.0,28240.0,35620.0,46490.0,69310.0,104510.0
2024,18020,110000,2850.0,59870.0,82920.0,115890.0,170590.0,220680.0
2024,18020,113021,90.0,82950.0,101910.0,127950.0,168350.0,195970.0
2024,18020,130000,2220.0,42300.0,53020.0,75280.0,100670.0,129660.0
2024,18020,150000,920.0,46140.0,61780.0,86000.0,108800.0,133810.0
2024,18020,151211,110.0,46140.0,72580.0,83880.0,110570.0,144950.0
2024,18020,151231,70.0,45820.0,53370.0,73340.0,83370.0,108000.0
2024,18020,151232,160.0,38150.0,45600.0,52860.0,67890.0,95320.0
2024,18020,151241,30.0,62530.0,92500.0,109690.0,122310.0,152890.0
2024,18020,151244,60.0,55280.0,61970.0,79650.0,96020.0,106770.0
2024,18020,151251,30.0,65310.0,67120.0,82510.0,99720.0,126580.0
2024,18020,151252,230.0,71990.0,81830.0,103080.0,108800.0,125950.0
2024,18020,151299,30.0,42890.0,60310.0,89300.0,125810.0,144530.0
2024,18020,152051,40.0,50130.0,62770.0,95680.0,126980.0,128300.0
2024,18020,170000,3610.0,66780.0,82390.0,104230.0,135120.0,138820.0
2024,18020,190000,340.0,36870.0,45040.0,57450.0,75180.0,100770.0
2024,18020,210000,810.0,37080.0,40100.0,48470.0,59470.0,74200.0
2024,18020,230000,140.0,37400.0,44890.0,60060.0,126200.0,189030.0
2024,18020,250000,2150.0,27920.0,35220.0,47220.0,59290.0,74700.0
2024,18020,270000,310.0,28710.0,33280.0,44310.0,62940.0,82440.0
2024,18020,290000,2560.0,37340.0,51580.0,74230.0,95390.0,163790.0
2024,18020,310000,1820.0,28620.0,30900.0,35900.0,40830.0,46350.0
2024,18020,330000,720.0,24540.0,31110.0,44020.0,66540.0,84550.0
2024,18020,350000,3810.0,19950.0,22920.0,28080.0,33750.0,38240.0
2024,18020,370000,830.0,26040.0,28710.0,33710.0,37550.0,46260.0
2024,18020,390000,550.0,20950.0,23390.0,28490.0,36150.0,48610.0
2024,18020,410000,3970.0,22580.0,27440.0,32090.0,48880.0,80970.0
2024,18020,430000,4860.0,30750.0,36070.0,43940.0,52290.0,70710.0
2024,18020,470000,1570.0,39970.0,47550.0,60720.0,80770.0,87680.0
2024,18020,490000,2150.0,36990.0,45780.0,59220.0,71070.0,82930.0
2024,18020,510000,10590.0,34900.0,38690.0,45010.0,57690.0,64700.0
2024,18020,530000,4090.0,28200.0,32660.0,39230.0,47880.0,61360.0
2024,18140,000000,1085150.0,29400.0,37080.0,49510.0,78620.0,110350.0
2024,18140,110000,77130.0,51990.0,75420.0,106170.0,159100.0,213480.0
2024,18140,113021,3460.0,105370.0,131700.0,166320.0,211280.0,
2024,18140,130000,83610.0,47200.0,60680.0,78500.0,102030.0,132340.0
2024,18140,150000,34530.0,52000.0,73860.0,100870.0,130470.0,159820.0
2024,18140,151211,3780.0,63200.0,77360.0,100700.0,128490.0,148650.0
2024,18140,151212,1230.0,74760.0,97720.0,120020.0,147420.0,172880.0
2024,18140,151221,60.0,123400.0,138590.0,138590.0,138590.0,189370.0
2024,18140,151231,2260.0,47620.0,58550.0,70900.0,104890.0,134250.0
2024,18140,151232,4980.0,38120.0,46440.0,60070.0,76060.0,99710.0
2024,18140,151241,1230.0,71430.0,98320.0,126850.0,163150.0,189490.0
2024,18140,151242,390.0,56640.0,77090.0,100550.0,120870.0,138230.0
2024,18140,151243,460.0,85010.0,106500.0,132310.0,160650.0,175300.0
2024,18140,151244,3300.0,62300.0,79160.0,99050.0,119060.0,140150.0
2024,18140,151251,440.0,58310.0,79750.0,108230.0,110570.0,137760.0
2024,18140,151252,10200.0,78830.0,96990.0,117150.0,138100.0,168340.0
2024,18140,151253,940.0,61200.0,68670.0,87000.0,109110.0,129670.0
2024,18140,151254,300.0,52100.0,63030.0,84270.0,119410.0,142420.0
2024,18140,151255,580.0,49640.0,68200.0,111410.0,137700.0,155730.0
2024,18140,151299,2180.0,58120.0,90770.0,120640.0,132970.0,158010.0
2024,18140,152031,700.0,60560.0,78900.0,109440.0,128430.0,132530.0
2024,18140,152041,60.0,59270.0,74120.0,88780.0,118790.0,142890.0
2024,18140,152051,1160.0,47230.0,69950.0,100480.0,129550.0,164260.0
2024,18140,170000,18160.0,56310.0,74280.0,90700.0,109870.0,134640.0
2024,18140,190000,9370.0,46270.0,58880.0,77840.0,100010.0,125650.0
2024,18140,210000,18140.0,38630.0,47080.0,58920.0,72760.0,90520.0
2024,18140,230000,8330.0,48320.0,62130.0,98030.0,147890.0,211750.0
2024,18140,250000,66640.0,29250.0,37810.0,59860.0,79870.0,100610.0
2024,18140,270000,14290.0,29870.0,37640.0,50980.0,75250.0,100950.0
2024,18140,290000,77170.0,44570.0,63160.0,81590.0,103650.0,151900.0
2024,18140,310000,48120.0,28350.0,30410.0,36890.0,43570.0,48400.0
2024,18140,330000,26080.0,30720.0,36730.0,54520.0,80940.0,104430.0
2024,18140,350000,94370.0,23900.0,27870.0,31030.0,37370.0,46930.0
2024,18140,370000,27970.0,28460.0,30610.0,36510.0,43350.0,50110.0
2024,18140,390000,18940.0,23790.0,27870.0,31200.0,39760.0,57460.0
2024,18140,410000,85600.0,26450.0,29340.0,36550.0,59520.0,92440.0
2024,18140,430000,125540.0,33910.0,38760.0,46970.0,57880.0,72640.0
2024,18140,450000,1090.0,28350.0,34410.0,45950.0,56210.0,71920.0
2024,18140,470000,35830.0,40500.0,49110.0,63350.0,78940.0,94130.0
2024,18140,490000,39440.0,37860.0,47240.0,60240.0,74880.0,91870.0
2024,18140,510000,55390.0,31940.0,38030.0,46840.0,56850.0,68310.0
2024,18140,530000,119400.0,31570.0,37220.0,43880.0,53830.0,72970.0
2024,19430,000000,373320.0,28640.0,36230.0,48580.0,77800.0,112860.0
2024,19430,110000,24060.0,49450.0,71000.0,100990.0,144520.0,199470.0
2024,19430,113021,800.0,97780.0,121170.0,152240.0,178750.0,219990.0
2024,19430,130000,25950.0,47600.0,62170.0,84760.0,114210.0,138050.0
2024,19430,150000,12570.0,50000.0,66070.0,97760.0,127170.0,157980.0
2024,19430,151211,1250.0,59580.0,78630.0,100120.0,127170.0,147850.0
2024,19430,151212,470.0,66130.0,79860.0,107720.0,150330.0,165300.0
2024,19430,151221,150.0,79730.0,104580.0,132660.0,150780.0,165820.0
2024,19430,151231,500.0,44450.0,49650.0,64150.0,81900.0,107420.0
2024,19430,151232,1970.0,37580.0,46230.0,51650.0,63080.0,79440.0
2024,19430,151241,400.0,72670.0,97190.0,127950.0,170950.0,177170.0
2024,19430,151242,100.0,51540.0,70050.0,92860.0,124210.0,144260.0
2024,19430,151243,130.0,81590.0,102040.0,129030.0,162410.0,215130.0
2024,19430,151244,1240.0,61710.0,75840.0,93880.0,122350.0,142210.0
2024,19430,151251,210.0,54660.0,59280.0,93300.0,104590.0,125660.0
2024,19430,151252,3640.0,74720.0,83320.0,104350.0,131320.0,164020.0
2024,19430,151253,330.0,54950.0,65710.0,81600.0,100630.0,126030.0
2024,19430,151254,130.0,52260.0,61910.0,82260.0,126430.0,198960.0
2024,19430,151255,80.0,46480.0,61360.0,79880.0,115000.0,142870.0
2024,19430,151299,1150.0,61340.0,91100.0,111200.0,129940.0,147640.0
2024,19430,152031,400.0,57910.0,90170.0,115950.0,146200.0,168600.0
2024,19430,152041,40.0,57270.0,60600.0,105930.0,118710.0,139380.0
2024,19430,152051,300.0,53510.0,73300.0,91110.0,121530.0,141340.0
2024,19430,170000,11870.0,59060.0,77950.0,102000.0,138150.0,168410.0
2024,19430,190000,3590.0,45530.0,59780.0,90960.0,123120.0,149160.0
2024,19430,210000,6590.0,37080.0,45230.0,53270.0,67360.0,84170.0
2024,19430,230000,1740.0,47290.0,61510.0,82640.0,135850.0,193990.0
2024,19430,250000,23490.0,29520.0,38790.0,59770.0,79560.0,96510.0
2024,19430,270000,4360.0,28950.0,34810.0,46960.0,66520.0,97920.0
2024,19430,290000,31780.0,43050.0,61060.0,79370.0,101710.0,151840.0
2024,19430,310000,15060.0,28290.0,32570.0,37640.0,43730.0,54620.0
2024,19430,330000,7230.0,29430.0,35580.0,56770.0,74820.0,92790.0
2024,19430,350000,35090.0,23320.0,27400.0,29690.0,36100.0,45390.0
2024,19430,370000,10320.0,27570.0,29350.0,36010.0,42620.0,49100.0
2024,19430,390000,5790.0,22950.0,26770.0,30690.0,39990.0,50260.0
2024,19430,410000,28750.0,24280.0,28180.0,34400.0,49440.0,79910.0
2024,19430,430000,39550.0,31360.0,37290.0,45070.0,55080.0,66080.0
2024,19430,450000,220.0,25330.0,31600.0,35970.0,48300.0,60440.0
2024,19430,470000,10210.0,38150.0,47200.0,61100.0,75740.0,84390.0
2024,19430,490000,13020.0,35960.0,45340.0,58240.0,69720.0,81990.0
2024,19430,510000,28040.0,33690.0,37350.0,45840.0,55040.0,64570.0
2024,19430,530000,34060.0,29680.0,35840.0,40560.0,50230.0,65670.0
2024,21060,000000,51330.0,26580.0,32300.0,44810.0,62280.0,91890.0
2024,21060,110000,3100.0,41390.0,59350.0,89580.0,122210.0,165670.0
2024,21060,113021,60.0,76960.0,96130.0,125470.0,155220.0,172470.0
2024,21060,130000,3540.0,47070.0,60390.0,75940.0,95640.0,113730.0
2024,21060,150000,1510.0,40540.0,60670.0,84320.0,107840.0,129960.0
2024,21060,151211,120.0,35460.0,35460.0,57260.0,83350.0,110910.0
2024,21060,151212,50.0,58180.0,66890.0,94270.0,121630.0,136020.0
2024,21060,151231,40.0,42260.0,62130.0,71080.0,83910.0,84640.0
2024,21060,151232,260.0,33680.0,37770.0,51310.0,70060.0,75270.0
2024,21060,151241,50.0,64360.0,73720.0,73720.0,110810.0,161110.0
2024,21060,151244,60.0,40720.0,59900.0,76010.0,89820.0,101480.0
2024,21060,151252,220.0,60230.0,76430.0,93080.0,125040.0,150520.0
2024,21060,151253,60.0,42850.0,42850.0,61130.0,84450.0,95400.0
2024,21060,151299,480.0,74960.0,87920.0,104330.0,117190.0,130980.0
2024,21060,152031,70.0,81380.0,81380.0,95640.0,127520.0,142560.0
2024,21060,152051,40.0,60860.0,77060.0,89780.0,99400.0,123560.0
2024,21060,170000,680.0,47150.0,63270.0,78100.0,100210.0,123190.0
2024,21060,190000,290.0,46400.0,59260.0,73170.0,94310.0,117760.0
2024,21060,210000,890.0,31460.0,40030.0,58170.0,76440.0,89860.0
2024,21060,230000,240.0,38850.0,48870.0,71950.0,120640.0,148600.0
2024,21060,250000,3020.0,28010.0,29710.0,47040.0,60660.0,73170.0
2024,21060,270000,340.0,27080.0,31450.0,45270.0,72550.0,94310.0
2024,21060,290000,2630.0,36020.0,49280.0,72340.0,89480.0,126860.0
2024,21060,310000,1860.0,27930.0,30400.0,35720.0,41080.0,46490.0
2024,21060,330000,870.0,28600.0,33950.0,46790.0,59510.0,75960.0
2024,21060,350000,5010.0,18510.0,22640.0,27760.0,30750.0,37430.0
2024,21060,370000,1290.0,24380.0,28310.0,33410.0,37900.0,45990.0
2024,21060,390000,610.0,21680.0,23050.0,28470.0,37570.0,51240.0
2024,21060,410000,4490.0,21760.0,25960.0,30710.0,43930.0,67310.0
2024,21060,430000,6860.0,29240.0,33000.0,38870.0,49190.0,60120.0
2024,21060,450000,30.0,26600.0,30660.0,39330.0,49030.0,51480.0
2024,21060,470000,1590.0,33780.0,37500.0,49400.0,61360.0,75290.0
2024,21060,490000,2420.0,33010.0,39230.0,51550.0,64520.0,79330.0
2024,21060,510000,6070.0,34620.0,38810.0,47270.0,56070.0,63950.0
2024,21060,530000,3990.0,28140.0,30900.0,37730.0,47050.0,56770.0
2024,21780,000000,134960.0,27360.0,34030.0,45220.0,64020.0,94230.0
2024,21780,110000,6450.0,50920.0,72200.0,101400.0,144930.0,197060.0
2024,21780,113021,250.0,83200.0,101620.0,126370.0,159390.0,200340.0
2024,21780,130000,5850.0,41810.0,50910.0,66520.0,91860.0,117830.0
2024,21780,150000,2090.0,46490.0,57420.0,75300.0,98350.0,124610.0
2024,21780,151211,300.0,59100.0,75740.0,91990.0,102920.0,122950.0
2024,21780,151212,80.0,51340.0,72960.0,92460.0,120060.0,133470.0
2024,21780,151231,310.0,46490.0,50390.0,63570.0,82910.0,101770.0
2024,21780,151232,410.0,37170.0,44890.0,51650.0,61310.0,71270.0
2024,21780,151241,100.0,73130.0,79580.0,101620.0,125450.0,141980.0
2024,21780,151244,160.0,54980.0,62390.0,77650.0,101760.0,119040.0
2024,21780,151251,70.0,35670.0,64770.0,87180.0,113570.0,131470.0
2024,21780,151252,280.0,62030.0,75310.0,94290.0,119990.0,147980.0
2024,21780,151253,40.0,50530.0,58770.0,79370.0,107650.0,140440.0
2024,21780,151255,40.0,32450.0,40730.0,56690.0,76120.0,80320.0
2024,21780,151299,70.0,56960.0,62520.0,75150.0,96360.0,132350.0
2024,21780,152051,130.0,50810.0,64690.0,75670.0,114070.0,128380.0
2024,21780,170000,1970.0,49990.0,64400.0,80820.0,104660.0,126890.0
2024,21780,190000,870.0,42660.0,51570.0,71700.0,92080.0,122200.0
2024,21780,210000,2280.0,33650.0,38610.0,47460.0,60740.0,81600.0
2024,21780,230000,730.0,42220.0,47520.0,87430.0,141740.0,203990.0
2024,21780,250000,6540.0,28570.0,36370.0,49380.0,63370.0,82120.0
2024,21780,270000,1590.0,26940.0,32480.0,42120.0,58250.0,89000.0
2024,21780,290000,11120.0,37130.0,53810.0,74810.0,96370.0,133580.0
2024,21780,310000,5890.0,29020.0,32140.0,35930.0,42390.0,46530.0
2024,21780,330000,2420.0,28740.0,33680.0,45400.0,67510.0,81620.0
2024,21780,350000,13020.0,19470.0,23260.0,28160.0,34490.0,38990.0
2024,21780,370000,4130.0,25040.0,28650.0,31740.0,36670.0,45690.0
2024,21780,390000,2840.0,21940.0,24800.0,29020.0,38290.0,48190.0
2024,21780,410000,12380.0,22670.0,27620.0,33830.0,48150.0,76160.0
2024,21780,430000,15100.0,29760.0,35610.0,41860.0,50270.0,63200.0
2024,21780,450000,100.0,31170.0,36370.0,40740.0,49920.0,72760.0
2024,21780,470000,6870.0,38230.0,47020.0,60750.0,77260.0,89680.0
2024,21780,490000,6720.0,35630.0,45340.0,57740.0,71490.0,83390.0
2024,21780,510000,12280.0,32000.0,37400.0,46690.0,59780.0,70510.0
2024,21780,530000,13730.0,28990.0,34600.0,41040.0,49760.0,63300.0
2024,23060,000000,224020.0,28580.0,35550.0,46630.0,66870.0,94680.0
2024,23060,110000,10630.0,55620.0,76370.0,102230.0,144960.0,198900.0
2024,23060,113021,470.0,92590.0,106670.0,133010.0,169010.0,201620.0
2024,23060,130000,10310.0,42940.0,52940.0,69050.0,92980.0,119280.0
2024,23060,150000,4470.0,46910.0,59830.0,79020.0,102680.0,129830.0
2024,23060,151211,650.0,61630.0,75430.0,83720.0,102250.0,127090.0
2024,23060,151212,150.0,61630.0,74300.0,94570.0,122010.0,139480.0
2024,23060,151231,520.0,47760.0,52630.0,69900.0,91020.0,119810.0
2024,23060,151232,760.0,37750.0,45750.0,51370.0,61810.0,76460.0
2024,23060,151241,120.0,61990.0,70160.0,90510.0,119980.0,156240.0
2024,23060,151242,70.0,52060.0,62610.0,80060.0,100260.0,123960.0
2024,23060,151243,40.0,69290.0,82660.0,98550.0,118750.0,137280.0
2024,23060,151244,280.0,54470.0,62870.0,78170.0,97590.0,115040.0
2024,23060,151251,130.0,36330.0,36330.0,82210.0,103480.0,131040.0
2024,23060,151252,910.0,64070.0,79580.0,102280.0,129830.0,154130.0
2024,23060,151253,70.0,57150.0,64860.0,77390.0,90280.0,106390.0
2024,23060,151254,60.0,35310.0,51640.0,68180.0,77830.0,112920.0
2024,23060,151255,70.0,41720.0,52680.0,72960.0,105870.0,121220.0
2024,23060,151299,130.0,47000.0,64200.0,85210.0,107950.0,134410.0
2024,23060,152031,120.0,58040.0,58040.0,62310.0,80700.0,104280.0
2024,23060,152051,300.0,51750.0,71520.0,83770.0,101390.0,125830.0
2024,23060,170000,3860.0,48810.0,62010.0,78670.0,99340.0,124700.0
2024,23060,190000,1160.0,45580.0,58960.0,73350.0,84820.0,114730.0
2024,23060,210000,3710.0,35950.0,42030.0,50470.0,63600.0,79120.0
2024,23060,230000,1100.0,44510.0,50650.0,76760.0,124420.0,179990.0
2024,23060,250000,10020.0,28410.0,36820.0,48400.0,62060.0,78470.0
2024,23060,270000,2530.0,28780.0,35320.0,46060.0,62670.0,88160.0
2024,23060,290000,17190.0,40780.0,60850.0,76770.0,96850.0,164340.0
2024,23060,310000,10980.0,29410.0,31110.0,35600.0,42860.0,47310.0
2024,23060,330000,4090.0,31110.0,39540.0,61450.0,75780.0,87420.0
2024,23060,350000,19580.0,20310.0,23600.0,28970.0,35250.0,43130.0
2024,23060,370000,6090.0,27630.0,29920.0,35610.0,40300.0,47170.0
2024,23060,390000,3530.0,21370.0,26520.0,29540.0,37120.0,46740.0
2024,23060,410000,19680.0,23260.0,28530.0,35800.0,53100.0,83190.0
2024,23060,430000,24390.0,30790.0,36820.0,45020.0,52430.0,64450.0
2024,23060,450000,150.0,24150.0,37330.0,44710.0,50940.0,66430.0
2024,23060,470000,10000.0,38020.0,47050.0,59820.0,74550.0,85950.0
2024,23060,490000,9760.0,35950.0,44510.0,56140.0,69170.0,81130.0
2024,23060,510000,27470.0,35260.0,39090.0,46630.0,59850.0,72620.0
2024,23060,530000,23330.0,30100.0,34850.0,39920.0,50470.0,64260.0
2024,26580,000000,140160.0,23540.0,29770.0,42390.0,62360.0,91920.0
2024,26580,110000,7750.0,40120.0,57510.0,82460.0,121780.0,168760.0
2024,26580,113021,130.0,76890.0,87860.0,124310.0,156040.0,191720.0
2024,26580,130000,5110.0,37920.0,48560.0,62440.0,85860.0,108560.0
2024,26580,150000,1590.0,39890.0,49470.0,70700.0,101690.0,132470.0
2024,26580,151211,160.0,47160.0,63680.0,86220.0,109210.0,140110.0
2024,26580,151231,140.0,39030.0,42400.0,53450.0,71690.0,80120.0
2024,26580,151232,340.0,31890.0,39940.0,49190.0,62040.0,77400.0
2024,26580,151241,30.0,69770.0,74150.0,90800.0,108820.0,129000.0
2024,26580,151242,60.0,39890.0,39900.0,54400.0,91410.0,126430.0
2024,26580,151244,180.0,48410.0,57630.0,85820.0,113460.0,132470.0
2024,26580,151252,170.0,59850.0,74210.0,96450.0,124540.0,152690.0
2024,26580,151299,260.0,40500.0,60580.0,76480.0,113820.0,152100.0
2024,26580,152031,60.0,54090.0,61120.0,69420.0,86210.0,118140.0
2024,26580,152051,40.0,47600.0,73440.0,98030.0,125640.0,164070.0
2024,26580,170000,1540.0,46890.0,61070.0,80520.0,106480.0,126440.0
2024,26580,190000,1050.0,34440.0,46020.0,64750.0,91730.0,117630.0
2024,26580,210000,3450.0,29860.0,36650.0,45290.0,59630.0,75310.0
2024,26580,230000,800.0,35780.0,48900.0,68390.0,107240.0,150490.0
2024,26580,250000,9570.0,26760.0,38560.0,48470.0,61420.0,81950.0
2024,26580,270000,860.0,25940.0,31510.0,37610.0,51470.0,79660.0
2024,26580,290000,14930.0,36900.0,51370.0,73330.0,100380.0,145610.0
2024,26580,310000,8530.0,23100.0,26290.0,32930.0,38230.0,46710.0
2024,26580,330000,2610.0,27920.0,31710.0,42990.0,55560.0,68760.0
2024,26580,350000,13260.0,20740.0,22110.0,26370.0,30150.0,38500.0
2024,26580,370000,3690.0,22520.0,26400.0,29740.0,36380.0,44150.0
2024,26580,390000,2160.0,20840.0,22730.0,27390.0,35670.0,45470.0
2024,26580,410000,12080.0,21540.0,23200.0,28750.0,37440.0,60300.0
2024,26580,430000,16830.0,26930.0,31240.0,37800.0,47780.0,59010.0
2024,26580,450000,70.0,24100.0,28190.0,34870.0,48570.0,56560.0
2024,26580,470000,7290.0,34210.0,39050.0,50410.0,66370.0,81400.0
2024,26580,490000,6590.0,29630.0,36740.0,48560.0,64670.0,89660.0
2024,26580,510000,9510.0,30670.0,37720.0,49580.0,64700.0,74420.0
2024,26580,530000,10890.0,25670.0,29530.0,36660.0,48480.0,65270.0
2024,26900,000000,1096770.0,29300.0,36640.0,48210.0,74530.0,104000.0
2024,26900,110000,65100.0,58720.0,78820.0,109990.0,161680.0,215520.0
2024,26900,113021,3870.0,88600.0,109000.0,138920.0,170680.0,209810.0
2024,26900,130000,66400.0,46750.0,59530.0,77670.0,101050.0,130240.0
2024,26900,150000,32110.0,50600.0,64500.0,86820.0,118170.0,139990.0
2024,26900,151211,5170.0,63930.0,78350.0,99500.0,125740.0,149050.0
2024,26900,151221,120.0,65880.0,65880.0,85420.0,109150.0,129320.0
2024,26900,151231,2480.0,47350.0,57550.0,74080.0,91210.0,115940.0
2024,26900,151232,4890.0,38960.0,47530.0,59460.0,70290.0,84760.0
2024,26900,151241,960.0,75270.0,95190.0,123770.0,142490.0,170240.0
2024,26900,151242,610.0,26320.0,60180.0,83940.0,107490.0,139730.0
2024,26900,151243,410.0,92780.0,113040.0,133790.0,159040.0,165200.0
2024,26900,151244,2290.0,60730.0,69870.0,83190.0,102240.0,128310.0
2024,26900,151251,,62520.0,81290.0,96570.0,106750.0,140180.0
2024,26900,151252,6340.0,75480.0,87940.0,105990.0,132100.0,158330.0
2024,26900,151253,1010.0,61870.0,77100.0,95470.0,110020.0,135370.0
2024,26900,151254,290.0,45650.0,59690.0,75150.0,99990.0,120210.0
2024,26900,151255,590.0,34590.0,44740.0,64990.0,97930.0,122790.0
2024,26900,151299,1790.0,57830.0,77510.0,102380.0,118270.0,138940.0
2024,26900,152031,820.0,58310.0,67520.0,83690.0,110360.0,135550.0
2024,26900,152041,120.0,42430.0,42440.0,123100.0,142100.0,168800.0
2024,26900,152051,1430.0,57900.0,73610.0,90750.0,120230.0,136650.0
2024,26900,170000,15790.0,52880.0,67490.0,85940.0,109260.0,135330.0
2024,26900,190000,10470.0,46460.0,54560.0,74260.0,96870.0,130870.0
2024,26900,210000,17420.0,37460.0,44330.0,51440.0,64240.0,79600.0
2024,26900,230000,8480.0,46560.0,52430.0,87560.0,143850.0,212140.0
2024,26900,250000,49210.0,29660.0,38000.0,51860.0,73660.0,97120.0
2024,26900,270000,14620.0,29810.0,37830.0,50190.0,75670.0,108480.0
2024,26900,290000,77320.0,42620.0,62360.0,80350.0,102920.0,169610.0
2024,26900,310000,47570.0,29320.0,31340.0,36920.0,43780.0,48720.0
2024,26900,330000,25360.0,31480.0,36180.0,49900.0,77940.0,88940.0
2024,26900,350000,92810.0,21530.0,27040.0,30020.0,36720.0,45720.0
2024,26900,370000,31690.0,28480.0,30410.0,36250.0,40490.0,48730.0
2024,26900,390000,20390.0,22200.0,27210.0,30520.0,41670.0,55420.0
2024,26900,410000,97140.0,24030.0,29070.0,36510.0,61210.0,97840.0
2024,26900,430000,127980.0,32270.0,37670.0,45870.0,56480.0,70650.0
2024,26900,450000,590.0,32320.0,38540.0,47160.0,55470.0,67840.0
2024,26900,470000,46750.0,39590.0,48510.0,61830.0,79110.0,94730.0
2024,26900,490000,41680.0,36810.0,46050.0,59110.0,73940.0,89750.0
2024,26900,510000,68230.0,33880.0,38260.0,46370.0,56510.0,68230.0
2024,26900,530000,139660.0,31340.0,36900.0,44740.0,51940.0,69450.0
2024,29020,000000,35550.0,27460.0,33960.0,47310.0,73540.0,89230.0
2024,29020,110000,1340.0,48430.0,66930.0,97740.0,127630.0,178280.0
2024,29020,113021,30.0,76180.0,101550.0,128410.0,138130.0,174210.0
2024,29020,130000,1190.0,39900.0,53390.0,72550.0,94310.0,122100.0
2024,29020,150000,330.0,45010.0,60940.0,77060.0,105070.0,126370.0
2024,29020,151231,30.0,49140.0,56020.0,72470.0,86880.0,95640.0
2024,29020,151232,70.0,35790.0,40020.0,48670.0,61300.0,79800.0
2024,29020,151252,40.0,56800.0,77060.0,96340.0,126650.0,146030.0
2024,29020,170000,460.0,57040.0,77560.0,99710.0,103560.0,122860.0
2024,29020,190000,200.0,46050.0,48810.0,62730.0,79960.0,97280.0
2024,29020,210000,700.0,35120.0,38800.0,46530.0,57870.0,73600.0
2024,29020,230000,110.0,46050.0,49050.0,86200.0,176250.0,183900.0
2024,29020,250000,1950.0,28430.0,39590.0,50570.0,64170.0,82720.0
2024,29020,270000,240.0,28850.0,32130.0,40360.0,51970.0,68990.0
2024,29020,290000,2120.0,39560.0,59140.0,79710.0,100080.0,122300.0
2024,29020,310000,1780.0,28580.0,30970.0,36170.0,40790.0,48860.0
2024,29020,330000,490.0,25110.0,31830.0,51150.0,65660.0,84740.0
2024,29020,350000,4300.0,20800.0,23700.0,28920.0,35580.0,41220.0
2024,29020,370000,1000.0,26000.0,29560.0,34740.0,38630.0,46610.0
2024,29020,390000,510.0,21370.0,23140.0,29890.0,37940.0,49710.0
2024,29020,410000,3310.0,23040.0,27630.0,31050.0,40980.0,64280.0
2024,29020,430000,3140.0,30130.0,35680.0,40960.0,50050.0,61880.0
2024,29020,470000,1800.0,39690.0,51440.0,80260.0,89000.0,94210.0
2024,29020,490000,1790.0,37460.0,47270.0,65600.0,89200.0,95140.0
2024,29020,510000,6110.0,39240.0,59890.0,73540.0,73540.0,77140.0
2024,29020,530000,2690.0,27310.0,31680.0,37760.0,49560.0,66270.0
2024,29200,000000,102060.0,27850.0,34730.0,47070.0,66210.0,96680.0
2024,29200,110000,4670.0,52320.0,75420.0,103990.0,147740.0,205720.0
2024,29200,113021,160.0,79210.0,105160.0,127280.0,160570.0,202480.0
2024,29200,130000,3720.0,43430.0,53230.0,69440.0,93540.0,117950.0
2024,29200,150000,1870.0,48730.0,61650.0,81240.0,103110.0,123760.0
2024,29200,151211,220.0,64960.0,83720.0,93770.0,103870.0,121260.0
2024,29200,151212,30.0,53880.0,62580.0,90280.0,130030.0,162110.0
2024,29200,151231,90.0,46520.0,52220.0,68070.0,79200.0,99730.0
2024,29200,151232,340.0,40740.0,46960.0,51510.0,63730.0,83670.0
2024,29200,151241,60.0,66560.0,81900.0,86150.0,113010.0,130340.0
2024,29200,151244,200.0,56050.0,66180.0,75310.0,81430.0,103690.0
2024,29200,151251,70.0,36370.0,36370.0,81180.0,101620.0,134030.0
2024,29200,151252,350.0,66210.0,76180.0,85900.0,106660.0,131120.0
2024,29200,151253,30.0,48320.0,58650.0,77620.0,94870.0,107330.0
2024,29200,151255,40.0,52790.0,59530.0,65990.0,81240.0,103310.0
2024,29200,151299,40.0,41740.0,59820.0,80600.0,125000.0,151010.0
2024,29200,152031,260.0,52740.0,65200.0,84150.0,106680.0,111950.0
2024,29200,152051,50.0,57220.0,61850.0,76760.0,114390.0,138460.0
2024,29200,170000,2190.0,54750.0,68890.0,89600.0,112040.0,139710.0
2024,29200,190000,1010.0,40270.0,50280.0,60850.0,80390.0,107260.0
2024,29200,210000,1830.0,34970.0,40030.0,52980.0,63040.0,78520.0
2024,29200,230000,400.0,40030.0,45190.0,62840.0,104790.0,177180.0
2024,29200,250000,7760.0,30640.0,46880.0,61960.0,81520.0,131510.0
2024,29200,270000,1140.0,30640.0,38730.0,54580.0,73720.0,103850.0
2024,29200,290000,6060.0,38740.0,51230.0,76970.0,95630.0,143130.0
2024,29200,310000,3980.0,28860.0,34180.0,35590.0,38890.0,46630.0
2024,29200,330000,1610.0,30400.0,35590.0,51430.0,72050.0,78880.0
2024,29200,350000,10130.0,21070.0,23630.0,28290.0,34700.0,39310.0
2024,29200,370000,3160.0,27660.0,29470.0,36100.0,37650.0,46170.0
2024,29200,390000,1810.0,21940.0,26120.0,29410.0,37740.0,47680.0
2024,29200,410000,7530.0,23080.0,27750.0,33790.0,48340.0,77340.0
2024,29200,430000,10420.0,30590.0,36750.0,44820.0,54390.0,67400.0
2024,29200,450000,250.0,37240.0,44800.0,48420.0,51420.0,60910.0
2024,29200,470000,4070.0,38000.0,47330.0,60780.0,79430.0,90650.0
2024,29200,490000,3990.0,36090.0,45540.0,58430.0,70680.0,80820.0
2024,29200,510000,15700.0,30420.0,38580.0,49310.0,61060.0,72910.0
2024,29200,530000,8750.0,29590.0,31790.0,38030.0,50490.0,65350.0
2024,30460,000000,282920.0,27910.0,35170.0,47580.0,70230.0,101020.0
2024,30460,110000,18830.0,42500.0,60870.0,96000.0,136520.0,193270.0
2024,30460,113021,450.0,83050.0,103580.0,140320.0,179190.0,223330.0
2024,30460,130000,13280.0,43970.0,55300.0,72000.0,93430.0,120090.0
2024,30460,150000,6120.0,47220.0,62070.0,83820.0,116720.0,156110.0
2024,30460,151211,790.0,49690.0,70140.0,83820.0,95840.0,132910.0
2024,30460,151212,280.0,60870.0,79780.0,99180.0,128390.0,146630.0
2024,30460,151231,270.0,44590.0,51130.0,68720.0,82480.0,104660.0
2024,30460,151232,1130.0,37070.0,46050.0,56160.0,64400.0,79460.0
2024,30460,151241,310.0,69800.0,85330.0,119360.0,156110.0,156530.0
2024,30460,151242,140.0,46850.0,56940.0,85680.0,118990.0,169780.0
2024,30460,151243,110.0,54890.0,69510.0,84580.0,116220.0,140130.0
2024,30460,151244,390.0,54250.0,69580.0,84260.0,101360.0,112880.0
2024,30460,151251,280.0,65740.0,89010.0,105800.0,132820.0,143550.0
2024,30460,151252,1330.0,75580.0,91180.0,123210.0,155220.0,184290.0
2024,30460,151253,220.0,34480.0,34480.0,67220.0,93540.0,105230.0
2024,30460,151254,60.0,53980.0,62280.0,70500.0,101810.0,120370.0
2024,30460,151255,60.0,42270.0,45210.0,62890.0,80310.0,108450.0
2024,30460,151299,250.0,46740.0,63150.0,91670.0,131720.0,217670.0
2024,30460,152031,190.0,59220.0,60570.0,79470.0,102870.0,115340.0
2024,30460,152051,230.0,58920.0,66820.0,81950.0,108100.0,156720.0
2024,30460,170000,5290.0,50070.0,66750.0,92140.0,113340.0,135830.0
2024,30460,190000,2470.0,42070.0,49050.0,62800.0,82100.0,110440.0
2024,30460,210000,5320.0,36440.0,42720.0,57610.0,71680.0,88400.0
2024,30460,230000,1890.0,45210.0,57960.0,79970.0,127900.0,164500.0
2024,30460,250000,16000.0,30470.0,40600.0,60250.0,79080.0,101090.0
2024,30460,270000,3230.0,29330.0,37340.0,48730.0,66940.0,94930.0
2024,30460,290000,24270.0,40250.0,57900.0,80320.0,101060.0,169430.0
2024,30460,310000,10720.0,29850.0,34570.0,39510.0,45420.0,51950.0
2024,30460,330000,6280.0,29880.0,34800.0,40400.0,61030.0,76670.0
2024,30460,350000,26060.0,17800.0,23050.0,28500.0,35270.0,45100.0
2024,30460,370000,7660.0,27720.0,29190.0,34020.0,38460.0,47260.0
2024,30460,390000,7040.0,22560.0,27380.0,30370.0,37780.0,50680.0
2024,30460,410000,21920.0,23050.0,27610.0,34390.0,50350.0,79990.0
2024,30460,430000,36310.0,29280.0,35780.0,43460.0,51520.0,64960.0
2024,30460,450000,590.0,23460.0,30280.0,37840.0,50280.0,64040.0
2024,30460,470000,8920.0,36760.0,43280.0,51310.0,64160.0,80400.0
2024,30460,490000,11230.0,32960.0,39610.0,53340.0,66820.0,81970.0
2024,30460,510000,24400.0,33350.0,39050.0,52190.0,70230.0,74160.0
2024,30460,530000,25090.0,29830.0,35390.0,42730.0,53750.0,70740.0
2024,30620,000000,49640.0,27440.0,34270.0,46430.0,68760.0,93850.0
2024,30620,110000,2950.0,46300.0,63490.0,91840.0,128630.0,174570.0
2024,30620,113021,60.0,85140.0,107360.0,145670.0,192300.0,
2024,30620,130000,1910.0,41440.0,51120.0,69030.0,92170.0,122700.0
2024,30620,150000,550.0,47030.0,62490.0,83360.0,113710.0,149620.0
2024,30620,151211,40.0,57290.0,71970.0,85210.0,113430.0,153570.0
2024,30620,151231,40.0,44550.0,51630.0,63640.0,77790.0,106050.0
2024,30620,151232,90.0,36010.0,42120.0,51590.0,71230.0,90580.0
2024,30620,151244,100.0,56110.0,65390.0,78860.0,94580.0,113420.0
2024,30620,151252,150.0,67560.0,89280.0,102940.0,142090.0,157630.0
2024,30620,170000,810.0,56600.0,72630.0,95200.0,110000.0,138530.0
2024,30620,190000,450.0,46390.0,48980.0,65310.0,95230.0,115690.0
2024,30620,210000,880.0,35310.0,43980.0,48340.0,61410.0,77940.0
2024,30620,230000,160.0,35270.0,47910.0,78420.0,113980.0,177860.0
2024,30620,250000,2780.0,28170.0,36570.0,57210.0,76550.0,93050.0
2024,30620,270000,470.0,26550.0,31160.0,39430.0,55900.0,73040.0
2024,30620,290000,4450.0,43520.0,59660.0,78280.0,93850.0,133050.0
2024,30620,310000,2290.0,28600.0,31160.0,35740.0,43690.0,52340.0
2024,30620,330000,1080.0,30370.0,43700.0,57350.0,64810.0,75990.0
2024,30620,350000,4970.0,22580.0,26080.0,28350.0,35040.0,43400.0
2024,30620,370000,1410.0,24830.0,28430.0,31200.0,37070.0,45370.0
2024,30620,390000,670.0,22050.0,25520.0,30050.0,38210.0,52030.0
2024,30620,410000,4170.0,23260.0,27090.0,32320.0,47600.0,75040.0
2024,30620,430000,4820.0,29740.0,35480.0,41700.0,50050.0,63200.0
2024,30620,450000,60.0,23660.0,29220.0,42540.0,53900.0,56160.0
2024,30620,470000,1690.0,38180.0,46260.0,57970.0,74060.0,90270.0
2024,30620,490000,2270.0,35100.0,43620.0,56780.0,71780.0,85600.0
2024,30620,510000,5920.0,31700.0,39060.0,48910.0,66860.0,83100.0
2024,30620,530000,4900.0,28450.0,33480.0,38370.0,48880.0,61240.0
2024,31140,000000,686050.0,28680.0,36170.0,47750.0,66680.0,99800.0
2024,31140,110000,42150.0,47260.0,66870.0,101880.0,147270.0,205780.0
2024,31140,113021,1290.0,84060.0,108540.0,136260.0,173660.0,220810.0
2024,31140,130000,33500.0,45310.0,55500.0,72320.0,93950.0,117910.0
2024,31140,150000,15200.0,44730.0,59710.0,82770.0,116830.0,147210.0
2024,31140,151211,1860.0,42820.0,61610.0,86970.0,119820.0,163280.0
2024,31140,151212,730.0,56370.0,70460.0,103760.0,131960.0,170780.0
2024,31140,151231,880.0,45640.0,55330.0,65200.0,81720.0,104470.0
2024,31140,151232,3190.0,36390.0,43140.0,54420.0,67200.0,80520.0
2024,31140,151241,600.0,67510.0,83470.0,116170.0,145010.0,173310.0
2024,31140,151242,260.0,48160.0,64370.0,89390.0,121780.0,143090.0
2024,31140,151243,220.0,58080.0,78460.0,117370.0,151680.0,165290.0
2024,31140,151244,1030.0,54160.0,69660.0,86820.0,108820.0,130730.0
2024,31140,151251,550.0,62610.0,89190.0,101930.0,137650.0,158960.0
2024,31140,151252,2850.0,74350.0,86770.0,106470.0,132620.0,158760.0
2024,31140,151253,510.0,51930.0,67940.0,88330.0,103800.0,126920.0
2024,31140,151254,200.0,52470.0,62400.0,89040.0,118560.0,137670.0
2024,31140,151255,190.0,42910.0,51570.0,71230.0,96130.0,158380.0
2024,31140,151299,780.0,42960.0,58350.0,82280.0,118610.0,152250.0
2024,31140,152031,390.0,61990.0,64490.0,81190.0,99160.0,115640.0
2024,31140,152041,90.0,80490.0,95640.0,110140.0,117190.0,138490.0
2024,31140,152051,760.0,58180.0,70180.0,96480.0,129830.0,162820.0
2024,31140,170000,8960.0,49720.0,64420.0,84650.0,107250.0,131790.0
2024,31140,190000,3680.0,43420.0,51660.0,71510.0,96900.0,128200.0
2024,31140,210000,9930.0,36560.0,43320.0,55580.0,73870.0,88360.0
2024,31140,230000,4240.0,38880.0,50530.0,79840.0,130330.0,177180.0
2024,31140,250000,29020.0,29860.0,39570.0,51800.0,75460.0,83900.0
2024,31140,270000,6560.0,29340.0,35770.0,46790.0,63110.0,88460.0
2024,31140,290000,48300.0,40000.0,60400.0,79230.0,100180.0,147560.0
2024,31140,310000,27170.0,29620.0,34200.0,38270.0,46260.0,49750.0
2024,31140,330000,12740.0,30780.0,36090.0,44910.0,61070.0,77620.0
2024,31140,350000,59430.0,19050.0,23500.0,28990.0,35760.0,44290.0
2024,31140,370000,18540.0,28420.0,29870.0,34850.0,39500.0,48460.0
2024,31140,390000,12250.0,21670.0,27120.0,31100.0,40580.0,53770.0
2024,31140,410000,54920.0,23770.0,28760.0,35940.0,58460.0,89300.0
2024,31140,430000,87680.0,30070.0,36630.0,44400.0,53930.0,66780.0
2024,31140,450000,430.0,28040.0,30270.0,37390.0,46060.0,57060.0
2024,31140,470000,25620.0,37900.0,46020.0,56520.0,72880.0,83460.0
2024,31140,490000,30500.0,36480.0,45760.0,58570.0,72360.0,87800.0
2024,31140,510000,63820.0,33190.0,38470.0,47750.0,59410.0,64700.0
2024,31140,530000,91410.0,31370.0,37530.0,46360.0,56120.0,74870.0
2024,31900,000000,49090.0,26880.0,33180.0,43730.0,61310.0,88280.0
2024,31900,110000,2860.0,44240.0,60730.0,85280.0,122480.0,168000.0
2024,31900,113021,40.0,55520.0,88380.0,119950.0,165940.0,237760.0
2024,31900,130000,1620.0,38150.0,50040.0,64630.0,85860.0,114610.0
2024,31900,150000,500.0,43140.0,53240.0,73110.0,101570.0,136060.0
2024,31900,151211,50.0,61890.0,77780.0,125920.0,139050.0,167760.0
2024,31900,151231,60.0,37530.0,50240.0,55820.0,71160.0,82530.0
2024,31900,151232,90.0,30320.0,39520.0,49130.0,61510.0,70720.0
2024,31900,151244,70.0,49310.0,53960.0,66240.0,86110.0,102110.0
2024,31900,151252,90.0,56520.0,74370.0,94720.0,123430.0,162130.0
2024,31900,151299,50.0,60220.0,73280.0,85860.0,102920.0,118790.0
2024,31900,170000,750.0,42250.0,58550.0,75850.0,97180.0,121120.0
2024,31900,190000,170.0,42310.0,50720.0,65960.0,92050.0,113590.0
2024,31900,210000,1110.0,31420.0,37280.0,46960.0,62590.0,78890.0
2024,31900,230000,160.0,36820.0,45390.0,71310.0,100920.0,153150.0
2024,31900,250000,2920.0,28900.0,38390.0,58740.0,76240.0,92600.0
2024,31900,270000,680.0,26820.0,31920.0,34690.0,46160.0,68070.0
2024,31900,290000,3500.0,39120.0,52610.0,76710.0,97800.0,134350.0
2024,31900,310000,1980.0,26320.0,29410.0,36130.0,40360.0,45760.0
2024,31900,330000,1650.0,34850.0,45800.0,56230.0,64810.0,74780.0
2024,31900,350000,4970.0,22330.0,24310.0,28270.0,35030.0,43690.0
2024,31900,370000,1200.0,24340.0,28180.0,34460.0,38630.0,45820.0
2024,31900,390000,700.0,22280.0,24180.0,28480.0,36020.0,47840.0
2024,31900,410000,4560.0,23150.0,27360.0,30550.0,44900.0,72570.0
2024,31900,430000,4930.0,28660.0,34740.0,42070.0,49300.0,61340.0
2024,31900,450000,100.0,28120.0,29990.0,30730.0,39810.0,50320.0
2024,31900,470000,1660.0,37530.0,44880.0,55990.0,70880.0,81370.0
2024,31900,490000,2160.0,33690.0,40810.0,54380.0,64200.0,78120.0
2024,31900,510000,6050.0,32250.0,36240.0,42470.0,49310.0,59820.0
2024,31900,530000,4850.0,27800.0,31760.0,37650.0,47310.0,61360.0
2024,34620,000000,44580.0,26750.0,32360.0,43000.0,62280.0,88640.0
2024,34620,110000,2200.0,48500.0,65260.0,97000.0,130340.0,189960.0
2024,34620,113021,100.0,79450.0,96630.0,127430.0,155480.0,192580.0
2024,34620,130000,1730.0,40650.0,50190.0,64600.0,86870.0,108360.0
2024,34620,150000,750.0,44600.0,56700.0,76310.0,98430.0,119990.0
2024,34620,151211,120.0,52670.0,64370.0,80670.0,100790.0,105150.0
2024,34620,151231,60.0,44600.0,49140.0,66260.0,87760.0,101320.0
2024,34620,151232,180.0,36760.0,44940.0,53540.0,66880.0,79510.0
2024,34620,151241,30.0,63160.0,84580.0,92360.0,124960.0,139230.0
2024,34620,151244,70.0,49890.0,59650.0,72600.0,95180.0,108140.0
2024,34620,151252,130.0,63110.0,77330.0,96930.0,110430.0,142870.0
2024,34620,170000,390.0,49810.0,61120.0,76500.0,94730.0,113310.0
2024,34620,190000,200.0,38280.0,47850.0,62850.0,80670.0,109430.0
2024,34620,210000,1000.0,35940.0,41860.0,48420.0,57380.0,73430.0
2024,34620,230000,150.0,39890.0,46540.0,76350.0,134700.0,189360.0
2024,34620,250000,3480.0,28550.0,40130.0,55710.0,70970.0,88360.0
2024,34620,270000,430.0,30190.0,35730.0,46950.0,62930.0,85290.0
2024,34620,290000,3680.0,37310.0,58550.0,77190.0,98720.0,177980.0
2024,34620,310000,2350.0,29010.0,31210.0,36230.0,41550.0,45700.0
2024,34620,330000,750.0,30890.0,43300.0,61820.0,71780.0,89070.0
2024,34620,350000,5350.0,19720.0,22920.0,28030.0,34970.0,39800.0
2024,34620,370000,1840.0,26580.0,30610.0,35500.0,41470.0,47680.0
2024,34620,390000,920.0,21370.0,26110.0,29490.0,36180.0,46560.0
2024,34620,410000,4550.0,22470.0,27240.0,32080.0,43680.0,69710.0
2024,34620,430000,5020.0,29940.0,35440.0,40290.0,48370.0,61390.0
2024,34620,470000,1320.0,36590.0,44750.0,56020.0,69370.0,81090.0
2024,34620,490000,1720.0,34560.0,40740.0,51760.0,66360.0,77290.0
2024,34620,510000,3180.0,30840.0,36690.0,43790.0,50250.0,63490.0
2024,34620,530000,3560.0,27830.0,32410.0,38060.0,48060.0,68680.0
2024,36980,000000,48520.0,24730.0,31000.0,42740.0,61020.0,82120.0
2024,36980,110000,2630.0,39020.0,57630.0,83870.0,120580.0,163010.0
2024,36980,113021,30.0,74310.0,88290.0,125140.0,177110.0,205940.0
2024,36980,130000,1650.0,38240.0,47620.0,63410.0,84640.0,109370.0
2024,36980,150000,390.0,45000.0,52010.0,70360.0,93270.0,127900.0
2024,36980,151211,40.0,46070.0,60790.0,79360.0,110700.0,138660.0
2024,36980,151231,50.0,49350.0,51110.0,51110.0,70530.0,85870.0
2024,36980,151232,110.0,36650.0,48170.0,53250.0,65710.0,78500.0
2024,36980,151244,30.0,53440.0,65790.0,81140.0,92860.0,106590.0
2024,36980,151252,50.0,60110.0,74460.0,96340.0,128870.0,139550.0
2024,36980,170000,410.0,46730.0,58900.0,80800.0,100160.0,124570.0
2024,36980,190000,280.0,36260.0,50200.0,68210.0,87940.0,121640.0
2024,36980,210000,970.0,29960.0,37850.0,49160.0,68720.0,84490.0
2024,36980,230000,200.0,38340.0,48310.0,75470.0,133190.0,175260.0
2024,36980,250000,2770.0,29150.0,34160.0,49440.0,65800.0,70200.0
2024,36980,270000,390.0,28760.0,32090.0,39820.0,51250.0,75200.0
2024,36980,290000,3900.0,37540.0,55500.0,76120.0,99510.0,127390.0
2024,36980,310000,2540.0,28310.0,31870.0,36610.0,44040.0,49240.0
2024,36980,330000,1100.0,29780.0,31800.0,36400.0,49660.0,63090.0
2024,36980,350000,4730.0,17820.0,22160.0,27010.0,30990.0,37470.0
2024,36980,370000,1640.0,23490.0,28440.0,29770.0,35200.0,43340.0
2024,36980,390000,820.0,19570.0,22730.0,27260.0,33150.0,46580.0
2024,36980,410000,4300.0,21520.0,24970.0,30810.0,44880.0,66060.0
2024,36980,430000,5880.0,28010.0,33950.0,40520.0,49180.0,61880.0
2024,36980,450000,40.0,23000.0,25900.0,35690.0,44500.0,50900.0
2024,36980,470000,1790.0,35080.0,39760.0,49430.0,62230.0,82030.0
2024,36980,490000,2370.0,33640.0,41400.0,56970.0,71430.0,82340.0
2024,36980,510000,4780.0,30160.0,37960.0,48340.0,59320.0,67140.0
2024,36980,530000,4950.0,28080.0,31090.0,40070.0,50390.0,61660.0
2024,37620,000000,37170.0,23120.0,29070.0,39690.0,62200.0,95640.0
2024,37620,110000,1970.0,45960.0,61140.0,85910.0,131220.0,182060.0
2024,37620,130000,2500.0,42940.0,59950.0,86940.0,104980.0,122180.0
2024,37620,150000,570.0,47570.0,73400.0,96170.0,117190.0,142560.0
2024,37620,151232,40.0,33190.0,47400.0,57260.0,70940.0,95190.0
2024,37620,151244,40.0,29440.0,48250.0,58000.0,82860.0,132290.0
2024,37620,151299,360.0,75630.0,93850.0,103400.0,120640.0,138490.0
2024,37620,170000,490.0,54910.0,76400.0,99820.0,130320.0,161450.0
2024,37620,190000,250.0,39840.0,52590.0,66340.0,86630.0,119270.0
2024,37620,210000,750.0,31210.0,38170.0,45280.0,57190.0,71380.0
2024,37620,230000,360.0,39560.0,55560.0,79550.0,99760.0,128940.0
2024,37620,250000,1960.0,27790.0,42640.0,47630.0,58060.0,64070.0
2024,37620,270000,240.0,24740.0,30780.0,35980.0,48490.0,78430.0
2024,37620,290000,2780.0,36040.0,49200.0,67280.0,85420.0,138650.0
2024,37620,310000,2390.0,23480.0,26410.0,28170.0,35320.0,39840.0
2024,37620,330000,680.0,24280.0,31800.0,45760.0,52850.0,59970.0
2024,37620,350000,3850.0,20850.0,22150.0,27060.0,33500.0,42220.0
2024,37620,370000,940.0,22100.0,26760.0,29510.0,35700.0,44030.0
2024,37620,390000,580.0,20680.0,23620.0,28520.0,35080.0,47180.0
2024,37620,410000,3840.0,21250.0,23040.0,27760.0,35810.0,50100.0
2024,37620,430000,4040.0,25490.0,30090.0,36910.0,46300.0,58920.0
2024,37620,450000,50.0,24070.0,30220.0,43690.0,49740.0,63110.0
2024,37620,470000,1770.0,32860.0,39090.0,47860.0,61290.0,78140.0
2024,37620,490000,1880.0,29640.0,36320.0,48360.0,74380.0,91430.0
2024,37620,510000,2350.0,28660.0,35240.0,40970.0,63980.0,89710.0
2024,37620,530000,2940.0,23180.0,29520.0,35880.0,46620.0,59410.0
2024,44220,000000,47300.0,27630.0,34310.0,44700.0,62770.0,90020.0
2024,44220,110000,2720.0,46140.0,62800.0,90690.0,124640.0,173910.0
2024,44220,113021,70.0,92740.0,111290.0,136390.0,162200.0,
2024,44220,130000,1940.0,37470.0,47210.0,63750.0,84230.0,106150.0
2024,44220,150000,680.0,46170.0,61600.0,80230.0,104640.0,130110.0
2024,44220,151211,100.0,62270.0,62270.0,80290.0,99760.0,118090.0
2024,44220,151231,60.0,42360.0,53580.0,63300.0,84760.0,121890.0
2024,44220,151232,90.0,34460.0,42540.0,51120.0,61980.0,82420.0
2024,44220,151244,70.0,49990.0,59480.0,80910.0,102530.0,130310.0
2024,44220,151252,90.0,64770.0,82680.0,105270.0,129070.0,164110.0
2024,44220,151299,60.0,49790.0,75230.0,94590.0,115440.0,143600.0
2024,44220,170000,500.0,48540.0,62470.0,77440.0,97880.0,118440.0
2024,44220,190000,180.0,45490.0,61280.0,75230.0,85620.0,104210.0
2024,44220,210000,780.0,34240.0,43180.0,50940.0,66530.0,88100.0
2024,44220,230000,140.0,44370.0,55300.0,76890.0,125400.0,169010.0
2024,44220,250000,3430.0,30250.0,41640.0,59670.0,79220.0,94280.0
2024,44220,270000,370.0,28620.0,34600.0,44090.0,60260.0,79620.0
2024,44220,290000,3330.0,39520.0,56990.0,77180.0,94790.0,134830.0
2024,44220,310000,1910.0,27900.0,33720.0,36930.0,43370.0,50700.0
2024,44220,330000,700.0,28650.0,36040.0,49280.0,68750.0,80430.0
2024,44220,350000,4550.0,22730.0,25960.0,28550.0,35100.0,43030.0
2024,44220,370000,1320.0,24680.0,28710.0,34520.0,38710.0,45780.0
2024,44220,390000,710.0,22280.0,26370.0,29820.0,36890.0,51050.0
2024,44220,410000,3590.0,23470.0,27090.0,31530.0,46480.0,75070.0
2024,44220,430000,5920.0,30380.0,36330.0,42190.0,49600.0,62190.0
2024,44220,450000,120.0,31300.0,31300.0,31310.0,42450.0,49390.0
2024,44220,470000,1050.0,36820.0,45110.0,54700.0,69610.0,80480.0
2024,44220,490000,2020.0,35330.0,42740.0,55230.0,64520.0,77580.0
2024,44220,510000,5410.0,32180.0,36820.0,45120.0,52950.0,63870.0
2024,44220,530000,5930.0,29060.0,33450.0,37120.0,50060.0,74580.0
2024,45460,000000,64580.0,25300.0,31420.0,43960.0,61170.0,85360.0
2024,45460,110000,2980.0,48010.0,64690.0,94790.0,127000.0,171900.0
2024,45460,113021,80.0,65450.0,85360.0,119890.0,155810.0,167690.0
2024,45460,130000,2180.0,40560.0,49030.0,63700.0,83630.0,106790.0
2024,45460,150000,610.0,42940.0,52510.0,70710.0,92750.0,115110.0
2024,45460,151211,70.0,56950.0,70770.0,92550.0,100800.0,124600.0
2024,45460,151231,90.0,45050.0,58030.0,74380.0,85790.0,111150.0
2024,45460,151232,170.0,30240.0,40110.0,48170.0,60440.0,74850.0
2024,45460,151244,50.0,53440.0,64230.0,77640.0,86230.0,103290.0
2024,45460,151252,40.0,55440.0,76330.0,96190.0,119140.0,144730.0
2024,45460,151299,40.0,58170.0,73280.0,89860.0,95640.0,104330.0
2024,45460,152051,40.0,47110.0,59920.0,66250.0,83250.0,95320.0
2024,45460,170000,660.0,49390.0,64370.0,84370.0,102390.0,121250.0
2024,45460,190000,410.0,44820.0,56360.0,73350.0,91890.0,112170.0
2024,45460,210000,1270.0,34330.0,40140.0,48470.0,57640.0,74410.0
2024,45460,230000,360.0,38230.0,46290.0,87620.0,160840.0,209530.0
2024,45460,250000,4190.0,27990.0,36120.0,48670.0,62190.0,81110.0
2024,45460,270000,730.0,29370.0,32980.0,43950.0,57560.0,77850.0
2024,45460,290000,4470.0,36780.0,48480.0,69530.0,87290.0,127520.0
2024,45460,310000,2840.0,28170.0,31550.0,35460.0,37940.0,45470.0
2024,45460,330000,1950.0,30880.0,42890.0,47430.0,62790.0,74190.0
2024,45460,350000,7360.0,18530.0,22770.0,27340.0,33170.0,38190.0
2024,45460,370000,1630.0,24260.0,28640.0,33340.0,37110.0,45760.0
2024,45460,390000,1100.0,20110.0,22880.0,28410.0,36220.0,46510.0
2024,45460,410000,5840.0,21980.0,26140.0,29480.0,40140.0,63520.0
2024,45460,430000,6740.0,28490.0,34390.0,41070.0,49120.0,61360.0
2024,45460,450000,100.0,29670.0,37820.0,45210.0,53900.0,60140.0
2024,45460,470000,3270.0,37850.0,46450.0,61860.0,75770.0,91500.0
2024,45460,490000,3270.0,33540.0,40370.0,54280.0,71580.0,90980.0
2024,45460,510000,6940.0,27910.0,36000.0,44940.0,57270.0,71310.0
2024,45460,530000,5680.0,27960.0,31890.0,38810.0,51990.0,60640.0
2024,45780,000000,291660.0,28320.0,35800.0,47320.0,71430.0,98130.0
2024,45780,110000,18490.0,48240.0,67780.0,98930.0,136090.0,198580.0
2024,45780,113021,480.0,96720.0,117020.0,150510.0,174720.0,237500.0
2024,45780,130000,12870.0,43260.0,55550.0,72550.0,95310.0,126520.0
2024,45780,150000,3820.0,46560.0,60990.0,81320.0,108200.0,141490.0
2024,45780,151211,440.0,62670.0,76000.0,94640.0,114690.0,135450.0
2024,45780,151212,120.0,54810.0,77340.0,105460.0,132350.0,165290.0
2024,45780,151231,290.0,43660.0,49350.0,62420.0,74580.0,91800.0
2024,45780,151232,650.0,36870.0,45490.0,57680.0,67830.0,81120.0
2024,45780,151241,190.0,73130.0,101070.0,121320.0,156210.0,177200.0
2024,45780,151242,60.0,46950.0,60050.0,76050.0,116860.0,122980.0
2024,45780,151243,40.0,78560.0,102670.0,134790.0,145890.0,160410.0
2024,45780,151244,530.0,56640.0,70070.0,83150.0,103440.0,129320.0
2024,45780,151251,80.0,43700.0,71120.0,86190.0,102960.0,117070.0
2024,45780,151252,960.0,63090.0,81950.0,100330.0,130380.0,161890.0
2024,45780,151253,,43020.0,50660.0,80570.0,109850.0,138770.0
2024,45780,151254,60.0,38320.0,52260.0,70210.0,95480.0,124050.0
2024,45780,151255,50.0,33520.0,44840.0,56750.0,71800.0,88440.0
2024,45780,151299,100.0,47160.0,49320.0,59830.0,83050.0,102070.0
2024,45780,152031,30.0,63710.0,75250.0,98980.0,125320.0,126570.0
2024,45780,152051,160.0,36510.0,52750.0,77870.0,104800.0,147450.0
2024,45780,170000,5690.0,50480.0,65080.0,82510.0,106790.0,131690.0
2024,45780,190000,1790.0,41350.0,54600.0,71260.0,94440.0,118660.0
2024,45780,210000,4910.0,35880.0,44620.0,56640.0,67190.0,79270.0
2024,45780,230000,1570.0,41070.0,53340.0,82040.0,139840.0,209230.0
2024,45780,250000,18980.0,29500.0,40910.0,60290.0,80380.0,97930.0
2024,45780,270000,3030.0,28380.0,35250.0,46390.0,62300.0,87720.0
2024,45780,290000,22710.0,44160.0,61670.0,76980.0,98080.0,136430.0
2024,45780,310000,12160.0,28780.0,31420.0,37070.0,43750.0,53390.0
2024,45780,330000,6240.0,29320.0,35460.0,56820.0,74520.0,89980.0
2024,45780,350000,27960.0,22600.0,26140.0,29220.0,36390.0,45640.0
2024,45780,370000,8140.0,25340.0,28860.0,34970.0,41210.0,48320.0
2024,45780,390000,4790.0,22730.0,27030.0,30380.0,39820.0,58130.0
2024,45780,410000,22270.0,24090.0,28270.0,34320.0,49840.0,79810.0
2024,45780,430000,29480.0,30680.0,36780.0,44850.0,54790.0,67500.0
2024,45780,450000,540.0,28860.0,32260.0,32260.0,43800.0,56700.0
2024,45780,470000,10460.0,38960.0,48080.0,62860.0,76950.0,91160.0
2024,45780,490000,12510.0,36140.0,45630.0,58400.0,72600.0,85140.0
2024,45780,510000,30480.0,34840.0,38220.0,47150.0,64070.0,74150.0
2024,45780,530000,32750.0,29610.0,36160.0,42160.0,50040.0,66260.0
2025,14020,000000,73240.0,28570.0,35900.0,47660.0,73020.0,104000.0
2025,14020,110000,3530.0,57490.0,78360.0,113870.0,169100.0,226310.0
2025,14020,113021,190.0,94840.0,125420.0,165680.0,180450.0,226550.0
2025,14020,130000,3660.0,46580.0,55790.0,72020.0,96990.0,122080.0
2025,14020,150000,2420.0,52210.0,65820.0,85460.0,106900.0,133180.0
2025,14020,151211,230.0,64720.0,83740.0,107370.0,133180.0,133490.0
2025,14020,151231,110.0,44580.0,47310.0,63860.0,87680.0,121220.0
2025,14020,151232,600.0,41150.0,47830.0,55940.0,70600.0,96880.0
2025,14020,151241,50.0,81420.0,85440.0,131620.0,165590.0,183060.0
2025,14020,151242,100.0,69550.0,87620.0,104360.0,110170.0,144520.0
2025,14020,151244,70.0,64910.0,75380.0,89020.0,113620.0,137440.0
2025,14020,151251,360.0,67890.0,67890.0,85580.0,109840.0,109840.0
2025,14020,151252,220.0,75040.0,82250.0,99990.0,131090.0,169580.0
2025,14020,151299,30.0,53680.0,73180.0,92410.0,126010.0,163380.0
2025,14020,152051,50.0,50270.0,58750.0,83020.0,101160.0,129130.0
2025,14020,170000,1650.0,52700.0,65330.0,80800.0,103680.0,129390.0
2025,14020,190000,1500.0,46800.0,52600.0,68670.0,84900.0,114030.0
2025,14020,210000,2050.0,36410.0,45360.0,52100.0,66340.0,84770.0
2025,14020,230000,380.0,43730.0,59310.0,81340.0,127160.0,183390.0
2025,14020,250000,6170.0,31560.0,45720.0,65180.0,101360.0,138200.0
2025,14020,270000,1320.0,32530.0,46450.0,61900.0,81010.0,110780.0
2025,14020,290000,4660.0,40320.0,59730.0,80370.0,98920.0,137280.0
2025,14020,310000,3280.0,30180.0,31750.0,36820.0,40790.0,46640.0
2025,14020,330000,1570.0,26500.0,34210.0,39360.0,59380.0,82700.0
2025,14020,350000,8210.0,20660.0,23740.0,29320.0,36340.0,45090.0
2025,14020,370000,2290.0,28750.0,33280.0,37860.0,40710.0,47720.0
2025,14020,390000,1190.0,23120.0,27820.0,30860.0,40150.0,55360.0
2025,14020,410000,5500.0,24140.0,28570.0,34490.0,47700.0,75900.0
2025,14020,430000,7550.0,31200.0,37550.0,44440.0,54750.0,66030.0
2025,14020,450000,40.0,30360.0,38990.0,40410.0,51290.0,70030.0
2025,14020,470000,2640.0,39520.0,48170.0,63110.0,80400.0,96980.0
2025,14020,490000,2480.0,35860.0,44090.0,56190.0,67590.0,87490.0
2025,14020,510000,6440.0,36210.0,37830.0,46900.0,59480.0,72760.0
2025,14020,530000,4720.0,27900.0,32740.0,38820.0,48050.0,61090.0
2025,14540,000000,82160.0,27410.0,33920.0,45040.0,62650.0,90960.0
2025,14540,110000,4750.0,45600.0,61280.0,94570.0,128910.0,173580.0
2025,14540,113021,90.0,81410.0,110350.0,126940.0,159100.0,190420.0
2025,14540,130000,2950.0,42950.0,51970.0,65180.0,87670.0,116400.0
2025,14540,150000,1000.0,44570.0,54500.0,76880.0,100650.0,137260.0
2025,14540,151211,120.0,50900.0,68390.0,82290.0,102490.0,129030.0
2025,14540,151231,70.0,37830.0,49810.0,61200.0,80770.0,100840.0
2025,14540,151232,250.0,35680.0,44690.0,51710.0,67960.0,82500.0
2025,14540,151241,40.0,60540.0,85670.0,131150.0,152890.0,158530.0
2025,14540,151244,90.0,44750.0,57010.0,76880.0,91350.0,111180.0
2025,14540,151252,200.0,72090.0,83810.0,100650.0,146980.0,201790.0
2025,14540,152051,40.0,46680.0,64590.0,65620.0,87380.0,128220.0
2025,14540,170000,1070.0,46280.0,63040.0,81020.0,103120.0,126470.0
2025,14540,190000,540.0,45560.0,56320.0,73850.0,93880.0,127560.0
2025,14540,210000,1380.0,33660.0,40820.0,52260.0,70800.0,81210.0
2025,14540,230000,440.0,49100.0,60640.0,74660.0,113270.0,156550.0
2025,14540,250000,5230.0,31350.0,38000.0,54170.0,66420.0,84620.0
2025,14540,270000,880.0,24970.0,32740.0,42720.0,60000.0,78490.0
2025,14540,290000,5360.0,37380.0,55040.0,76250.0,94660.0,133990.0
2025,14540,310000,3260.0,28910.0,34570.0,39270.0,46580.0,56140.0
2025,14540,330000,1630.0,29150.0,34640.0,41100.0,60550.0,79010.0
2025,14540,350000,8380.0,19500.0,23370.0,28560.0,34300.0,41510.0
2025,14540,370000,1780.0,25250.0,29100.0,35070.0,38460.0,48300.0
2025,14540,390000,1370.0,21840.0,25720.0,29180.0,37660.0,47070.0
2025,14540,410000,7360.0,22370.0,27010.0,31410.0,45420.0,70410.0
2025,14540,430000,9240.0,29200.0,35240.0,40490.0,48530.0,62340.0
2025,14540,450000,70.0,23430.0,26700.0,36590.0,52900.0,53660.0
2025,14540,470000,3290.0,35040.0,41580.0,49790.0,60440.0,80400.0
2025,14540,490000,3740.0,34760.0,42320.0,56200.0,71090.0,83380.0
2025,14540,510000,9840.0,34640.0,40170.0,48670.0,59830.0,80330.0
2025,14540,530000,8610.0,29530.0,33570.0,39120.0,49020.0,59870.0
2025,16620,000000,103450.0,25940.0,32230.0,45830.0,66980.0,101190.0
2025,16620,110000,6740.0,49860.0,66280.0,90330.0,127890.0,175080.0
2025,16620,113021,170.0,71960.0,81110.0,101560.0,147850.0,169130.0
2025,16620,130000,5920.0,41590.0,50190.0,63990.0,84480.0,115210.0
2025,16620,150000,2510.0,45200.0,52890.0,68310.0,99870.0,132760.0
2025,16620,151211,230.0,,,,,
2025,16620,151231,70.0,31610.0,37310.0,52670.0,67710.0,82630.0
2025,16620,151232,400.0,39200.0,46520.0,50700.0,61430.0,79510.0
2025,16620,151241,70.0,81300.0,102040.0,131210.0,131210.0,131210.0
2025,16620,151242,60.0,53230.0,61600.0,70280.0,83430.0,111750.0
2025,16620,151244,280.0,51020.0,61520.0,72040.0,82740.0,105490.0
2025,16620,151251,40.0,,,,,
2025,16620,151252,350.0,72380.0,84290.0,122980.0,136370.0,168620.0
2025,16620,151299,480.0,,,,,
2025,16620,152051,100.0,63490.0,69140.0,79860.0,98220.0,125110.0
2025,16620,170000,1780.0,46960.0,59990.0,82680.0,122790.0,152280.0
2025,16620,190000,1420.0,43320.0,51150.0,64170.0,88230.0,112400.0
2025,16620,210000,2490.0,35480.0,41050.0,49990.0,60740.0,71860.0
2025,16620,230000,1620.0,43800.0,61940.0,81890.0,107870.0,162560.0
2025,16620,250000,4440.0,29630.0,36670.0,50810.0,58600.0,71260.0
2025,16620,270000,860.0,29190.0,35370.0,44710.0,60170.0,80940.0
2025,16620,290000,10560.0,43040.0,57390.0,78190.0,119880.0,161460.0
2025,16620,310000,6670.0,23160.0,28680.0,32620.0,37970.0,44780.0
2025,16620,330000,3910.0,20800.0,20800.0,33910.0,47540.0,59120.0
2025,16620,350000,7890.0,21470.0,22760.0,27410.0,32430.0,43090.0
2025,16620,370000,2950.0,23050.0,27130.0,30610.0,37450.0,44500.0
2025,16620,390000,1420.0,21650.0,24960.0,28640.0,36900.0,47850.0
2025,16620,410000,8110.0,22010.0,25200.0,30680.0,43990.0,64710.0
2025,16620,430000,13270.0,29150.0,35070.0,40510.0,50210.0,63170.0
2025,16620,450000,50.0,26270.0,28080.0,34140.0,49630.0,52830.0
2025,16620,470000,4780.0,35820.0,45190.0,59630.0,74050.0,87150.0
2025,16620,490000,5010.0,31950.0,38370.0,50560.0,68210.0,91480.0
2025,16620,510000,3520.0,29140.0,36330.0,44180.0,60120.0,80000.0
2025,16620,530000,7530.0,26830.0,31100.0,36840.0,48890.0,64700.0
2025,16620,151212,70.0,43660.0,45380.0,64840.0,101910.0,124950.0
2025,16620,151243,30.0,60930.0,69630.0,104570.0,129700.0,164870.0
2025,16620,151253,,48200.0,48200.0,62300.0,62300.0,102080.0
2025,16620,152031,80.0,51220.0,58200.0,65440.0,72790.0,86440.0
2025,16620,152041,40.0,43410.0,49680.0,55340.0,85620.0,108600.0
2025,17140,000000,1101030.0,29780.0,37300.0,50170.0,79310.0,119580.0
2025,17140,110000,83560.0,57840.0,79360.0,116460.0,168170.0,220990.0
2025,17140,113021,3920.0,104560.0,133300.0,169530.0,210980.0,281130.0
2025,17140,130000,73140.0,48160.0,61080.0,78810.0,102860.0,133210.0
2025,17140,150000,32340.0,53400.0,74810.0,101210.0,131560.0,164820.0
2025,17140,151211,4240.0,66720.0,81630.0,103450.0,133790.0,172930.0
2025,17140,151231,1420.0,42520.0,59650.0,71920.0,91250.0,122390.0
2025,17140,151232,4810.0,38430.0,47410.0,59350.0,70160.0,82860.0
2025,17140,151241,1170.0,83500.0,106210.0,133000.0,165510.0,183610.0
2025,17140,151242,400.0,57790.0,74500.0,102360.0,130920.0,156770.0
2025,17140,151244,2960.0,63610.0,80250.0,101530.0,130430.0,147890.0
2025,17140,151251,410.0,62550.0,78630.0,101640.0,124850.0,142660.0
2025,17140,151252,9900.0,78790.0,95600.0,121420.0,138670.0,172240.0
2025,17140,151299,840.0,46660.0,56830.0,84700.0,120000.0,151320.0
2025,17140,152051,1680.0,64420.0,80470.0,102650.0,130920.0,161490.0
2025,17140,170000,23290.0,61350.0,77840.0,99790.0,129990.0,162760.0
2025,17140,190000,9620.0,48510.0,61760.0,80900.0,107350.0,157700.0
2025,17140,210000,16160.0,37220.0,46220.0,57260.0,69290.0,82880.0
2025,17140,230000,6240.0,51270.0,68770.0,98540.0,168600.0,218610.0
2025,17140,250000,58690.0,29590.0,37810.0,59130.0,79440.0,99180.0
2025,17140,270000,12820.0,30360.0,39160.0,54960.0,78350.0,103890.0
2025,17140,290000,78460.0,46350.0,64040.0,81890.0,105420.0,158310.0
2025,17140,310000,42410.0,30500.0,35630.0,38580.0,46090.0,53020.0
2025,17140,330000,23030.0,30320.0,35870.0,48040.0,75120.0,95910.0
2025,17140,350000,105450.0,23790.0,28690.0,32230.0,37670.0,48810.0
2025,17140,370000,29410.0,29160.0,32080.0,37140.0,45120.0,49720.0
2025,17140,390000,21770.0,24050.0,28110.0,32070.0,42530.0,57810.0
2025,17140,410000,93240.0,27180.0,29360.0,37260.0,60880.0,97020.0
2025,17140,430000,125530.0,33540.0,39020.0,47400.0,59280.0,74000.0
2025,17140,450000,570.0,28310.0,33590.0,42270.0,59030.0,64980.0
2025,17140,470000,38220.0,41050.0,48900.0,62470.0,78360.0,95630.0
2025,17140,490000,44090.0,37890.0,47380.0,61340.0,76840.0,95580.0
2025,17140,510000,75240.0,35150.0,39310.0,47780.0,59890.0,75200.0
2025,17140,530000,107750.0,30590.0,36510.0,44200.0,56510.0,73470.0
2025,17140,151212,1320.0,71390.0,82600.0,114300.0,139670.0,169880.0
2025,17140,151243,380.0,99560.0,125460.0,134480.0,160340.0,173620.0
2025,17140,151253,920.0,59010.0,74610.0,87940.0,108020.0,134490.0
2025,17140,152031,410.0,56250.0,71880.0,105360.0,134310.0,159440.0
2025,17140,152041,250.0,63720.0,82710.0,101500.0,128490.0,157000.0
2025,17140,151221,50.0,44530.0,94620.0,155910.0,157140.0,159360.0
2025,17140,151254,280.0,56430.0,64790.0,80910.0,105810.0,129850.0
2025,17140,151255,570.0,49010.0,63450.0,82820.0,125600.0,133640.0
2025,18020,000000,49820.0,29290.0,36830.0,48470.0,72880.0,103750.0
2025,18020,110000,2630.0,64470.0,88180.0,124870.0,175200.0,211950.0
2025,18020,113021,90.0,91180.0,114630.0,139430.0,175200.0,201830.0
2025,18020,130000,2350.0,45320.0,58780.0,77330.0,100720.0,130090.0
2025,18020,150000,930.0,47990.0,69840.0,98000.0,114310.0,136130.0
2025,18020,151211,130.0,60600.0,78610.0,103800.0,128980.0,145720.0
2025,18020,151231,60.0,46800.0,56590.0,71270.0,86390.0,107530.0
2025,18020,151232,150.0,37900.0,47340.0,58380.0,76800.0,100590.0
2025,18020,151244,50.0,62950.0,74450.0,86050.0,100050.0,118970.0
2025,18020,151252,280.0,80000.0,98920.0,104880.0,123680.0,137340.0
2025,18020,151299,50.0,28220.0,28220.0,83830.0,101210.0,124660.0
2025,18020,152051,40.0,59840.0,76040.0,94700.0,142310.0,142310.0
2025,18020,170000,2580.0,65030.0,94380.0,103890.0,127700.0,160210.0
2025,18020,190000,360.0,40730.0,46150.0,60550.0,88080.0,114190.0
2025,18020,210000,790.0,37820.0,40610.0,48640.0,60570.0,76590.0
2025,18020,230000,130.0,39590.0,50500.0,77660.0,117990.0,183000.0
2025,18020,250000,2170.0,29280.0,36090.0,48030.0,61320.0,78190.0
2025,18020,270000,280.0,29580.0,36490.0,46920.0,63060.0,82400.0
2025,18020,290000,2510.0,40560.0,59560.0,77030.0,107540.0,258660.0
2025,18020,310000,1710.0,29970.0,33020.0,37270.0,44430.0,48470.0
2025,18020,330000,780.0,26890.0,33750.0,43510.0,63440.0,77460.0
2025,18020,350000,3510.0,20970.0,23980.0,28890.0,34920.0,43040.0
2025,18020,370000,850.0,27360.0,30060.0,35730.0,42750.0,48230.0
2025,18020,390000,470.0,21650.0,25220.0,29680.0,36850.0,50890.0
2025,18020,410000,3970.0,23640.0,28340.0,35270.0,50720.0,81020.0
2025,18020,430000,4470.0,32080.0,37060.0,45350.0,54990.0,65310.0
2025,18020,470000,1520.0,42670.0,49000.0,62420.0,79670.0,92210.0
2025,18020,490000,2100.0,37300.0,47110.0,59910.0,75050.0,82770.0
2025,18020,510000,11650.0,36240.0,41960.0,48580.0,61230.0,73700.0
2025,18020,530000,4060.0,28320.0,33220.0,39940.0,48670.0,59700.0
2025,18020,151212,40.0,61630.0,88560.0,94770.0,156210.0,193010.0
2025,18140,000000,1105580.0,30020.0,37800.0,51340.0,80200.0,117330.0
2025,18140,110000,82430.0,58400.0,79250.0,111840.0,164340.0,217240.0
2025,18140,113021,4330.0,105720.0,133580.0,167630.0,210280.0,270450.0
2025,18140,130000,85340.0,49250.0,63090.0,80710.0,103860.0,131870.0
2025,18140,150000,36100.0,59350.0,79130.0,104470.0,134560.0,162930.0
2025,18140,151211,4660.0,67160.0,84780.0,107230.0,136730.0,154660.0
2025,18140,151231,1710.0,50770.0,62470.0,81220.0,115170.0,147740.0
2025,18140,151232,4960.0,41000.0,49520.0,62540.0,80390.0,103110.0
2025,18140,151241,1270.0,85410.0,101770.0,131260.0,163210.0,180790.0
2025,18140,151242,430.0,52980.0,76370.0,101450.0,126900.0,144430.0
2025,18140,151244,3970.0,65780.0,82170.0,105750.0,143780.0,143780.0
2025,18140,151251,410.0,51270.0,62960.0,80910.0,108250.0,128160.0
2025,18140,151252,9880.0,80130.0,100010.0,122340.0,140260.0,170000.0
2025,18140,151299,2410.0,60150.0,98630.0,129940.0,134560.0,162930.0
2025,18140,152051,1480.0,63530.0,83090.0,107950.0,143450.0,169380.0
2025,18140,170000,18190.0,59150.0,76510.0,94280.0,111150.0,136950.0
2025,18140,190000,9460.0,49420.0,62860.0,82010.0,106180.0,134820.0
2025,18140,210000,18900.0,38060.0,47280.0,58460.0,72790.0,91210.0
2025,18140,230000,8590.0,51060.0,63460.0,100700.0,155270.0,211160.0
2025,18140,250000,66530.0,30110.0,39820.0,61280.0,82930.0,103290.0
2025,18140,270000,13130.0,32070.0,42090.0,57780.0,79450.0,104790.0
2025,18140,290000,82180.0,47030.0,63860.0,81780.0,102750.0,147080.0
2025,18140,310000,52030.0,29850.0,33960.0,38040.0,44760.0,48790.0
2025,18140,330000,27840.0,30200.0,35900.0,54370.0,78010.0,103210.0
2025,18140,350000,95180.0,24230.0,28450.0,33540.0,38210.0,48340.0
2025,18140,370000,28990.0,29240.0,33230.0,37550.0,45590.0,51840.0
2025,18140,390000,19230.0,25180.0,28830.0,33530.0,44120.0,59780.0
2025,18140,410000,85890.0,27740.0,30000.0,37220.0,59170.0,91090.0
2025,18140,430000,121850.0,32180.0,39040.0,47890.0,59660.0,75030.0
2025,18140,450000,870.0,29370.0,33880.0,40710.0,56180.0,71900.0
2025,18140,470000,39220.0,44700.0,50990.0,66830.0,80730.0,98310.0
2025,18140,490000,39880.0,38030.0,47430.0,61010.0,76700.0,95260.0
2025,18140,510000,55070.0,33280.0,38480.0,47440.0,59160.0,71730.0
2025,18140,530000,118690.0,31610.0,37340.0,43980.0,53670.0,71390.0
2025,18140,151212,1650.0,75820.0,97990.0,122600.0,154270.0,174670.0
2025,18140,151243,470.0,97800.0,112580.0,135840.0,163060.0,175570.0
2025,18140,151253,780.0,64490.0,82070.0,103110.0,122000.0,134950.0
2025,18140,152031,670.0,52000.0,57520.0,104970.0,128950.0,135500.0
2025,18140,152041,60.0,57270.0,70230.0,78040.0,109950.0,147240.0
2025,18140,151254,350.0,49990.0,64000.0,83860.0,109580.0,132800.0
2025,18140,151255,620.0,56490.0,71170.0,96010.0,133940.0,167010.0
2025,19430,000000,372660.0,29070.0,36810.0,49980.0,79270.0,117210.0
2025,19430,110000,25840.0,52230.0,73010.0,103590.0,152730.0,207160.0
2025,19430,113021,1110.0,100590.0,123590.0,160040.0,195680.0,235290.0
2025,19430,130000,25860.0,48150.0,63030.0,85980.0,116440.0,140900.0
2025,19430,150000,12820.0,52500.0,70350.0,99690.0,128770.0,161450.0
2025,19430,151211,1350.0,61030.0,79130.0,100360.0,127140.0,145950.0
2025,19430,151231,410.0,45740.0,52330.0,65900.0,81220.0,105490.0
2025,19430,151232,2110.0,38790.0,48080.0,58870.0,68100.0,82460.0
2025,19430,151241,360.0,85470.0,102080.0,129430.0,158850.0,180670.0
2025,19430,151242,110.0,46890.0,63900.0,90290.0,121830.0,154280.0
2025,19430,151244,950.0,62980.0,78960.0,95680.0,116770.0,136690.0
2025,19430,151251,200.0,59140.0,65510.0,96350.0,110580.0,131640.0
2025,19430,151252,3910.0,77330.0,90020.0,106910.0,136090.0,170180.0
2025,19430,151299,1110.0,64640.0,96280.0,116580.0,135430.0,153340.0
2025,19430,152051,310.0,59650.0,72410.0,94620.0,123480.0,155000.0
2025,19430,170000,11570.0,60780.0,78730.0,102570.0,140190.0,170040.0
2025,19430,190000,3230.0,49990.0,67450.0,99690.0,130160.0,157210.0
2025,19430,210000,6420.0,37560.0,45650.0,56810.0,69280.0,84720.0
2025,19430,230000,1810.0,46310.0,62250.0,83240.0,133330.0,203030.0
2025,19430,250000,23490.0,30250.0,42810.0,61110.0,81320.0,98030.0
2025,19430,270000,4090.0,30180.0,38140.0,53410.0,76700.0,106430.0
2025,19430,290000,31490.0,47090.0,63030.0,80500.0,101120.0,145770.0
2025,19430,310000,17500.0,30210.0,35390.0,37620.0,44040.0,49990.0
2025,19430,330000,7020.0,30550.0,36340.0,55720.0,75650.0,91920.0
2025,19430,350000,33420.0,23690.0,27240.0,29930.0,36500.0,46630.0
2025,19430,370000,10100.0,28480.0,30420.0,36670.0,44550.0,51860.0
2025,19430,390000,6330.0,23390.0,26950.0,31050.0,41550.0,55310.0
2025,19430,410000,28720.0,25520.0,28460.0,35540.0,51120.0,81510.0
2025,19430,430000,38020.0,31220.0,37980.0,46160.0,57370.0,69850.0
2025,19430,450000,200.0,27230.0,31800.0,38360.0,47450.0,57900.0
2025,19430,470000,10380.0,39610.0,48340.0,61460.0,77580.0,95350.0
2025,19430,490000,12830.0,36300.0,45710.0,59620.0,74650.0,89610.0
2025,19430,510000,27730.0,34470.0,37580.0,45890.0,56670.0,65670.0
2025,19430,530000,33780.0,29580.0,35670.0,42850.0,55560.0,68980.0
2025,19430,151212,510.0,68050.0,77580.0,111430.0,165320.0,191080.0
2025,19430,151243,120.0,73350.0,102530.0,129100.0,150560.0,165670.0
2025,19430,151253,400.0,55930.0,63250.0,81950.0,100650.0,123130.0
2025,19430,152031,410.0,66580.0,94140.0,122570.0,149360.0,174300.0
2025,19430,152041,30.0,58770.0,85350.0,116440.0,130400.0,144730.0
2025,19430,151221,160.0,87870.0,109660.0,137300.0,157710.0,175260.0
2025,19430,151254,150.0,53880.0,57470.0,69230.0,96680.0,101960.0
2025,19430,151255,190.0,,,,,
2025,21060,000000,51540.0,27430.0,34260.0,46810.0,65660.0,97320.0
2025,21060,110000,3280.0,45800.0,63480.0,98350.0,129960.0,169620.0
2025,21060,113021,130.0,93610.0,109080.0,125260.0,166330.0,186670.0
2025,21060,130000,3630.0,49230.0,62450.0,78560.0,99510.0,119430.0
2025,21060,150000,1400.0,48420.0,67940.0,90360.0,112400.0,133470.0
2025,21060,151211,90.0,57580.0,67940.0,79040.0,118120.0,136660.0
2025,21060,151231,40.0,53520.0,66560.0,72030.0,95940.0,100180.0
2025,21060,151232,260.0,34650.0,43940.0,59140.0,69100.0,89110.0
2025,21060,151241,50.0,68000.0,75860.0,78920.0,116340.0,161570.0
2025,21060,151244,60.0,53750.0,63800.0,84240.0,99850.0,105260.0
2025,21060,151252,180.0,60380.0,78630.0,95980.0,121150.0,139600.0
2025,21060,151299,450.0,77000.0,90830.0,106330.0,119430.0,133470.0
2025,21060,170000,1030.0,57460.0,72870.0,98880.0,120690.0,123210.0
2025,21060,190000,300.0,52530.0,64160.0,78850.0,97470.0,119200.0
2025,21060,210000,880.0,34110.0,42620.0,57630.0,73830.0,83300.0
2025,21060,230000,240.0,45420.0,57140.0,71870.0,108890.0,152920.0
2025,21060,250000,3090.0,29100.0,30260.0,48650.0,62510.0,76030.0
2025,21060,270000,310.0,29350.0,37190.0,57020.0,76510.0,98780.0
2025,21060,290000,2550.0,37420.0,51060.0,77240.0,95150.0,132460.0
2025,21060,310000,1950.0,29270.0,34560.0,38290.0,44910.0,53070.0
2025,21060,330000,1000.0,29220.0,34450.0,49440.0,59960.0,76800.0
2025,21060,350000,5080.0,20020.0,23020.0,28050.0,33700.0,41670.0
2025,21060,370000,1330.0,24460.0,28670.0,34540.0,39100.0,47450.0
2025,21060,390000,610.0,22190.0,24800.0,30350.0,39660.0,49980.0
2025,21060,410000,4700.0,22520.0,27320.0,31700.0,45480.0,70280.0
2025,21060,430000,6260.0,30110.0,35600.0,41320.0,51630.0,62210.0
2025,21060,470000,1610.0,35660.0,39040.0,48420.0,60900.0,78530.0
2025,21060,490000,2650.0,33800.0,41360.0,56160.0,69840.0,83140.0
2025,21060,510000,5880.0,35070.0,40440.0,49540.0,59900.0,67510.0
2025,21060,530000,3730.0,28400.0,31240.0,37540.0,48070.0,57080.0
2025,21060,151212,40.0,75850.0,77790.0,94560.0,117380.0,148780.0
2025,21060,151253,40.0,44250.0,44250.0,65710.0,87690.0,96410.0
2025,21780,000000,135250.0,28120.0,35450.0,46540.0,68150.0,98440.0
2025,21780,110000,6620.0,57710.0,78090.0,105220.0,156340.0,208310.0
2025,21780,113021,280.0,86540.0,109090.0,140260.0,166830.0,209300.0
2025,21780,130000,6130.0,43740.0,54480.0,72440.0,95980.0,122340.0
2025,21780,150000,2100.0,47120.0,60210.0,79520.0,105660.0,134720.0
2025,21780,151211,320.0,62240.0,79030.0,97690.0,129680.0,158530.0
2025,21780,151231,300.0,45790.0,48310.0,66910.0,95120.0,111980.0
2025,21780,151232,430.0,38010.0,46660.0,54330.0,63150.0,78190.0
2025,21780,151241,80.0,72620.0,76150.0,109370.0,130690.0,152890.0
2025,21780,151242,30.0,47460.0,75920.0,96800.0,126610.0,128140.0
2025,21780,151244,130.0,60270.0,75180.0,89690.0,106450.0,123220.0
2025,21780,151251,30.0,79380.0,89470.0,97630.0,124970.0,124970.0
2025,21780,151252,290.0,64820.0,78810.0,98560.0,125370.0,151290.0
2025,21780,151299,40.0,55010.0,60740.0,78580.0,100760.0,122630.0
2025,21780,152051,140.0,59480.0,76220.0,83140.0,124440.0,135730.0
2025,21780,170000,2070.0,50560.0,64240.0,81850.0,105860.0,132270.0
2025,21780,190000,1100.0,44210.0,59210.0,79440.0,104730.0,127420.0
2025,21780,210000,2330.0,33430.0,38940.0,47310.0,59760.0,76480.0
2025,21780,230000,740.0,44090.0,50200.0,79100.0,127160.0,199600.0
2025,21780,250000,6420.0,27690.0,37290.0,48340.0,63990.0,81760.0
2025,21780,270000,1270.0,29370.0,36960.0,47430.0,67530.0,93450.0
2025,21780,290000,10750.0,39180.0,60050.0,80780.0,101670.0,143650.0
2025,21780,310000,6980.0,30830.0,35520.0,38030.0,44650.0,48010.0
2025,21780,330000,2300.0,28500.0,34360.0,56330.0,72920.0,80810.0
2025,21780,350000,12710.0,21070.0,23690.0,28930.0,35140.0,43590.0
2025,21780,370000,3910.0,27580.0,29760.0,36230.0,43250.0,48050.0
2025,21780,390000,3040.0,22320.0,26170.0,29880.0,42870.0,58510.0
2025,21780,410000,11920.0,23410.0,28230.0,35080.0,49230.0,78250.0
2025,21780,430000,15180.0,30140.0,36470.0,43740.0,52750.0,65520.0
2025,21780,450000,110.0,29120.0,34110.0,45450.0,49050.0,56510.0
2025,21780,470000,7170.0,39990.0,48470.0,62650.0,79280.0,95480.0
2025,21780,490000,6360.0,36500.0,46090.0,58330.0,73860.0,94210.0
2025,21780,510000,12350.0,34810.0,38220.0,47640.0,61660.0,79420.0
2025,21780,530000,13680.0,29150.0,34640.0,42170.0,49250.0,62140.0
2025,21780,151212,110.0,59520.0,60340.0,98400.0,137790.0,164530.0
2025,21780,151253,30.0,52620.0,55160.0,83250.0,127900.0,150910.0
2025,21780,151254,70.0,38280.0,68470.0,99720.0,132180.0,132190.0
2025,23060,000000,225520.0,29140.0,36350.0,47700.0,70820.0,97710.0
2025,23060,110000,11230.0,59190.0,79720.0,106250.0,150800.0,206950.0
2025,23060,113021,540.0,95010.0,110140.0,138350.0,170000.0,210360.0
2025,23060,130000,10570.0,44410.0,55670.0,72510.0,94570.0,119440.0
2025,23060,150000,4190.0,47190.0,61620.0,80400.0,103550.0,132990.0
2025,23060,151211,650.0,63550.0,76970.0,90300.0,102690.0,133680.0
2025,23060,151231,360.0,47920.0,61810.0,78440.0,102850.0,127690.0
2025,23060,151232,930.0,38230.0,44680.0,50630.0,63360.0,78070.0
2025,23060,151241,100.0,62100.0,78810.0,97340.0,128840.0,173030.0
2025,23060,151242,50.0,53770.0,65650.0,82560.0,97220.0,129120.0
2025,23060,151244,310.0,52000.0,64800.0,82250.0,98040.0,117800.0
2025,23060,151251,,56140.0,83160.0,87630.0,104410.0,122190.0
2025,23060,151252,810.0,70930.0,78220.0,101560.0,132590.0,165310.0
2025,23060,151299,90.0,47500.0,60600.0,82860.0,112920.0,131730.0
2025,23060,152051,270.0,62750.0,77510.0,94470.0,114990.0,132400.0
2025,23060,170000,3550.0,51680.0,64170.0,81070.0,103150.0,128110.0
2025,23060,190000,1370.0,44640.0,59720.0,75240.0,90910.0,117790.0
2025,23060,210000,3870.0,35260.0,42430.0,51370.0,67360.0,80760.0
2025,23060,230000,1160.0,45040.0,57330.0,80320.0,127930.0,201520.0
2025,23060,250000,10330.0,29480.0,37300.0,50950.0,65350.0,80520.0
2025,23060,270000,2380.0,30900.0,38320.0,49690.0,71760.0,96100.0
2025,23060,290000,17520.0,44800.0,62490.0,79630.0,100390.0,163960.0
2025,23060,310000,12020.0,30820.0,35120.0,36590.0,44580.0,48670.0
2025,23060,330000,3960.0,29640.0,35140.0,57700.0,76390.0,90390.0
2025,23060,350000,19170.0,21180.0,24210.0,29450.0,35900.0,45200.0
2025,23060,370000,6140.0,28800.0,30720.0,36740.0,44510.0,49260.0
2025,23060,390000,3910.0,22350.0,27390.0,30370.0,37880.0,47910.0
2025,23060,410000,19460.0,25700.0,29190.0,36530.0,56690.0,85860.0
2025,23060,430000,23770.0,31980.0,38000.0,46410.0,56290.0,66630.0
2025,23060,450000,180.0,34440.0,39100.0,45470.0,53330.0,66270.0
2025,23060,470000,10450.0,39270.0,47740.0,61790.0,79260.0,96220.0
2025,23060,490000,9950.0,36820.0,46070.0,58560.0,72620.0,86510.0
2025,23060,510000,26380.0,36210.0,40350.0,47640.0,60280.0,78480.0
2025,23060,530000,23980.0,29690.0,35100.0,41330.0,51390.0,63630.0
2025,23060,151212,130.0,62580.0,75020.0,97000.0,122100.0,144060.0
2025,23060,151243,30.0,67230.0,83480.0,103830.0,129990.0,166980.0
2025,23060,151253,80.0,54910.0,66830.0,79710.0,95320.0,120290.0
2025,23060,152031,100.0,59850.0,59850.0,68010.0,83220.0,104620.0
2025,23060,151254,50.0,41010.0,62060.0,72180.0,84840.0,132120.0
2025,23060,151255,100.0,51410.0,61620.0,70270.0,92730.0,125000.0
2025,26580,000000,140740.0,25280.0,31200.0,44600.0,64120.0,95750.0
2025,26580,110000,8000.0,46810.0,61780.0,88400.0,127500.0,174010.0
2025,26580,113021,120.0,71630.0,81240.0,128020.0,161390.0,181960.0
2025,26580,130000,5300.0,40180.0,50170.0,66200.0,90050.0,116360.0
2025,26580,150000,1620.0,43530.0,53090.0,74610.0,103640.0,131710.0
2025,26580,151211,150.0,52010.0,62740.0,85180.0,103640.0,126250.0
2025,26580,151231,110.0,30570.0,37110.0,47970.0,61770.0,84690.0
2025,26580,151232,360.0,38500.0,45970.0,52520.0,61770.0,80070.0
2025,26580,151241,40.0,61220.0,76610.0,97380.0,117430.0,145360.0
2025,26580,151242,50.0,41140.0,46230.0,57680.0,98430.0,151400.0
2025,26580,151244,160.0,52360.0,62040.0,76320.0,95980.0,124530.0
2025,26580,151252,280.0,52390.0,78730.0,110780.0,131220.0,166980.0
2025,26580,151299,210.0,48930.0,58070.0,96960.0,119340.0,153940.0
2025,26580,152051,50.0,59860.0,66720.0,91130.0,124460.0,149670.0
2025,26580,170000,1470.0,47400.0,62260.0,83560.0,112380.0,133470.0
2025,26580,190000,1090.0,35110.0,48430.0,64280.0,93430.0,115210.0
2025,26580,210000,3660.0,32680.0,37950.0,47840.0,61320.0,77170.0
2025,26580,230000,790.0,39610.0,52620.0,74460.0,107310.0,156550.0
2025,26580,250000,9280.0,27940.0,40070.0,52360.0,62030.0,77790.0
2025,26580,270000,870.0,27420.0,33570.0,43050.0,59230.0,79800.0
2025,26580,290000,15270.0,39580.0,56460.0,80020.0,102610.0,154460.0
2025,26580,310000,8070.0,24620.0,28740.0,35390.0,39150.0,46970.0
2025,26580,330000,2590.0,27550.0,32950.0,44910.0,56710.0,70080.0
2025,26580,350000,13550.0,21190.0,22490.0,26840.0,31730.0,39830.0
2025,26580,370000,3820.0,23610.0,27160.0,31390.0,37770.0,45820.0
2025,26580,390000,2170.0,21540.0,23210.0,28020.0,35870.0,45430.0
2025,26580,410000,12280.0,22110.0,24870.0,29940.0,38400.0,62940.0
2025,26580,430000,16720.0,28110.0,33740.0,38830.0,48530.0,60450.0
2025,26580,450000,60.0,20800.0,22880.0,32800.0,46570.0,56970.0
2025,26580,470000,7340.0,35360.0,42780.0,55560.0,69170.0,85400.0
2025,26580,490000,6550.0,30750.0,38110.0,50030.0,68330.0,92120.0
2025,26580,510000,9060.0,31410.0,37890.0,51580.0,67430.0,76080.0
2025,26580,530000,11170.0,27310.0,30170.0,37110.0,48090.0,62940.0
2025,26580,151212,60.0,43430.0,54130.0,80660.0,118910.0,131420.0
2025,26580,151253,40.0,,,,,
2025,26900,000000,1105170.0,29790.0,37200.0,49340.0,77110.0,107270.0
2025,26900,110000,68400.0,59540.0,81120.0,116320.0,164780.0,218680.0
2025,26900,113021,3880.0,100530.0,126400.0,155230.0,176090.0,214110.0
2025,26900,130000,68490.0,47000.0,60430.0,78230.0,101930.0,129770.0
2025,26900,150000,31380.0,51940.0,68070.0,92620.0,127670.0,147330.0
2025,26900,151211,5080.0,63260.0,79320.0,101890.0,130970.0,159450.0
2025,26900,151231,1730.0,49410.0,61740.0,79910.0,104880.0,129020.0
2025,26900,151232,5270.0,40670.0,47900.0,60080.0,75300.0,92620.0
2025,26900,151241,1010.0,76880.0,101300.0,130680.0,157080.0,180750.0
2025,26900,151242,430.0,58970.0,78680.0,99990.0,126310.0,152860.0
2025,26900,151244,1850.0,61500.0,73930.0,89770.0,110520.0,132370.0
2025,26900,151251,550.0,67360.0,85790.0,102070.0,131380.0,150140.0
2025,26900,151252,7140.0,76990.0,83990.0,106870.0,135060.0,158970.0
2025,26900,151299,1990.0,29830.0,69280.0,101780.0,120990.0,139450.0
2025,26900,152051,1880.0,61800.0,77140.0,99110.0,133410.0,149280.0
2025,26900,170000,16630.0,55240.0,72380.0,89270.0,116120.0,137160.0
2025,26900,190000,12040.0,46370.0,57840.0,75510.0,95690.0,126740.0
2025,26900,210000,18010.0,37860.0,45250.0,52290.0,64580.0,80510.0
2025,26900,230000,8650.0,,,,,
2025,26900,250000,49790.0,30150.0,38080.0,57750.0,74290.0,95910.0
2025,26900,270000,13890.0,31770.0,40420.0,54640.0,77810.0,100250.0
2025,26900,290000,80020.0,45550.0,64800.0,83070.0,107640.0,212530.0
2025,26900,310000,46470.0,30850.0,35060.0,38100.0,46120.0,51870.0
2025,26900,330000,27140.0,30300.0,36160.0,47250.0,75190.0,96100.0
2025,26900,350000,90820.0,21440.0,27400.0,30000.0,36970.0,46460.0
2025,26900,370000,31490.0,29530.0,31820.0,37310.0,44550.0,49320.0
2025,26900,390000,20740.0,23130.0,27980.0,31100.0,41060.0,56120.0
2025,26900,410000,96500.0,27250.0,29740.0,37650.0,61840.0,97470.0
2025,26900,430000,124690.0,33870.0,38780.0,47220.0,58930.0,73840.0
2025,26900,450000,560.0,34590.0,37390.0,45420.0,55080.0,67330.0
2025,26900,470000,49080.0,40950.0,48720.0,62710.0,81500.0,98100.0
2025,26900,490000,42210.0,37300.0,46540.0,59810.0,75540.0,93440.0
2025,26900,510000,65770.0,34990.0,38650.0,47620.0,59190.0,72780.0
2025,26900,530000,142400.0,30880.0,36900.0,45060.0,55700.0,69250.0
2025,26900,151212,980.0,62840.0,72800.0,98060.0,128850.0,163030.0
2025,26900,151243,290.0,87350.0,116180.0,136990.0,169750.0,175300.0
2025,26900,151253,990.0,58840.0,75950.0,93510.0,110000.0,133110.0
2025,26900,152031,640.0,59950.0,69240.0,86660.0,121570.0,156290.0
2025,26900,152041,130.0,36070.0,43660.0,84570.0,147600.0,190150.0
2025,26900,151221,120.0,68840.0,68840.0,86800.0,108080.0,137460.0
2025,26900,151254,300.0,56550.0,65990.0,82820.0,104580.0,128130.0
2025,26900,151255,490.0,35590.0,56110.0,67530.0,90740.0,126120.0
2025,29020,000000,35500.0,28670.0,35720.0,48980.0,75930.0,96510.0
2025,29020,110000,1380.0,52820.0,72630.0,99880.0,130580.0,181660.0
2025,29020,130000,1150.0,43160.0,55850.0,73330.0,96760.0,121140.0
2025,29020,150000,300.0,43700.0,56790.0,79330.0,109740.0,149150.0
2025,29020,151231,40.0,48210.0,61350.0,78690.0,91370.0,103730.0
2025,29020,151232,70.0,37920.0,41050.0,47600.0,56990.0,64290.0
2025,29020,151252,60.0,75710.0,101850.0,132390.0,155750.0,175540.0
2025,29020,170000,850.0,65400.0,83880.0,105410.0,127920.0,156100.0
2025,29020,190000,140.0,47540.0,59730.0,76180.0,92880.0,115680.0
2025,29020,210000,690.0,35550.0,39290.0,47870.0,60700.0,76830.0
2025,29020,230000,130.0,43650.0,49710.0,78900.0,116810.0,183000.0
2025,29020,250000,1850.0,29400.0,37440.0,51020.0,65750.0,81920.0
2025,29020,270000,180.0,31090.0,34640.0,47440.0,60020.0,79920.0
2025,29020,290000,2120.0,39610.0,59770.0,79450.0,99700.0,129480.0
2025,29020,310000,1710.0,30830.0,34290.0,36800.0,43460.0,48490.0
2025,29020,330000,600.0,28150.0,36040.0,57290.0,72300.0,86490.0
2025,29020,350000,4050.0,21330.0,24830.0,29540.0,36030.0,44380.0
2025,29020,370000,960.0,28500.0,30700.0,36520.0,45830.0,50810.0
2025,29020,390000,630.0,22480.0,25380.0,30220.0,39250.0,57460.0
2025,29020,410000,3350.0,23630.0,28690.0,33940.0,45270.0,65930.0
2025,29020,430000,3170.0,31170.0,36810.0,44160.0,51750.0,65770.0
2025,29020,470000,1970.0,45600.0,57830.0,82820.0,91470.0,98720.0
2025,29020,490000,1820.0,38420.0,48070.0,68760.0,91410.0,97260.0
2025,29020,510000,5830.0,40060.0,60620.0,75930.0,75930.0,77240.0
2025,29020,530000,2630.0,29340.0,33050.0,39000.0,50790.0,69140.0
2025,29200,000000,102200.0,28810.0,36220.0,48780.0,71860.0,99750.0
2025,29200,110000,4590.0,57820.0,77010.0,107310.0,153130.0,211090.0
2025,29200,113021,170.0,82320.0,110420.0,133270.0,174370.0,205420.0
2025,29200,130000,4230.0,45990.0,58470.0,75220.0,95210.0,121290.0
2025,29200,150000,2030.0,51450.0,63230.0,83910.0,105740.0,131820.0
2025,29200,151211,210.0,63160.0,75970.0,87660.0,107280.0,130520.0
2025,29200,151231,90.0,47050.0,57380.0,72800.0,81110.0,114130.0
2025,29200,151232,390.0,42080.0,46740.0,52990.0,63670.0,86420.0
2025,29200,151241,60.0,68750.0,88970.0,101500.0,116450.0,154950.0
2025,29200,151244,200.0,64700.0,68350.0,84100.0,85690.0,107100.0
2025,29200,151252,490.0,68380.0,78670.0,99750.0,123570.0,153300.0
2025,29200,152051,70.0,54180.0,72800.0,79280.0,107420.0,133670.0
2025,29200,170000,2090.0,55350.0,71670.0,94630.0,115820.0,129520.0
2025,29200,190000,1150.0,42570.0,54760.0,65790.0,86380.0,118180.0
2025,29200,210000,1910.0,36880.0,43680.0,54010.0,66640.0,84570.0
2025,29200,230000,390.0,44170.0,50950.0,80970.0,116050.0,183000.0
2025,29200,250000,8300.0,32120.0,45470.0,62290.0,85040.0,136850.0
2025,29200,270000,1110.0,31970.0,41650.0,57470.0,77850.0,108430.0
2025,29200,290000,6590.0,39820.0,52160.0,79970.0,100930.0,139370.0
2025,29200,310000,3820.0,31210.0,34830.0,37470.0,44170.0,48350.0
2025,29200,330000,1630.0,30110.0,35450.0,49910.0,73890.0,79970.0
2025,29200,350000,10210.0,21310.0,23730.0,28700.0,35510.0,43640.0
2025,29200,370000,3250.0,28940.0,33080.0,38160.0,41600.0,48660.0
2025,29200,390000,1710.0,23640.0,27390.0,31510.0,38440.0,48740.0
2025,29200,410000,7400.0,24480.0,28740.0,35400.0,49190.0,77490.0
2025,29200,430000,9860.0,31980.0,37710.0,46220.0,56100.0,67600.0
2025,29200,450000,230.0,35990.0,44540.0,48140.0,52100.0,63140.0
2025,29200,470000,3780.0,39220.0,47960.0,61920.0,81220.0,95820.0
2025,29200,490000,4160.0,36820.0,47170.0,59610.0,73830.0,83530.0
2025,29200,510000,15420.0,36580.0,45000.0,50950.0,71430.0,74770.0
2025,29200,530000,8320.0,29850.0,33240.0,37960.0,48910.0,61850.0
2025,29200,151212,,60450.0,60450.0,101390.0,159310.0,159310.0
2025,29200,152031,240.0,54480.0,67340.0,86910.0,90000.0,110180.0
2025,29200,151255,40.0,58450.0,61990.0,68150.0,83910.0,98180.0
2025,30460,000000,286910.0,28820.0,36260.0,48620.0,75360.0,103390.0
2025,30460,110000,18590.0,47740.0,65410.0,101540.0,140690.0,200530.0
2025,30460,113021,470.0,88460.0,114990.0,144160.0,177770.0,223610.0
2025,30460,130000,14140.0,46540.0,58060.0,75130.0,97840.0,123340.0
2025,30460,150000,6150.0,52070.0,65760.0,90600.0,125600.0,156180.0
2025,30460,151211,780.0,60210.0,71820.0,95500.0,108160.0,135510.0
2025,30460,151231,200.0,40900.0,52450.0,70980.0,90770.0,108620.0
2025,30460,151232,1460.0,,,,,
2025,30460,151241,240.0,68830.0,83300.0,103840.0,132070.0,172230.0
2025,30460,151242,110.0,47670.0,66940.0,88490.0,109500.0,127500.0
2025,30460,151244,430.0,62760.0,79100.0,92390.0,110660.0,180380.0
2025,30460,151251,130.0,67900.0,81120.0,90850.0,112910.0,137340.0
2025,30460,151252,1430.0,79770.0,97680.0,123510.0,156180.0,167270.0
2025,30460,151299,210.0,48250.0,58830.0,79610.0,118380.0,145830.0
2025,30460,152051,230.0,61890.0,72550.0,84460.0,106180.0,139370.0
2025,30460,170000,5430.0,53500.0,71520.0,91710.0,109900.0,136850.0
2025,30460,190000,2600.0,47000.0,53500.0,67200.0,88610.0,118540.0
2025,30460,210000,5140.0,37060.0,44580.0,57760.0,72450.0,88430.0
2025,30460,230000,1870.0,48750.0,63130.0,80970.0,133660.0,170780.0
2025,30460,250000,16230.0,33030.0,46110.0,60820.0,82230.0,103270.0
2025,30460,270000,3290.0,30790.0,39290.0,53960.0,72110.0,97690.0
2025,30460,290000,24710.0,43660.0,62610.0,79040.0,104100.0,167990.0
2025,30460,310000,11100.0,31070.0,35960.0,39670.0,45820.0,50020.0
2025,30460,330000,6840.0,29100.0,34430.0,38900.0,60520.0,75780.0
2025,30460,350000,26620.0,20780.0,24110.0,29290.0,36340.0,47460.0
2025,30460,370000,7460.0,27880.0,30000.0,36110.0,42160.0,51110.0
2025,30460,390000,6890.0,23390.0,28550.0,34250.0,41510.0,52590.0
2025,30460,410000,23320.0,23760.0,28510.0,35370.0,51460.0,80350.0
2025,30460,430000,36510.0,30400.0,37080.0,44980.0,54450.0,67590.0
2025,30460,450000,630.0,29130.0,34210.0,43870.0,54750.0,66770.0
2025,30460,470000,10060.0,37280.0,45450.0,53170.0,66000.0,83010.0
2025,30460,490000,11750.0,34600.0,43600.0,56270.0,70560.0,86150.0
2025,30460,510000,23080.0,34800.0,39970.0,56850.0,78020.0,78330.0
2025,30460,530000,24490.0,30990.0,35960.0,43780.0,54120.0,73500.0
2025,30460,151212,270.0,65230.0,85610.0,102190.0,132390.0,141590.0
2025,30460,151243,60.0,71790.0,84350.0,101540.0,127760.0,160620.0
2025,30460,151253,,47140.0,66400.0,78800.0,101910.0,123030.0
2025,30460,152031,140.0,58970.0,62450.0,72500.0,91250.0,106240.0
2025,30460,151254,70.0,55620.0,66000.0,91260.0,98830.0,123790.0
2025,30460,151255,130.0,61600.0,74560.0,74590.0,91520.0,108450.0
2025,30620,000000,49950.0,27970.0,35530.0,47170.0,72610.0,97350.0
2025,30620,110000,3040.0,49220.0,66390.0,96630.0,131530.0,174860.0
2025,30620,113021,70.0,88480.0,101190.0,140030.0,181260.0,234590.0
2025,30620,130000,1920.0,43470.0,55040.0,71650.0,92340.0,119990.0
2025,30620,150000,560.0,46390.0,61410.0,82430.0,114760.0,152950.0
2025,30620,151211,50.0,63670.0,70330.0,87920.0,120850.0,152950.0
2025,30620,151231,40.0,42540.0,48720.0,64440.0,74140.0,87700.0
2025,30620,151232,110.0,34990.0,40680.0,49980.0,66330.0,83190.0
2025,30620,151244,80.0,57070.0,65700.0,80510.0,98700.0,125720.0
2025,30620,151252,140.0,74030.0,91560.0,114600.0,154460.0,175250.0
2025,30620,170000,790.0,58250.0,76370.0,98980.0,120110.0,142340.0
2025,30620,190000,500.0,46420.0,52040.0,65910.0,94580.0,110460.0
2025,30620,210000,1000.0,35990.0,43880.0,50020.0,62150.0,78180.0
2025,30620,230000,160.0,38540.0,46950.0,72350.0,96800.0,180860.0
2025,30620,250000,2800.0,29290.0,39540.0,59530.0,77850.0,95510.0
2025,30620,270000,450.0,28110.0,34480.0,44060.0,60010.0,77120.0
2025,30620,290000,4530.0,45960.0,62090.0,79560.0,97350.0,142230.0
2025,30620,310000,2390.0,29970.0,33170.0,37220.0,44680.0,53930.0
2025,30620,330000,1040.0,29940.0,46000.0,58370.0,68060.0,75200.0
2025,30620,350000,4850.0,23230.0,26840.0,28800.0,35900.0,45150.0
2025,30620,370000,1460.0,27510.0,29660.0,35170.0,40080.0,47140.0
2025,30620,390000,710.0,23260.0,25760.0,29880.0,38830.0,55460.0
2025,30620,410000,4030.0,23770.0,27660.0,34230.0,47480.0,74590.0
2025,30620,430000,4990.0,30170.0,36790.0,44230.0,52500.0,65600.0
2025,30620,450000,50.0,24950.0,35010.0,50210.0,53880.0,57420.0
2025,30620,470000,1640.0,39480.0,48090.0,60710.0,84690.0,101420.0
2025,30620,490000,2250.0,36470.0,45790.0,59280.0,74020.0,86950.0
2025,30620,510000,6170.0,35120.0,38510.0,48320.0,69030.0,85790.0
2025,30620,530000,4630.0,28450.0,33120.0,38710.0,49700.0,61690.0
2025,31140,000000,685190.0,29410.0,36960.0,48370.0,72040.0,101860.0
2025,31140,110000,41960.0,50840.0,73730.0,105630.0,156190.0,209310.0
2025,31140,113021,1280.0,93750.0,113390.0,150710.0,180130.0,220850.0
2025,31140,130000,33040.0,46510.0,58420.0,73440.0,96390.0,122710.0
2025,31140,150000,14560.0,47460.0,62850.0,86670.0,124290.0,157150.0
2025,31140,151211,2340.0,59350.0,76190.0,97970.0,130240.0,180450.0
2025,31140,151231,660.0,49260.0,59730.0,73160.0,94240.0,126400.0
2025,31140,151232,3310.0,37520.0,46120.0,57620.0,70390.0,83140.0
2025,31140,151241,620.0,62850.0,71810.0,101040.0,130240.0,169300.0
2025,31140,151242,190.0,52070.0,66880.0,96850.0,129170.0,141030.0
2025,31140,151244,990.0,62080.0,77200.0,96110.0,126120.0,184490.0
2025,31140,151251,,66260.0,86040.0,105050.0,128350.0,140460.0
2025,31140,151252,2770.0,77750.0,93190.0,110270.0,135380.0,163350.0
2025,31140,151299,590.0,39510.0,51630.0,76900.0,114950.0,147500.0
2025,31140,152051,650.0,64100.0,79350.0,99980.0,129380.0,164110.0
2025,31140,170000,9000.0,49920.0,64270.0,84320.0,111400.0,135290.0
2025,31140,190000,3680.0,47950.0,55290.0,76400.0,99580.0,134800.0
2025,31140,210000,10230.0,36850.0,44380.0,55710.0,73850.0,93800.0
2025,31140,230000,3880.0,48370.0,61270.0,80040.0,132500.0,172920.0
2025,31140,250000,29700.0,30010.0,42650.0,60090.0,79650.0,92760.0
2025,31140,270000,6870.0,29050.0,36650.0,50350.0,69200.0,94660.0
2025,31140,290000,48350.0,44850.0,62410.0,81450.0,105500.0,160100.0
2025,31140,310000,28540.0,30230.0,35740.0,41240.0,46760.0,55640.0
2025,31140,330000,13360.0,30010.0,35650.0,44090.0,61690.0,77970.0
2025,31140,350000,59950.0,21430.0,25830.0,29850.0,36730.0,46770.0
2025,31140,370000,18470.0,28510.0,30570.0,36310.0,44340.0,50410.0
2025,31140,390000,12120.0,21750.0,27780.0,33190.0,43310.0,58050.0
2025,31140,410000,57990.0,24760.0,29500.0,36430.0,58270.0,90200.0
2025,31140,430000,85080.0,31600.0,37870.0,45920.0,55560.0,68540.0
2025,31140,450000,380.0,28010.0,31700.0,36390.0,46530.0,57390.0
2025,31140,470000,26810.0,38550.0,47020.0,59140.0,76410.0,89340.0
2025,31140,490000,30710.0,36860.0,46110.0,60060.0,75430.0,92360.0
2025,31140,510000,60110.0,35230.0,39540.0,48440.0,61200.0,68120.0
2025,31140,530000,90400.0,33260.0,37600.0,46830.0,57890.0,77420.0
2025,31140,151212,650.0,60750.0,84030.0,106760.0,135790.0,160100.0
2025,31140,151243,150.0,81970.0,106440.0,125890.0,155570.0,174150.0
2025,31140,151253,,47190.0,63850.0,79040.0,102340.0,126110.0
2025,31140,152031,280.0,63890.0,67780.0,81530.0,102080.0,119220.0
2025,31140,152041,80.0,88100.0,98920.0,112540.0,122930.0,141130.0
2025,31140,151254,90.0,54190.0,67510.0,80870.0,108720.0,144870.0
2025,31140,151255,290.0,53420.0,67540.0,76280.0,93600.0,135760.0
2025,31900,000000,48770.0,27390.0,34220.0,44700.0,62680.0,90210.0
2025,31900,110000,2930.0,47300.0,63090.0,91800.0,124880.0,168020.0
2025,31900,113021,50.0,78530.0,97250.0,126410.0,171450.0,213660.0
2025,31900,130000,1580.0,39910.0,49990.0,65300.0,83620.0,107950.0
2025,31900,150000,510.0,43180.0,53260.0,71970.0,98250.0,128750.0
2025,31900,151211,50.0,,,,,
2025,31900,151231,70.0,43000.0,49360.0,60160.0,74520.0,91250.0
2025,31900,151232,110.0,36410.0,43180.0,48520.0,64040.0,75280.0
2025,31900,151244,70.0,48040.0,50810.0,66980.0,83300.0,101100.0
2025,31900,151252,90.0,59200.0,73470.0,99560.0,129800.0,167440.0
2025,31900,151299,50.0,65600.0,79770.0,87480.0,101770.0,121040.0
2025,31900,170000,670.0,47190.0,59590.0,76390.0,96770.0,116830.0
2025,31900,190000,180.0,42350.0,53210.0,74640.0,100540.0,126690.0
2025,31900,210000,1030.0,34620.0,39680.0,48080.0,63550.0,79340.0
2025,31900,230000,150.0,38950.0,47910.0,73180.0,102850.0,156020.0
2025,31900,250000,3090.0,29700.0,40010.0,58860.0,77770.0,93590.0
2025,31900,270000,540.0,28140.0,34630.0,36970.0,49770.0,70800.0
2025,31900,290000,3540.0,40720.0,55320.0,77470.0,101450.0,144560.0
2025,31900,310000,2090.0,28380.0,30440.0,36230.0,40740.0,46010.0
2025,31900,330000,1550.0,33670.0,47940.0,58410.0,68060.0,76150.0
2025,31900,350000,5010.0,22800.0,25870.0,28560.0,35740.0,45490.0
2025,31900,370000,1240.0,26060.0,28610.0,35340.0,39220.0,47400.0
2025,31900,390000,750.0,22740.0,25880.0,29740.0,36680.0,49940.0
2025,31900,410000,4490.0,23400.0,27150.0,31100.0,42450.0,64580.0
2025,31900,430000,5140.0,28970.0,34750.0,43010.0,50230.0,63920.0
2025,31900,450000,40.0,26330.0,28110.0,30820.0,37490.0,55050.0
2025,31900,470000,1600.0,38260.0,46390.0,57750.0,74720.0,85610.0
2025,31900,490000,2130.0,34960.0,43670.0,56930.0,67450.0,80480.0
2025,31900,510000,6010.0,33330.0,36850.0,43850.0,53140.0,62670.0
2025,31900,530000,4500.0,28090.0,31950.0,38280.0,48270.0,62020.0
2025,34620,000000,44740.0,27410.0,34100.0,44110.0,62310.0,91410.0
2025,34620,110000,2480.0,51780.0,72370.0,96740.0,132400.0,185190.0
2025,34620,113021,120.0,80790.0,97560.0,127880.0,160470.0,218540.0
2025,34620,130000,1810.0,39560.0,49150.0,62130.0,82910.0,105560.0
2025,34620,150000,690.0,45120.0,57240.0,74980.0,99380.0,124990.0
2025,34620,151211,100.0,54600.0,66320.0,79390.0,96110.0,124980.0
2025,34620,151231,60.0,43040.0,46120.0,68280.0,85500.0,107760.0
2025,34620,151232,200.0,38750.0,45110.0,51200.0,62110.0,79600.0
2025,34620,151244,50.0,51950.0,65390.0,78170.0,98300.0,119540.0
2025,34620,151252,120.0,65030.0,79750.0,99380.0,119870.0,160470.0
2025,34620,152051,30.0,59780.0,75440.0,82160.0,103930.0,127970.0
2025,34620,170000,390.0,51750.0,63150.0,81390.0,98310.0,115670.0
2025,34620,190000,190.0,42400.0,46940.0,63610.0,81290.0,110640.0
2025,34620,210000,960.0,36110.0,42210.0,47700.0,58160.0,72630.0
2025,34620,230000,170.0,,,,,
2025,34620,250000,3300.0,30390.0,44150.0,59240.0,75850.0,96250.0
2025,34620,270000,370.0,30540.0,39420.0,47320.0,64330.0,87540.0
2025,34620,290000,3690.0,38120.0,54840.0,77560.0,98530.0,135280.0
2025,34620,310000,2450.0,29900.0,35350.0,36140.0,43200.0,47130.0
2025,34620,330000,800.0,29120.0,36720.0,61160.0,71920.0,75580.0
2025,34620,350000,5190.0,20290.0,22940.0,28110.0,34360.0,40580.0
2025,34620,370000,2090.0,28660.0,33330.0,37900.0,42420.0,47200.0
2025,34620,390000,940.0,22040.0,26980.0,30800.0,37800.0,46650.0
2025,34620,410000,4560.0,22900.0,27630.0,34160.0,44960.0,72200.0
2025,34620,430000,5010.0,30450.0,35880.0,41540.0,49020.0,62080.0
2025,34620,470000,1270.0,38320.0,45750.0,56310.0,73050.0,83220.0
2025,34620,490000,1720.0,34560.0,42850.0,51100.0,64130.0,77710.0
2025,34620,510000,3200.0,31840.0,37180.0,45240.0,54080.0,67200.0
2025,34620,530000,3460.0,27570.0,30880.0,36850.0,47470.0,66620.0
2025,36980,000000,49450.0,27080.0,33070.0,44960.0,63340.0,86280.0
2025,36980,110000,2700.0,46730.0,61140.0,93130.0,128100.0,173630.0
2025,36980,113021,40.0,90680.0,106890.0,138480.0,183060.0,207260.0
2025,36980,130000,1840.0,42840.0,51590.0,66520.0,85890.0,111550.0
2025,36980,150000,530.0,50290.0,62490.0,79540.0,106880.0,140630.0
2025,36980,151211,60.0,47710.0,61350.0,86470.0,116680.0,143210.0
2025,36980,151232,150.0,42320.0,55000.0,62490.0,77720.0,91120.0
2025,36980,151244,50.0,55060.0,75450.0,94060.0,110090.0,151010.0
2025,36980,151252,90.0,75380.0,93300.0,102010.0,143960.0,160160.0
2025,36980,170000,420.0,50310.0,68530.0,85700.0,106320.0,129580.0
2025,36980,190000,290.0,43720.0,54920.0,71840.0,86620.0,107530.0
2025,36980,210000,980.0,31460.0,37940.0,48780.0,67110.0,79610.0
2025,36980,230000,190.0,46420.0,59050.0,75590.0,127150.0,158580.0
2025,36980,250000,2840.0,28200.0,35890.0,49350.0,63890.0,75350.0
2025,36980,270000,350.0,29320.0,31910.0,41380.0,54690.0,78420.0
2025,36980,290000,4140.0,39910.0,61750.0,81270.0,104000.0,140970.0
2025,36980,310000,2990.0,29840.0,32850.0,37720.0,44890.0,48440.0
2025,36980,330000,1130.0,30080.0,31440.0,38730.0,55730.0,71670.0
2025,36980,350000,4860.0,20500.0,22740.0,27960.0,34060.0,42630.0
2025,36980,370000,1590.0,24020.0,29030.0,31430.0,36600.0,44910.0
2025,36980,390000,760.0,19040.0,26200.0,29150.0,36100.0,46360.0
2025,36980,410000,4310.0,22400.0,27120.0,32690.0,46350.0,72400.0
2025,36980,430000,5750.0,29700.0,35570.0,43360.0,51130.0,64560.0
2025,36980,450000,40.0,23080.0,31580.0,44010.0,52920.0,84790.0
2025,36980,470000,1860.0,36000.0,41340.0,50290.0,63590.0,80070.0
2025,36980,490000,2290.0,34750.0,43650.0,57840.0,73170.0,83220.0
2025,36980,510000,4770.0,30670.0,37580.0,49430.0,61250.0,67690.0
2025,36980,530000,4840.0,29190.0,33570.0,40100.0,51030.0,62010.0
2025,37620,000000,36280.0,24250.0,30010.0,42000.0,63230.0,97620.0
2025,37620,110000,1970.0,47450.0,63860.0,92200.0,134020.0,188010.0
2025,37620,113021,30.0,76630.0,109990.0,152860.0,168170.0,207760.0
2025,37620,130000,2410.0,45460.0,62130.0,91560.0,108890.0,126440.0
2025,37620,150000,590.0,51340.0,74400.0,100420.0,121900.0,139510.0
2025,37620,151232,70.0,43100.0,47120.0,55910.0,65890.0,88590.0
2025,37620,151244,30.0,52110.0,59960.0,71670.0,91670.0,142110.0
2025,37620,151299,350.0,81970.0,97470.0,106330.0,122930.0,139090.0
2025,37620,170000,470.0,52240.0,72580.0,95570.0,131080.0,165770.0
2025,37620,190000,260.0,41820.0,53280.0,69930.0,93060.0,115920.0
2025,37620,210000,780.0,30200.0,37950.0,46040.0,58970.0,69410.0
2025,37620,230000,360.0,39460.0,54690.0,81330.0,100420.0,125940.0
2025,37620,250000,2020.0,29520.0,46440.0,49630.0,57170.0,62010.0
2025,37620,270000,210.0,27610.0,32640.0,38340.0,60410.0,91170.0
2025,37620,290000,2740.0,38210.0,52300.0,77300.0,100720.0,150350.0
2025,37620,310000,2250.0,24690.0,26920.0,29710.0,36660.0,43870.0
2025,37620,330000,630.0,22860.0,30690.0,45790.0,53140.0,62860.0
2025,37620,350000,3780.0,21410.0,22480.0,27060.0,33170.0,43790.0
2025,37620,370000,950.0,23150.0,27180.0,30270.0,36310.0,43680.0
2025,37620,390000,580.0,20990.0,24450.0,28990.0,35480.0,45750.0
2025,37620,410000,3860.0,21730.0,23920.0,29250.0,37500.0,56910.0
2025,37620,430000,3700.0,28090.0,32070.0,38650.0,48390.0,61610.0
2025,37620,450000,40.0,24070.0,27610.0,36080.0,55980.0,73210.0
2025,37620,470000,1620.0,34570.0,39020.0,48370.0,61690.0,75600.0
2025,37620,490000,1750.0,30110.0,36700.0,48170.0,76070.0,93670.0
2025,37620,510000,2240.0,30440.0,36380.0,43610.0,65540.0,92620.0
2025,37620,530000,3080.0,26710.0,30880.0,35940.0,44840.0,57330.0
2025,44220,000000,45860.0,27910.0,35220.0,45470.0,65150.0,91510.0
2025,44220,110000,2700.0,49390.0,65960.0,93760.0,127120.0,170620.0
2025,44220,113021,60.0,76030.0,102860.0,125460.0,160780.0,199740.0
2025,44220,130000,1660.0,39990.0,50110.0,67810.0,90970.0,118870.0
2025,44220,150000,730.0,44380.0,60380.0,78060.0,104750.0,133800.0
2025,44220,151211,130.0,64160.0,71040.0,82730.0,114160.0,153180.0
2025,44220,151231,60.0,48380.0,62660.0,65940.0,102500.0,127780.0
2025,44220,151232,130.0,37220.0,45810.0,50680.0,62610.0,83540.0
2025,44220,151244,70.0,53190.0,62590.0,82260.0,105360.0,143900.0
2025,44220,151251,40.0,,,,,
2025,44220,151252,80.0,73260.0,94380.0,118150.0,133000.0,155520.0
2025,44220,151299,60.0,,,,,
2025,44220,170000,480.0,50990.0,62380.0,76580.0,101780.0,127650.0
2025,44220,190000,160.0,48380.0,58750.0,76690.0,92540.0,108230.0
2025,44220,210000,800.0,36120.0,42780.0,50500.0,63090.0,78540.0
2025,44220,230000,150.0,39450.0,55580.0,78360.0,103160.0,177440.0
2025,44220,250000,3380.0,31750.0,43040.0,60380.0,79010.0,93480.0
2025,44220,270000,360.0,29280.0,36640.0,45620.0,62280.0,84130.0
2025,44220,290000,3260.0,40350.0,57510.0,77380.0,95770.0,134060.0
2025,44220,310000,1920.0,30020.0,35160.0,37590.0,42520.0,46960.0
2025,44220,330000,720.0,27760.0,37540.0,51220.0,75010.0,81480.0
2025,44220,350000,4760.0,22870.0,26860.0,28520.0,35420.0,44550.0
2025,44220,370000,1250.0,27050.0,30180.0,35340.0,40270.0,47460.0
2025,44220,390000,640.0,23260.0,27430.0,31260.0,38070.0,50480.0
2025,44220,410000,3640.0,24110.0,27730.0,34130.0,49300.0,70890.0
2025,44220,430000,5490.0,31740.0,37310.0,43920.0,49920.0,63420.0
2025,44220,450000,40.0,29190.0,32640.0,37340.0,47000.0,59080.0
2025,44220,470000,990.0,37760.0,45700.0,57050.0,71910.0,82520.0
2025,44220,490000,2110.0,35770.0,44990.0,57680.0,70720.0,79080.0
2025,44220,510000,5190.0,32480.0,37290.0,45180.0,62460.0,66670.0
2025,44220,530000,5440.0,29240.0,34300.0,38490.0,49970.0,68070.0
2025,44220,152031,,40470.0,49290.0,63620.0,77660.0,96260.0
2025,45460,000000,65120.0,26870.0,33440.0,44870.0,62710.0,88210.0
2025,45460,110000,2940.0,52000.0,71700.0,97810.0,130540.0,178650.0
2025,45460,113021,90.0,83720.0,95500.0,125570.0,164020.0,209410.0
2025,45460,130000,2320.0,40870.0,49340.0,63200.0,82850.0,107580.0
2025,45460,150000,710.0,45130.0,56860.0,77310.0,103720.0,119430.0
2025,45460,151211,110.0,64560.0,77900.0,103720.0,103960.0,104980.0
2025,45460,151231,70.0,45130.0,56630.0,75190.0,89770.0,114530.0
2025,45460,151232,170.0,34330.0,44180.0,50160.0,61850.0,77490.0
2025,45460,151244,50.0,62700.0,75650.0,80880.0,101710.0,123780.0
2025,45460,151252,110.0,73830.0,80550.0,107770.0,124780.0,152930.0
2025,45460,151299,40.0,46630.0,74530.0,86940.0,97470.0,112260.0
2025,45460,152051,50.0,48140.0,61660.0,77220.0,92220.0,103020.0
2025,45460,170000,670.0,50290.0,63980.0,80820.0,102250.0,125400.0
2025,45460,190000,490.0,42100.0,51350.0,68850.0,91170.0,117130.0
2025,45460,210000,1530.0,35060.0,36700.0,47310.0,58720.0,75250.0
2025,45460,230000,390.0,43810.0,52330.0,90280.0,166690.0,225720.0
2025,45460,250000,4180.0,28850.0,37220.0,51030.0,70780.0,96100.0
2025,45460,270000,570.0,29820.0,37750.0,49160.0,67350.0,104160.0
2025,45460,290000,4470.0,39540.0,55660.0,74590.0,91140.0,125780.0
2025,45460,310000,3290.0,28990.0,33530.0,35540.0,38050.0,45360.0
2025,45460,330000,2270.0,33050.0,42010.0,53160.0,60120.0,74230.0
2025,45460,350000,6990.0,19540.0,22760.0,27680.0,33570.0,39440.0
2025,45460,370000,1730.0,27340.0,29500.0,35130.0,39420.0,46700.0
2025,45460,390000,1250.0,21520.0,22780.0,28580.0,36800.0,50500.0
2025,45460,410000,5940.0,22400.0,27200.0,30470.0,42940.0,64330.0
2025,45460,430000,6600.0,29010.0,35250.0,42390.0,50870.0,63350.0
2025,45460,450000,80.0,34870.0,41360.0,46260.0,53880.0,61550.0
2025,45460,470000,3320.0,38860.0,47280.0,64070.0,77650.0,96140.0
2025,45460,490000,3270.0,35460.0,42740.0,55070.0,71000.0,83800.0
2025,45460,510000,6350.0,33520.0,37850.0,46090.0,58000.0,67460.0
2025,45460,530000,5780.0,27860.0,31000.0,40030.0,50590.0,60830.0
2025,45780,000000,291530.0,28970.0,36480.0,48220.0,74310.0,99970.0
2025,45780,110000,19110.0,51340.0,72730.0,101010.0,140180.0,198540.0
2025,45780,113021,510.0,94770.0,115630.0,145080.0,176640.0,223900.0
2025,45780,130000,12770.0,45280.0,56280.0,74030.0,96550.0,126790.0
2025,45780,150000,3970.0,48560.0,62700.0,82480.0,111790.0,143220.0
2025,45780,151211,480.0,62260.0,77360.0,91950.0,111870.0,139890.0
2025,45780,151231,280.0,44280.0,51780.0,65560.0,78380.0,99990.0
2025,45780,151232,690.0,37440.0,46780.0,58830.0,71720.0,79870.0
2025,45780,151241,160.0,70200.0,96540.0,122770.0,151680.0,181790.0
2025,45780,151242,60.0,46740.0,53360.0,77200.0,120690.0,138340.0
2025,45780,151244,590.0,58380.0,73060.0,84130.0,110070.0,137740.0
2025,45780,151251,100.0,49120.0,71650.0,79770.0,98230.0,147390.0
2025,45780,151252,880.0,71630.0,84560.0,104360.0,133110.0,166330.0
2025,45780,151299,110.0,45140.0,45140.0,64430.0,87880.0,108720.0
2025,45780,152051,150.0,37650.0,62210.0,82000.0,107480.0,146670.0
2025,45780,170000,5580.0,52000.0,68190.0,84890.0,108320.0,132730.0
2025,45780,190000,1650.0,47160.0,60800.0,77190.0,100170.0,122290.0
2025,45780,210000,5140.0,37000.0,45280.0,56170.0,66030.0,80520.0
2025,45780,230000,1410.0,47270.0,59670.0,91400.0,141160.0,218660.0
2025,45780,250000,19850.0,31430.0,43680.0,60740.0,80910.0,99050.0
2025,45780,270000,2880.0,29810.0,37440.0,48660.0,69470.0,100320.0
2025,45780,290000,21650.0,46990.0,63160.0,79900.0,101050.0,150380.0
2025,45780,310000,13370.0,30020.0,34840.0,37530.0,44450.0,54490.0
2025,45780,330000,6160.0,29970.0,35140.0,56160.0,75590.0,93060.0
2025,45780,350000,27910.0,23140.0,26740.0,29720.0,36730.0,47060.0
2025,45780,370000,8240.0,28080.0,30510.0,35810.0,43680.0,49400.0
2025,45780,390000,4930.0,23230.0,27500.0,31060.0,41130.0,57190.0
2025,45780,410000,22820.0,25700.0,28650.0,35560.0,50360.0,77930.0
2025,45780,430000,29130.0,31110.0,37520.0,45910.0,56570.0,69970.0
2025,45780,450000,470.0,26970.0,32350.0,39020.0,40670.0,51360.0
2025,45780,470000,10920.0,42780.0,49130.0,64960.0,79500.0,99850.0
2025,45780,490000,12710.0,37440.0,46980.0,60610.0,75720.0,90500.0
2025,45780,510000,29130.0,35500.0,39430.0,48580.0,64740.0,76320.0
2025,45780,530000,31740.0,30090.0,36510.0,43320.0,51370.0,67450.0
2025,45780,151212,150.0,60010.0,77540.0,103720.0,136370.0,170310.0
2025,45780,151243,30.0,68360.0,81140.0,118800.0,150680.0,189520.0
2025,45780,151253,80.0,44360.0,61840.0,94160.0,104060.0,129280.0
2025,45780,152031,30.0,56580.0,70400.0,80360.0,107200.0,128990.0
2025,45780,151254,80.0,52650.0,64550.0,75380.0,98980.0,127920.0
2025,45780,151255,70.0,41250.0,57890.0,72860.0,90600.0,156710.0
