cbsa,occ,employment,p10,p25,p50,p75,p90,occupation
14020,000000,73240.0,28570.0,35900.0,47660.0,73020.0,104000.0,All Occupations
14020,110000,3530.0,57490.0,78360.0,113870.0,169100.0,226310.0,Management Occupations
14020,111011,80.0,107160.0,139710.0,235900.0,389590.0,394130.0,Chief Executives
14020,111021,820.0,51550.0,67630.0,101310.0,165730.0,256460.0,General and Operations Managers
14020,112021,50.0,70520.0,95740.0,139800.0,192070.0,225010.0,Marketing Managers
14020,112022,160.0,65340.0,88010.0,139280.0,203680.0,261700.0,Sales Managers
14020,113012,200.0,51230.0,85210.0,109020.0,144990.0,187970.0,Administrative Services Managers
14020,113013,60.0,67040.0,88030.0,104940.0,141450.0,198070.0,Facilities Managers
14020,113021,190.0,94840.0,125420.0,165680.0,180450.0,226550.0,Computer and Information Systems Managers
14020,113031,270.0,76540.0,95320.0,134540.0,179720.0,226190.0,Financial Managers
14020,113051,230.0,90090.0,104210.0,143270.0,174870.0,212540.0,Industrial Production Managers
14020,113071,60.0,58600.0,71480.0,100420.0,143550.0,167060.0,"Transportation, Storage, and Distribution Managers"
14020,113121,60.0,78960.0,98520.0,129580.0,171840.0,227540.0,Human Resources Managers
14020,119021,100.0,64990.0,91950.0,104710.0,137880.0,181700.0,Construction Managers
14020,119032,130.0,51530.0,76790.0,92590.0,99900.0,125440.0,"Education Administrators, Kindergarten through Secondary"
14020,119041,110.0,116470.0,131840.0,157610.0,173670.0,199980.0,Architectural and Engineering Managers
14020,119051,110.0,46800.0,57190.0,69810.0,92450.0,97850.0,Food Service Managers
14020,119111,270.0,74800.0,82180.0,105640.0,127360.0,170110.0,Medical and Health Services Managers
14020,119121,40.0,126100.0,133310.0,160260.0,160340.0,221730.0,Natural Sciences Managers
14020,119141,160.0,39520.0,47920.0,59470.0,74440.0,109410.0,"Property, Real Estate, and Community Association Managers"
14020,119151,80.0,47780.0,59870.0,74060.0,85810.0,98020.0,Social and Community Service Managers
14020,119199,50.0,51060.0,77330.0,124690.0,158090.0,167260.0,"Managers, All Other"
14020,130000,3660.0,46580.0,55790.0,72020.0,96990.0,122080.0,Business and Financial Operations Occupations
14020,131020,220.0,48820.0,59240.0,77760.0,95540.0,117000.0,Buyers and Purchasing Agents
14020,131031,70.0,59530.0,77330.0,92410.0,98930.0,116270.0,"Claims Adjusters, Examiners, and Investigators"
14020,131041,160.0,49830.0,67440.0,82450.0,108000.0,145940.0,Compliance Officers
14020,131051,70.0,52810.0,64990.0,76450.0,89810.0,113180.0,Cost Estimators
14020,131071,320.0,45350.0,51850.0,66750.0,84800.0,104110.0,Human Resources Specialists
14020,131081,50.0,57700.0,63990.0,82390.0,101600.0,111100.0,Logisticians
14020,131082,360.0,52750.0,67310.0,83800.0,110040.0,132360.0,Project Management Specialists
14020,131111,160.0,47620.0,67650.0,95570.0,137760.0,149990.0,Management Analysts
14020,131121,70.0,35240.0,39050.0,44200.0,59170.0,70540.0,"Meeting, Convention, and Event Planners"
14020,131131,150.0,,,,,,Fundraisers
14020,131141,30.0,33550.0,60750.0,70450.0,84260.0,114030.0,"Compensation, Benefits, and Job Analysis Specialists"
14020,131151,120.0,37890.0,48940.0,62300.0,89830.0,113910.0,Training and Development Specialists
14020,131161,280.0,34950.0,47740.0,62130.0,85260.0,106650.0,Market Research Analysts and Marketing Specialists
14020,131199,410.0,52560.0,52560.0,66300.0,84160.0,109470.0,"Business Operations Specialists, All Other"
14020,132011,480.0,49250.0,62460.0,76640.0,100490.0,122440.0,Accountants and Auditors
14020,132020,290.0,52590.0,61420.0,66240.0,84800.0,107380.0,Property Appraisers and Assessors
14020,132051,80.0,66670.0,67840.0,83710.0,98470.0,115330.0,Financial and Investment Analysts
14020,132052,,43710.0,48380.0,94040.0,134430.0,213700.0,Personal Financial Advisors
14020,132072,90.0,46290.0,51820.0,62720.0,93840.0,120860.0,Loan Officers
14020,150000,2420.0,52210.0,65820.0,85460.0,106900.0,133180.0,Computer and Mathematical Occupations
14020,151211,230.0,64720.0,83740.0,107370.0,133180.0,133490.0,Computer Systems Analysts
14020,151231,110.0,44580.0,47310.0,63860.0,87680.0,121220.0,Computer Network Support Specialists
14020,151232,600.0,41150.0,47830.0,55940.0,70600.0,96880.0,Computer User Support Specialists
14020,151241,50.0,81420.0,85440.0,131620.0,165590.0,183060.0,Computer Network Architects
14020,151242,100.0,69550.0,87620.0,104360.0,110170.0,144520.0,Database Administrators
14020,151244,70.0,64910.0,75380.0,89020.0,113620.0,137440.0,Network and Computer Systems Administrators
14020,151251,360.0,67890.0,67890.0,85580.0,109840.0,109840.0,Computer Programmers
14020,151252,220.0,75040.0,82250.0,99990.0,131090.0,169580.0,Software Developers
14020,151299,30.0,53680.0,73180.0,92410.0,126010.0,163380.0,"Computer Occupations, All Other"
14020,152051,50.0,50270.0,58750.0,83020.0,101160.0,129130.0,Data Scientists
14020,170000,1650.0,52700.0,65330.0,80800.0,103680.0,129390.0,Architecture and Engineering Occupations
14020,171011,30.0,43100.0,66810.0,86900.0,101680.0,133800.0,"Architects, Except Landscape and Naval"
14020,172031,130.0,79820.0,101780.0,103830.0,130580.0,163380.0,Bioengineers and Biomedical Engineers
14020,172051,80.0,77510.0,80520.0,102600.0,129700.0,160710.0,Civil Engineers
14020,172071,90.0,67220.0,80210.0,97350.0,128310.0,149800.0,Electrical Engineers
14020,172112,490.0,61490.0,80800.0,97770.0,101330.0,129390.0,Industrial Engineers
14020,172141,90.0,66460.0,78950.0,97830.0,124010.0,149800.0,Mechanical Engineers
14020,173011,80.0,42180.0,48640.0,52410.0,73970.0,80070.0,Architectural and Civil Drafters
14020,173026,190.0,50020.0,62320.0,62500.0,77260.0,82070.0,Industrial Engineering Technologists and Technicians
14020,173031,30.0,37610.0,45400.0,59730.0,60700.0,74640.0,Surveying and Mapping Technicians
14020,190000,1500.0,46800.0,52600.0,68670.0,84900.0,114030.0,"Life, Physical, and Social Science Occupations"
14020,191042,50.0,62950.0,75140.0,94350.0,129850.0,162100.0,"Medical Scientists, Except Epidemiologists"
14020,192031,190.0,59590.0,60450.0,77080.0,95450.0,127010.0,Chemists
14020,192041,30.0,46800.0,59680.0,65180.0,73920.0,86430.0,"Environmental Scientists and Specialists, Including Health"
14020,193033,80.0,53220.0,66790.0,84190.0,95350.0,125520.0,Clinical and Counseling Psychologists
14020,193039,30.0,48670.0,88100.0,131890.0,139470.0,170770.0,"Psychologists, All Other"
14020,193051,30.0,42490.0,42490.0,63770.0,68140.0,91130.0,Urban and Regional Planners
14020,194021,30.0,49370.0,50890.0,64570.0,79920.0,99220.0,Biological Technicians
14020,194031,90.0,40560.0,51600.0,61640.0,72250.0,72930.0,Chemical Technicians
14020,195011,60.0,48140.0,66090.0,83000.0,115300.0,125840.0,Occupational Health and Safety Specialists
14020,195012,30.0,50000.0,50020.0,53160.0,53180.0,59560.0,Occupational Health and Safety Technicians
14020,210000,2050.0,36410.0,45360.0,52100.0,66340.0,84770.0,Community and Social Service Occupations
14020,211012,170.0,54240.0,67790.0,74940.0,92730.0,106310.0,"Educational, Guidance, and Career Counselors and Advisors"
14020,211015,100.0,33340.0,34800.0,41270.0,41270.0,47310.0,Rehabilitation Counselors
14020,211018,960.0,44720.0,52100.0,52710.0,66340.0,84630.0,"Substance Abuse, Behavioral Disorder, and Mental Health Counselors"
14020,211021,140.0,36700.0,44320.0,48730.0,58230.0,70750.0,"Child, Family, and School Social Workers"
14020,211022,90.0,47250.0,57270.0,65080.0,79560.0,93190.0,Healthcare Social Workers
14020,211023,30.0,44390.0,45270.0,58880.0,82520.0,87500.0,Mental Health and Substance Abuse Social Workers
14020,211091,50.0,31670.0,43320.0,59520.0,78160.0,92920.0,Health Education Specialists
14020,211092,90.0,48620.0,56830.0,76190.0,93830.0,93830.0,Probation Officers and Correctional Treatment Specialists
14020,211093,310.0,29530.0,34850.0,39430.0,46550.0,56560.0,Social and Human Service Assistants
14020,230000,380.0,43730.0,59310.0,81340.0,127160.0,183390.0,Legal Occupations
14020,231011,210.0,67350.0,83990.0,103460.0,171040.0,209280.0,Lawyers
14020,232011,130.0,41310.0,43730.0,58850.0,67510.0,79660.0,Paralegals and Legal Assistants
14020,250000,6170.0,31560.0,45720.0,65180.0,101360.0,138200.0,Educational Instruction and Library Occupations
14020,251011,510.0,51640.0,83380.0,108060.0,176780.0,228770.0,"Business Teachers, Postsecondary"
14020,251071,150.0,64690.0,64690.0,110580.0,171640.0,300420.0,"Health Specialties Teachers, Postsecondary"
14020,251121,370.0,51370.0,63870.0,84830.0,107590.0,133080.0,"Art, Drama, and Music Teachers, Postsecondary"
14020,251194,40.0,25130.0,34010.0,49140.0,80550.0,80550.0,"Career/Technical Education Teachers, Postsecondary"
14020,251199,60.0,48720.0,67190.0,83880.0,105560.0,134380.0,"Postsecondary Teachers, All Other"
14020,252011,160.0,29170.0,29710.0,35400.0,39120.0,46880.0,"Preschool Teachers, Except Special Education"
14020,252021,450.0,45720.0,47310.0,58410.0,61240.0,75600.0,"Elementary School Teachers, Except Special Education"
14020,252031,350.0,45270.0,49520.0,58630.0,76690.0,80140.0,"Secondary School Teachers, Except Special and Career/Technical Education"
14020,252052,120.0,44820.0,48920.0,57230.0,75130.0,77880.0,"Special Education Teachers, Kindergarten and Elementary School"
14020,253021,80.0,24180.0,29080.0,36980.0,41960.0,62210.0,Self-Enrichment Teachers
14020,253031,230.0,27850.0,31000.0,35030.0,37200.0,47270.0,"Substitute Teachers, Short-Term"
14020,253099,40.0,29500.0,38200.0,47840.0,58930.0,76850.0,"Teachers and Instructors, All Other"
14020,254022,160.0,48270.0,63280.0,65720.0,81970.0,81970.0,Librarians and Media Collections Specialists
14020,254031,60.0,28080.0,31310.0,39090.0,39090.0,39090.0,Library Technicians
14020,259045,520.0,24000.0,28520.0,31600.0,35570.0,44100.0,"Teaching Assistants, Except Postsecondary"
14020,270000,1320.0,32530.0,46450.0,61900.0,81010.0,110780.0,"Arts, Design, Entertainment, Sports, and Media Occupations"
14020,271024,30.0,40120.0,45200.0,48740.0,73520.0,97710.0,Graphic Designers
14020,271026,50.0,31000.0,33030.0,36540.0,50250.0,67590.0,Merchandise Displayers and Window Trimmers
14020,272011,60.0,,,,,,Actors
14020,272012,40.0,32100.0,47180.0,55370.0,80930.0,89610.0,Producers and Directors
14020,272022,270.0,27800.0,31850.0,52900.0,106660.0,218810.0,Coaches and Scouts
14020,273011,360.0,52840.0,67450.0,67450.0,84920.0,110780.0,Broadcast Announcers and Radio Disc Jockeys
14020,273031,90.0,42840.0,49530.0,61870.0,80550.0,100180.0,Public Relations Specialists
14020,273092,50.0,47140.0,60340.0,60340.0,60340.0,73280.0,Court Reporters and Simultaneous Captioners
14020,274011,50.0,35800.0,41050.0,43260.0,61910.0,62220.0,Audio and Video Technicians
14020,274012,30.0,35930.0,40950.0,40950.0,50300.0,53340.0,Broadcast Technicians
14020,290000,4660.0,40320.0,59730.0,80370.0,98920.0,137280.0,Healthcare Practitioners and Technical Occupations
14020,291021,40.0,75610.0,95820.0,163400.0,273830.0,302350.0,"Dentists, General"
14020,291031,50.0,53500.0,60460.0,72120.0,78510.0,82330.0,Dietitians and Nutritionists
14020,291051,130.0,113900.0,133880.0,140670.0,165100.0,170080.0,Pharmacists
14020,291071,60.0,88850.0,109340.0,123860.0,130640.0,171800.0,Physician Assistants
14020,291122,70.0,79440.0,83160.0,97480.0,100010.0,118670.0,Occupational Therapists
14020,291123,130.0,78560.0,86200.0,102750.0,106540.0,121350.0,Physical Therapists
14020,291126,90.0,67760.0,76970.0,78100.0,82960.0,96740.0,Respiratory Therapists
14020,291127,40.0,72480.0,83040.0,91950.0,99130.0,118670.0,Speech-Language Pathologists
14020,291131,30.0,72420.0,97580.0,125480.0,162850.0,190280.0,Veterinarians
14020,291141,1630.0,68210.0,80170.0,80370.0,96700.0,98920.0,Registered Nurses
14020,291171,150.0,104460.0,111710.0,127120.0,133360.0,160010.0,Nurse Practitioners
14020,291216,100.0,116010.0,192180.0,307510.0,484830.0,484840.0,General Internal Medicine Physicians
14020,291229,70.0,99360.0,210940.0,340220.0,378890.0,455600.0,"Physicians, All Other"
14020,291292,130.0,64120.0,79280.0,86280.0,95280.0,97340.0,Dental Hygienists
14020,292010,100.0,38900.0,41900.0,45600.0,62380.0,80740.0,Clinical Laboratory Technologists and Technicians
14020,292032,40.0,59630.0,78640.0,82750.0,93010.0,96450.0,Diagnostic Medical Sonographers
14020,292034,140.0,56090.0,60530.0,73130.0,81320.0,91600.0,Radiologic Technologists and Technicians
14020,292035,30.0,43680.0,73300.0,80860.0,84610.0,102960.0,Magnetic Resonance Imaging Technologists
14020,292042,40.0,36220.0,37330.0,37970.0,46380.0,46730.0,Emergency Medical Technicians
14020,292052,240.0,35940.0,36850.0,39270.0,46640.0,52000.0,Pharmacy Technicians
14020,292053,240.0,29040.0,37660.0,40320.0,42970.0,49240.0,Psychiatric Technicians
14020,292055,80.0,52130.0,60010.0,63200.0,73700.0,76320.0,Surgical Technologists
14020,292056,40.0,39140.0,39140.0,45190.0,49570.0,57590.0,Veterinary Technologists and Technicians
14020,292061,310.0,51640.0,57250.0,63200.0,72250.0,74400.0,Licensed Practical and Licensed Vocational Nurses
14020,292072,100.0,38660.0,42640.0,48270.0,61490.0,78860.0,Medical Records Specialists
14020,292081,50.0,35520.0,36690.0,37890.0,46800.0,50870.0,"Opticians, Dispensing"
14020,292099,50.0,36180.0,39280.0,46880.0,60840.0,66470.0,"Health Technologists and Technicians, All Other"
14020,310000,3280.0,30180.0,31750.0,36820.0,40790.0,46640.0,Healthcare Support Occupations
14020,311120,1410.0,29390.0,30420.0,31750.0,35800.0,37950.0,Home Health and Personal Care Aides
14020,311131,830.0,35290.0,36820.0,36820.0,39100.0,44920.0,Nursing Assistants
14020,311133,90.0,29750.0,37460.0,39100.0,40080.0,45650.0,Psychiatric Aides
14020,312012,,36860.0,36860.0,36860.0,37920.0,40790.0,Occupational Therapy Aides
14020,312021,50.0,45670.0,56920.0,61460.0,74060.0,78810.0,Physical Therapist Assistants
14020,319011,40.0,31880.0,38040.0,41350.0,41350.0,65620.0,Massage Therapists
14020,319091,130.0,36010.0,44370.0,48170.0,55840.0,60980.0,Dental Assistants
14020,319092,480.0,37780.0,39160.0,43900.0,45550.0,47340.0,Medical Assistants
14020,319093,50.0,36640.0,40040.0,44880.0,46530.0,57400.0,Medical Equipment Preparers
14020,319096,50.0,29710.0,30000.0,34920.0,37170.0,42610.0,Veterinary Assistants and Laboratory Animal Caretakers
14020,330000,1570.0,26500.0,34210.0,39360.0,59380.0,82700.0,Protective Service Occupations
14020,331012,70.0,32560.0,32560.0,75390.0,97900.0,115560.0,First-Line Supervisors of Police and Detectives
14020,331091,40.0,36970.0,44240.0,50980.0,70070.0,81110.0,First-Line Supervisors of Security Workers
14020,332011,230.0,25710.0,25710.0,37620.0,50990.0,60140.0,Firefighters
14020,333012,100.0,40010.0,43620.0,59380.0,59380.0,73940.0,Correctional Officers and Jailers
14020,333051,270.0,51860.0,56510.0,68170.0,87990.0,103650.0,Police and Sheriff's Patrol Officers
14020,339032,600.0,29110.0,33560.0,35510.0,36490.0,53630.0,Security Guards
14020,339091,30.0,35940.0,35940.0,35940.0,35950.0,36950.0,Crossing Guards and Flaggers
14020,350000,8210.0,20660.0,23740.0,29320.0,36340.0,45090.0,Food Preparation and Serving Related Occupations
14020,351011,100.0,33160.0,42210.0,52760.0,67460.0,88370.0,Chefs and Head Cooks
14020,351012,590.0,30850.0,37790.0,45250.0,55780.0,62930.0,First-Line Supervisors of Food Preparation and Serving Workers
14020,352011,190.0,24330.0,27680.0,29290.0,29890.0,36090.0,"Cooks, Fast Food"
14020,352012,480.0,29170.0,34420.0,37230.0,40480.0,44390.0,"Cooks, Institution and Cafeteria"
14020,352014,930.0,26800.0,29030.0,34910.0,36530.0,43260.0,"Cooks, Restaurant"
14020,352015,60.0,20580.0,20580.0,29030.0,30000.0,33280.0,"Cooks, Short Order"
14020,352021,400.0,23210.0,27130.0,30340.0,36010.0,37650.0,Food Preparation Workers
14020,353011,440.0,17740.0,18700.0,22370.0,29740.0,41840.0,Bartenders
14020,353023,2390.0,21540.0,23300.0,28230.0,33430.0,35370.0,Fast Food and Counter Workers
14020,353031,1620.0,17270.0,20950.0,28540.0,35770.0,46630.0,Waiters and Waitresses
14020,359011,370.0,21310.0,22680.0,29660.0,37480.0,39790.0,Dining Room and Cafeteria Attendants and Bartender Helpers
14020,359021,210.0,22110.0,27570.0,28740.0,33840.0,36340.0,Dishwashers
14020,359031,350.0,19420.0,22200.0,26450.0,29790.0,37090.0,"Hosts and Hostesses, Restaurant, Lounge, and Coffee Shop"
14020,370000,2290.0,28750.0,33280.0,37860.0,40710.0,47720.0,Building and Grounds Cleaning and Maintenance Occupations
14020,371011,90.0,34820.0,42360.0,49870.0,57940.0,64840.0,First-Line Supervisors of Housekeeping and Janitorial Workers
14020,371012,60.0,33380.0,40030.0,53350.0,71990.0,76940.0,"First-Line Supervisors of Landscaping, Lawn Service, and Groundskeeping Workers"
14020,372011,1190.0,29490.0,32450.0,39680.0,40440.0,43550.0,"Janitors and Cleaners, Except Maids and Housekeeping Cleaners"
14020,372012,340.0,28320.0,28650.0,33980.0,36720.0,43270.0,Maids and Housekeeping Cleaners
14020,373011,530.0,31000.0,34050.0,38290.0,45100.0,50180.0,Landscaping and Groundskeeping Workers
14020,390000,1190.0,23120.0,27820.0,30860.0,40150.0,55360.0,Personal Care and Service Occupations
14020,391014,30.0,36020.0,41600.0,44960.0,54160.0,69740.0,"First-Line Supervisors of Entertainment and Recreation Workers, Except Gambling Services"
14020,391022,40.0,37570.0,44030.0,52320.0,83610.0,103460.0,First-Line Supervisors of Personal Service Workers
14020,392011,60.0,39200.0,40290.0,40600.0,62430.0,67310.0,Animal Trainers
14020,392021,170.0,22750.0,27130.0,29720.0,38010.0,39750.0,Animal Caretakers
14020,393091,70.0,20780.0,23180.0,27520.0,29970.0,37010.0,Amusement and Recreation Attendants
14020,395012,120.0,23230.0,26770.0,30360.0,35590.0,45880.0,"Hairdressers, Hairstylists, and Cosmetologists"
14020,399011,170.0,23620.0,28060.0,29510.0,30430.0,35810.0,Childcare Workers
14020,399031,180.0,23900.0,29700.0,38290.0,47580.0,59140.0,Exercise Trainers and Group Fitness Instructors
14020,399032,180.0,22230.0,24840.0,29180.0,34550.0,40150.0,Recreation Workers
14020,399041,40.0,37410.0,39900.0,57080.0,61610.0,71290.0,Residential Advisors
14020,410000,5500.0,24140.0,28570.0,34490.0,47700.0,75900.0,Sales and Related Occupations
14020,411011,440.0,32410.0,37130.0,47150.0,58800.0,71080.0,First-Line Supervisors of Retail Sales Workers
14020,411012,50.0,47630.0,60120.0,73680.0,101260.0,148500.0,First-Line Supervisors of Non-Retail Sales Workers
14020,412011,1390.0,22530.0,27440.0,29120.0,33720.0,36070.0,Cashiers
14020,412021,230.0,24250.0,28290.0,36570.0,43850.0,47670.0,Counter and Rental Clerks
14020,412022,110.0,27110.0,29020.0,36120.0,48050.0,60860.0,Parts Salespersons
14020,412031,1980.0,23550.0,27810.0,30890.0,36320.0,45760.0,Retail Salespersons
14020,413011,60.0,29890.0,40860.0,52950.0,66600.0,85350.0,Advertising Sales Agents
14020,413021,200.0,37480.0,49860.0,61080.0,95750.0,133180.0,Insurance Sales Agents
14020,413031,90.0,42780.0,45730.0,57640.0,101800.0,164850.0,"Securities, Commodities, and Financial Services Sales Agents"
14020,413091,360.0,28710.0,38010.0,57600.0,88720.0,125270.0,"Sales Representatives of Services, Except Advertising, Insurance, Financial Services, and Travel"
14020,414011,90.0,49000.0,62780.0,89990.0,129260.0,170450.0,"Sales Representatives, Wholesale and Manufacturing, Technical and Scientific Products"
14020,414012,330.0,36380.0,48430.0,62100.0,91600.0,130460.0,"Sales Representatives, Wholesale and Manufacturing, Except Technical and Scientific Products"
14020,419022,80.0,28480.0,40080.0,48300.0,59530.0,60300.0,Real Estate Sales Agents
14020,430000,7550.0,31200.0,37550.0,44440.0,54750.0,66030.0,Office and Administrative Support Occupations
14020,431011,390.0,41120.0,51020.0,63600.0,80120.0,101520.0,First-Line Supervisors of Office and Administrative Support Workers
14020,433011,140.0,42310.0,42310.0,47160.0,53200.0,53200.0,Bill and Account Collectors
14020,433021,140.0,37220.0,39120.0,45460.0,50980.0,61610.0,Billing and Posting Clerks
14020,433031,710.0,33270.0,39850.0,46800.0,54120.0,63580.0,"Bookkeeping, Accounting, and Auditing Clerks"
14020,433051,80.0,36950.0,40930.0,53040.0,67430.0,77330.0,Payroll and Timekeeping Clerks
14020,433071,180.0,33490.0,35570.0,36990.0,43610.0,44270.0,Tellers
14020,434031,50.0,38090.0,40600.0,48090.0,57230.0,77160.0,"Court, Municipal, and License Clerks"
14020,434051,770.0,29970.0,35400.0,39660.0,48090.0,60290.0,Customer Service Representatives
14020,434061,40.0,34750.0,37640.0,42120.0,53990.0,61590.0,"Eligibility Interviewers, Government Programs"
14020,434071,40.0,24190.0,28760.0,37550.0,50150.0,55450.0,File Clerks
14020,434081,150.0,28500.0,29360.0,33730.0,35760.0,38120.0,"Hotel, Motel, and Resort Desk Clerks"
14020,434111,120.0,38620.0,39530.0,40000.0,43030.0,47990.0,"Interviewers, Except Eligibility and Loan"
14020,434121,60.0,23180.0,27190.0,30060.0,30360.0,32220.0,"Library Assistants, Clerical"
14020,434131,40.0,38370.0,45690.0,46700.0,49050.0,57250.0,Loan Interviewers and Clerks
14020,434161,40.0,30970.0,37020.0,42970.0,52920.0,60970.0,"Human Resources Assistants, Except Payroll and Timekeeping"
14020,434171,410.0,23340.0,29060.0,34230.0,38060.0,45620.0,Receptionists and Information Clerks
14020,434199,30.0,32750.0,33330.0,36820.0,40940.0,47760.0,"Information and Record Clerks, All Other"
14020,435031,60.0,31090.0,38040.0,40800.0,40800.0,46950.0,Public Safety Telecommunicators
14020,435032,60.0,29450.0,38180.0,48970.0,58460.0,64740.0,"Dispatchers, Except Police, Fire, and Ambulance"
14020,435041,30.0,24230.0,24230.0,31370.0,40960.0,48840.0,"Meter Readers, Utilities"
14020,435051,30.0,42600.0,54330.0,62610.0,69510.0,75030.0,Postal Service Clerks
14020,435052,190.0,46550.0,53310.0,64250.0,81040.0,81040.0,Postal Service Mail Carriers
14020,435061,180.0,39750.0,50300.0,61150.0,73630.0,78750.0,"Production, Planning, and Expediting Clerks"
14020,435071,390.0,37370.0,39480.0,43630.0,50320.0,59980.0,"Shipping, Receiving, and Inventory Clerks"
14020,436011,470.0,40770.0,40770.0,40770.0,51820.0,67920.0,Executive Secretaries and Executive Administrative Assistants
14020,436012,90.0,31750.0,38270.0,44090.0,57950.0,61890.0,Legal Secretaries and Administrative Assistants
14020,436013,500.0,35930.0,37760.0,41630.0,45410.0,49650.0,Medical Secretaries and Administrative Assistants
14020,436014,310.0,31060.0,34880.0,42180.0,48850.0,59950.0,"Secretaries and Administrative Assistants, Except Legal, Medical, and Executive"
14020,439021,230.0,40500.0,40500.0,51760.0,51760.0,64490.0,Data Entry Keyers
14020,439041,70.0,30930.0,39490.0,54000.0,62330.0,74840.0,Insurance Claims and Policy Processing Clerks
14020,439061,970.0,28070.0,35680.0,43570.0,53530.0,63310.0,"Office Clerks, General"
14020,450000,40.0,30360.0,38990.0,40410.0,51290.0,70030.0,"Farming, Fishing, and Forestry Occupations"
14020,470000,2640.0,39520.0,48170.0,63110.0,80400.0,96980.0,Construction and Extraction Occupations
14020,471011,320.0,57480.0,63780.0,79810.0,95890.0,109220.0,First-Line Supervisors of Construction Trades and Extraction Workers
14020,472031,270.0,46940.0,49550.0,61360.0,73550.0,77530.0,Carpenters
14020,472051,80.0,47960.0,53340.0,65510.0,67240.0,71740.0,Cement Masons and Concrete Finishers
14020,472061,360.0,32900.0,40100.0,48710.0,63480.0,66690.0,Construction Laborers
14020,472073,230.0,40000.0,45020.0,62120.0,88980.0,94560.0,Operating Engineers and Other Construction Equipment Operators
14020,472111,210.0,45320.0,50440.0,65660.0,92470.0,95160.0,Electricians
14020,472141,90.0,37990.0,46310.0,53240.0,59650.0,64210.0,"Painters, Construction and Maintenance"
14020,472152,320.0,48590.0,63980.0,96980.0,98740.0,98740.0,"Plumbers, Pipefitters, and Steamfitters"
14020,472181,90.0,39520.0,43030.0,49530.0,61150.0,79720.0,Roofers
14020,474011,90.0,53300.0,60910.0,67220.0,85840.0,85840.0,Construction and Building Inspectors
14020,474051,60.0,36780.0,40940.0,48630.0,62340.0,62340.0,Highway Maintenance Workers
14020,475051,40.0,37650.0,37650.0,49040.0,49360.0,60750.0,"Rock Splitters, Quarry"
14020,490000,2480.0,35860.0,44090.0,56190.0,67590.0,87490.0,"Installation, Maintenance, and Repair Occupations"
14020,491011,230.0,52270.0,60840.0,75740.0,99350.0,116890.0,"First-Line Supervisors of Mechanics, Installers, and Repairers"
14020,492011,140.0,37460.0,51450.0,51450.0,64910.0,64910.0,"Computer, Automated Teller, and Office Machine Repairers"
14020,492022,90.0,42670.0,55710.0,62730.0,74600.0,76930.0,"Telecommunications Equipment Installers and Repairers, Except Line Installers"
14020,492098,30.0,44430.0,48300.0,48620.0,61570.0,64260.0,Security and Fire Alarm Systems Installers
14020,493021,40.0,37230.0,45700.0,57260.0,76150.0,88020.0,Automotive Body and Related Repairers
14020,493023,330.0,34890.0,37440.0,48480.0,59540.0,75310.0,Automotive Service Technicians and Mechanics
14020,493031,80.0,41450.0,45050.0,57080.0,62940.0,75440.0,Bus and Truck Mechanics and Diesel Engine Specialists
14020,493042,50.0,49910.0,55180.0,61570.0,77890.0,93340.0,"Mobile Heavy Equipment Mechanics, Except Engines"
14020,493093,40.0,30320.0,34040.0,34630.0,36690.0,42460.0,Tire Repairers and Changers
14020,499012,40.0,30820.0,42740.0,58690.0,83050.0,85510.0,"Control and Valve Installers and Repairers, Except Mechanical Door"
14020,499021,180.0,38850.0,48180.0,60920.0,93540.0,96450.0,"Heating, Air Conditioning, and Refrigeration Mechanics and Installers"
14020,499041,130.0,44970.0,59110.0,67550.0,81180.0,92040.0,Industrial Machinery Mechanics
14020,499052,50.0,47430.0,48760.0,63950.0,76960.0,78610.0,Telecommunications Line Installers and Repairers
14020,499062,30.0,48450.0,61920.0,75210.0,78810.0,95470.0,Medical Equipment Repairers
14020,499071,760.0,34950.0,39170.0,47200.0,58910.0,73230.0,"Maintenance and Repair Workers, General"
14020,510000,6440.0,36210.0,37830.0,46900.0,59480.0,72760.0,Production Occupations
14020,511011,560.0,46230.0,59680.0,77200.0,99740.0,106350.0,First-Line Supervisors of Production and Operating Workers
14020,512090,2270.0,37370.0,37830.0,37900.0,47180.0,47330.0,Miscellaneous Assemblers and Fabricators
14020,513011,70.0,24930.0,30150.0,35900.0,37620.0,39810.0,Bakers
14020,513021,40.0,32210.0,36320.0,37780.0,43990.0,48570.0,Butchers and Meat Cutters
14020,514021,70.0,42640.0,46040.0,51200.0,51440.0,60680.0,"Extruding and Drawing Machine Setters, Operators, and Tenders, Metal and Plastic"
14020,514031,70.0,35860.0,36470.0,44130.0,50900.0,61000.0,"Cutting, Punching, and Press Machine Setters, Operators, and Tenders, Metal and Plastic"
14020,514041,540.0,37140.0,46710.0,47850.0,59630.0,73020.0,Machinists
14020,514081,60.0,42950.0,47920.0,49130.0,58230.0,79050.0,"Multiple Machine Tool Setters, Operators, and Tenders, Metal and Plastic"
14020,514121,60.0,35140.0,39470.0,44730.0,53870.0,85180.0,"Welders, Cutters, Solderers, and Brazers"
14020,515112,50.0,35000.0,37340.0,42510.0,45820.0,55150.0,Printing Press Operators
14020,516011,50.0,23360.0,27430.0,33560.0,42560.0,51870.0,Laundry and Dry-Cleaning Workers
14020,518031,80.0,24940.0,40010.0,40010.0,63350.0,75520.0,Water and Wastewater Treatment Plant and System Operators
14020,519032,50.0,38480.0,38540.0,43220.0,48510.0,52500.0,"Cutting and Slicing Machine Setters, Operators, and Tenders"
14020,519061,640.0,38760.0,46800.0,60360.0,62170.0,72890.0,"Inspectors, Testers, Sorters, Samplers, and Weighers"
14020,519111,460.0,31890.0,34160.0,42790.0,48390.0,49980.0,Packaging and Filling Machine Operators and Tenders
14020,519161,80.0,30990.0,34060.0,46730.0,57680.0,61420.0,Computer Numerically Controlled Tool Operators
14020,519195,90.0,39410.0,43470.0,48520.0,59030.0,59310.0,"Molders, Shapers, and Casters, Except Metal and Plastic"
14020,519199,30.0,37710.0,37710.0,39040.0,48890.0,57780.0,"Production Workers, All Other"
14020,530000,4720.0,27900.0,32740.0,38820.0,48050.0,61090.0,Transportation and Material Moving Occupations
14020,531047,200.0,42530.0,47000.0,60280.0,76920.0,86800.0,"First-Line Supervisors of Transportation and Material Moving Workers, Except Aircraft Cargo Handling"
14020,533031,320.0,18010.0,22160.0,29820.0,44340.0,54510.0,Driver/Sales Workers
14020,533032,550.0,42190.0,46900.0,58700.0,74100.0,84800.0,Heavy and Tractor-Trailer Truck Drivers
14020,533033,230.0,26940.0,30970.0,42180.0,49220.0,93710.0,Light Truck Drivers
14020,533051,230.0,28360.0,37270.0,48450.0,51560.0,57310.0,"Bus Drivers, School"
14020,533053,210.0,20850.0,24850.0,29080.0,36140.0,42610.0,Shuttle Drivers and Chauffeurs
14020,536031,50.0,29170.0,30510.0,36380.0,47210.0,52000.0,Automotive and Watercraft Service Attendants
14020,537051,180.0,36150.0,38760.0,44670.0,49730.0,50290.0,Industrial Truck and Tractor Operators
14020,537061,150.0,26660.0,29900.0,38370.0,41250.0,44870.0,Cleaners of Vehicles and Equipment
14020,537062,1020.0,31040.0,35660.0,38130.0,45560.0,47530.0,"Laborers and Freight, Stock, and Material Movers, Hand"
14020,537064,220.0,31370.0,31370.0,36480.0,48070.0,48230.0,"Packers and Packagers, Hand"
14020,537065,1150.0,28000.0,31770.0,34850.0,38820.0,42680.0,Stockers and Order Fillers
14540,000000,82160.0,27410.0,33920.0,45040.0,62650.0,90960.0,All Occupations
14540,110000,4750.0,45600.0,61280.0,94570.0,128910.0,173580.0,Management Occupations
14540,111011,80.0,63540.0,108660.0,164080.0,262420.0,530010.0,Chief Executives
14540,111021,2010.0,37910.0,49590.0,71170.0,105960.0,158420.0,General and Operations Managers
14540,112021,80.0,68230.0,81340.0,107440.0,137410.0,195970.0,Marketing Managers
14540,112022,270.0,63020.0,95140.0,126460.0,172270.0,225550.0,Sales Managers
14540,113012,110.0,63630.0,95000.0,114990.0,161330.0,165400.0,Administrative Services Managers
14540,113013,50.0,70040.0,88610.0,112770.0,132790.0,146470.0,Facilities Managers
14540,113021,90.0,81410.0,110350.0,126940.0,159100.0,190420.0,Computer and Information Systems Managers
14540,113031,270.0,80520.0,99050.0,119110.0,165750.0,209670.0,Financial Managers
14540,113051,390.0,78000.0,95400.0,125170.0,154010.0,196670.0,Industrial Production Managers
14540,113071,80.0,56140.0,71840.0,97160.0,137290.0,163220.0,"Transportation, Storage, and Distribution Managers"
14540,113121,80.0,72750.0,93150.0,118420.0,141630.0,173690.0,Human Resources Managers
14540,119021,140.0,52920.0,77000.0,101400.0,114200.0,203660.0,Construction Managers
14540,119032,170.0,81470.0,81470.0,100700.0,100700.0,104630.0,"Education Administrators, Kindergarten through Secondary"
14540,119041,50.0,110910.0,117550.0,132540.0,152210.0,195120.0,Architectural and Engineering Managers
14540,119051,70.0,28740.0,58480.0,66380.0,81340.0,112570.0,Food Service Managers
14540,119111,290.0,59330.0,76100.0,94090.0,120230.0,157100.0,Medical and Health Services Managers
14540,119141,100.0,31170.0,44710.0,52790.0,60600.0,74850.0,"Property, Real Estate, and Community Association Managers"
14540,119151,90.0,46640.0,53870.0,63490.0,85640.0,109500.0,Social and Community Service Managers
14540,119199,50.0,42790.0,58150.0,97720.0,142390.0,173880.0,"Managers, All Other"
14540,130000,2950.0,42950.0,51970.0,65180.0,87670.0,116400.0,Business and Financial Operations Occupations
14540,131020,270.0,42730.0,44960.0,61120.0,78720.0,112600.0,Buyers and Purchasing Agents
14540,131031,140.0,59140.0,59140.0,73660.0,82610.0,96100.0,"Claims Adjusters, Examiners, and Investigators"
14540,131041,110.0,40180.0,46410.0,59100.0,78000.0,111030.0,Compliance Officers
14540,131051,70.0,39890.0,55490.0,71720.0,87860.0,112560.0,Cost Estimators
14540,131071,360.0,43530.0,46630.0,61860.0,81400.0,102130.0,Human Resources Specialists
14540,131081,90.0,50050.0,58700.0,65980.0,88530.0,102090.0,Logisticians
14540,131082,350.0,52540.0,63010.0,81300.0,103240.0,127710.0,Project Management Specialists
14540,131111,90.0,52220.0,62630.0,95610.0,116400.0,144470.0,Management Analysts
14540,131121,50.0,30040.0,37970.0,49500.0,60380.0,74580.0,"Meeting, Convention, and Event Planners"
14540,131131,50.0,41880.0,49920.0,62460.0,70020.0,91270.0,Fundraisers
14540,131151,170.0,38320.0,45750.0,59050.0,78390.0,98060.0,Training and Development Specialists
14540,131161,240.0,37410.0,46670.0,60200.0,75790.0,229900.0,Market Research Analysts and Marketing Specialists
14540,131199,90.0,44440.0,55200.0,69240.0,84160.0,115920.0,"Business Operations Specialists, All Other"
14540,132011,390.0,50190.0,59680.0,71540.0,89810.0,117500.0,Accountants and Auditors
14540,132051,50.0,59680.0,69730.0,97180.0,108930.0,169590.0,Financial and Investment Analysts
14540,132052,30.0,42870.0,49790.0,69430.0,100350.0,137900.0,Personal Financial Advisors
14540,132072,170.0,37370.0,48170.0,71020.0,100560.0,122550.0,Loan Officers
14540,150000,1000.0,44570.0,54500.0,76880.0,100650.0,137260.0,Computer and Mathematical Occupations
14540,151211,120.0,50900.0,68390.0,82290.0,102490.0,129030.0,Computer Systems Analysts
14540,151231,70.0,37830.0,49810.0,61200.0,80770.0,100840.0,Computer Network Support Specialists
14540,151232,250.0,35680.0,44690.0,51710.0,67960.0,82500.0,Computer User Support Specialists
14540,151241,40.0,60540.0,85670.0,131150.0,152890.0,158530.0,Computer Network Architects
14540,151244,90.0,44750.0,57010.0,76880.0,91350.0,111180.0,Network and Computer Systems Administrators
14540,151252,200.0,72090.0,83810.0,100650.0,146980.0,201790.0,Software Developers
14540,152051,40.0,46680.0,64590.0,65620.0,87380.0,128220.0,Data Scientists
14540,170000,1070.0,46280.0,63040.0,81020.0,103120.0,126470.0,Architecture and Engineering Occupations
14540,172051,80.0,61480.0,68940.0,96260.0,111510.0,161550.0,Civil Engineers
14540,172071,40.0,77630.0,91860.0,100860.0,110270.0,149660.0,Electrical Engineers
14540,172112,340.0,74100.0,80930.0,101280.0,105270.0,132470.0,Industrial Engineers
14540,172141,130.0,59490.0,78210.0,99090.0,121310.0,136160.0,Mechanical Engineers
14540,173011,30.0,31600.0,37900.0,52980.0,74460.0,89650.0,Architectural and Civil Drafters
14540,173026,70.0,44940.0,56030.0,64060.0,72220.0,78830.0,Industrial Engineering Technologists and Technicians
14540,173031,90.0,36800.0,42880.0,42880.0,55090.0,69720.0,Surveying and Mapping Technicians
14540,190000,540.0,45560.0,56320.0,73850.0,93880.0,127560.0,"Life, Physical, and Social Science Occupations"
14540,192031,40.0,62790.0,67120.0,80780.0,106880.0,126110.0,Chemists
14540,194031,40.0,42700.0,55190.0,64620.0,67160.0,101190.0,Chemical Technicians
14540,195011,80.0,54020.0,62760.0,84730.0,106910.0,129830.0,Occupational Health and Safety Specialists
14540,210000,1380.0,33660.0,40820.0,52260.0,70800.0,81210.0,Community and Social Service Occupations
14540,211012,220.0,41740.0,42070.0,65310.0,76120.0,80900.0,"Educational, Guidance, and Career Counselors and Advisors"
14540,211018,370.0,33330.0,41990.0,57720.0,75490.0,95710.0,"Substance Abuse, Behavioral Disorder, and Mental Health Counselors"
14540,211021,320.0,39240.0,47550.0,64050.0,73830.0,94140.0,"Child, Family, and School Social Workers"
14540,211022,60.0,41040.0,56230.0,61610.0,77520.0,78250.0,Healthcare Social Workers
14540,211023,50.0,36560.0,38180.0,41860.0,46320.0,49250.0,Mental Health and Substance Abuse Social Workers
14540,211093,230.0,22720.0,29360.0,37360.0,42130.0,48370.0,Social and Human Service Assistants
14540,230000,440.0,49100.0,60640.0,74660.0,113270.0,156550.0,Legal Occupations
14540,231011,250.0,61060.0,74270.0,96830.0,127350.0,162710.0,Lawyers
14540,232011,160.0,41150.0,49260.0,59170.0,62400.0,73690.0,Paralegals and Legal Assistants
14540,250000,5230.0,31350.0,38000.0,54170.0,66420.0,84620.0,Educational Instruction and Library Occupations
14540,251011,70.0,40300.0,68630.0,104190.0,175390.0,220130.0,"Business Teachers, Postsecondary"
14540,251071,80.0,51810.0,66420.0,84620.0,174860.0,227770.0,"Health Specialties Teachers, Postsecondary"
14540,251194,40.0,34830.0,44450.0,59610.0,62890.0,72330.0,"Career/Technical Education Teachers, Postsecondary"
14540,251199,170.0,46270.0,67180.0,83220.0,104100.0,133700.0,"Postsecondary Teachers, All Other"
14540,252011,360.0,22040.0,27030.0,28040.0,39410.0,49550.0,"Preschool Teachers, Except Special Education"
14540,252021,910.0,48240.0,48240.0,61260.0,61620.0,72700.0,"Elementary School Teachers, Except Special Education"
14540,252031,560.0,48620.0,50830.0,61520.0,66220.0,73190.0,"Secondary School Teachers, Except Special and Career/Technical Education"
14540,252052,130.0,47720.0,47720.0,61500.0,64750.0,71980.0,"Special Education Teachers, Kindergarten and Elementary School"
14540,253021,50.0,22090.0,26920.0,43830.0,49940.0,75910.0,Self-Enrichment Teachers
14540,253099,120.0,31500.0,31500.0,31500.0,46440.0,78750.0,"Teachers and Instructors, All Other"
14540,254022,110.0,44290.0,47090.0,65280.0,73940.0,73940.0,Librarians and Media Collections Specialists
14540,254031,90.0,19360.0,29330.0,29330.0,35760.0,38200.0,Library Technicians
14540,259045,680.0,25080.0,31350.0,31530.0,36190.0,37160.0,"Teaching Assistants, Except Postsecondary"
14540,270000,880.0,24970.0,32740.0,42720.0,60000.0,78490.0,"Arts, Design, Entertainment, Sports, and Media Occupations"
14540,271024,100.0,30370.0,37690.0,47650.0,59520.0,74400.0,Graphic Designers
14540,271026,150.0,23180.0,26830.0,36400.0,42720.0,42720.0,Merchandise Displayers and Window Trimmers
14540,272012,40.0,34900.0,41090.0,48790.0,56110.0,73960.0,Producers and Directors
14540,272022,100.0,20130.0,24970.0,32480.0,64230.0,67530.0,Coaches and Scouts
14540,273031,100.0,29140.0,37030.0,52580.0,77670.0,104470.0,Public Relations Specialists
14540,274011,30.0,24190.0,34040.0,44460.0,50830.0,62720.0,Audio and Video Technicians
14540,290000,5360.0,37380.0,55040.0,76250.0,94660.0,133990.0,Healthcare Practitioners and Technical Occupations
14540,291031,40.0,33470.0,53800.0,62860.0,75310.0,88230.0,Dietitians and Nutritionists
14540,291051,160.0,103050.0,126030.0,134980.0,151380.0,159050.0,Pharmacists
14540,291122,140.0,65150.0,82150.0,84250.0,101350.0,111050.0,Occupational Therapists
14540,291123,220.0,73900.0,78320.0,91590.0,101140.0,117790.0,Physical Therapists
14540,291126,90.0,60940.0,63460.0,68490.0,74800.0,92390.0,Respiratory Therapists
14540,291127,140.0,62570.0,74020.0,82870.0,97420.0,98690.0,Speech-Language Pathologists
14540,291131,40.0,41150.0,76600.0,97260.0,133480.0,158610.0,Veterinarians
14540,291141,1870.0,64380.0,76250.0,79120.0,94080.0,104380.0,Registered Nurses
14540,291171,150.0,99820.0,108910.0,112970.0,128890.0,147100.0,Nurse Practitioners
14540,291229,110.0,126900.0,216940.0,407570.0,479110.0,479110.0,"Physicians, All Other"
14540,291292,120.0,60650.0,65220.0,75690.0,92410.0,94940.0,Dental Hygienists
14540,292010,130.0,37280.0,43710.0,61450.0,78340.0,82010.0,Clinical Laboratory Technologists and Technicians
14540,292032,40.0,61410.0,81560.0,90310.0,94380.0,114950.0,Diagnostic Medical Sonographers
14540,292034,120.0,52950.0,61160.0,76080.0,77580.0,93000.0,Radiologic Technologists and Technicians
14540,292042,90.0,28300.0,36370.0,37600.0,42910.0,46460.0,Emergency Medical Technicians
14540,292052,310.0,29960.0,35860.0,37210.0,46340.0,48580.0,Pharmacy Technicians
14540,292055,60.0,48460.0,49390.0,58770.0,74980.0,76010.0,Surgical Technologists
14540,292056,60.0,28070.0,30130.0,35960.0,44400.0,47600.0,Veterinary Technologists and Technicians
14540,292061,250.0,50360.0,52270.0,60830.0,64730.0,66320.0,Licensed Practical and Licensed Vocational Nurses
14540,292072,180.0,36720.0,39240.0,44770.0,51140.0,60280.0,Medical Records Specialists
14540,292081,60.0,31030.0,36180.0,37000.0,44840.0,58750.0,"Opticians, Dispensing"
14540,292099,60.0,39650.0,41170.0,46110.0,60010.0,77500.0,"Health Technologists and Technicians, All Other"
14540,310000,3260.0,28910.0,34570.0,39270.0,46580.0,56140.0,Healthcare Support Occupations
14540,311120,1150.0,24510.0,30890.0,35160.0,52880.0,56140.0,Home Health and Personal Care Aides
14540,311131,790.0,30390.0,36390.0,38340.0,43430.0,44680.0,Nursing Assistants
14540,312021,130.0,36410.0,51850.0,62740.0,70040.0,74580.0,Physical Therapist Assistants
14540,319091,220.0,35470.0,44300.0,45970.0,58960.0,60410.0,Dental Assistants
14540,319092,600.0,32610.0,36210.0,39270.0,43720.0,44530.0,Medical Assistants
14540,319096,70.0,23120.0,28960.0,31050.0,35890.0,43210.0,Veterinary Assistants and Laboratory Animal Caretakers
14540,330000,1630.0,29150.0,34640.0,41100.0,60550.0,79010.0,Protective Service Occupations
14540,331012,60.0,44710.0,50590.0,77430.0,99470.0,105920.0,First-Line Supervisors of Police and Detectives
14540,331091,30.0,34910.0,39770.0,48690.0,56070.0,81230.0,First-Line Supervisors of Security Workers
14540,332011,250.0,32250.0,35240.0,35240.0,46850.0,93600.0,Firefighters
14540,333012,240.0,28530.0,41100.0,41100.0,42310.0,44420.0,Correctional Officers and Jailers
14540,333051,360.0,38620.0,55430.0,60550.0,68990.0,75200.0,Police and Sheriff's Patrol Officers
14540,339032,390.0,30520.0,31710.0,34720.0,39360.0,47340.0,Security Guards
14540,350000,8380.0,19500.0,23370.0,28560.0,34300.0,41510.0,Food Preparation and Serving Related Occupations
14540,351011,50.0,26110.0,38430.0,54080.0,69430.0,87240.0,Chefs and Head Cooks
14540,351012,870.0,29110.0,31390.0,38150.0,44800.0,56070.0,First-Line Supervisors of Food Preparation and Serving Workers
14540,352011,820.0,21430.0,21750.0,23450.0,27190.0,31290.0,"Cooks, Fast Food"
14540,352012,530.0,25580.0,30850.0,31550.0,33160.0,38750.0,"Cooks, Institution and Cafeteria"
14540,352014,570.0,23980.0,28700.0,31040.0,36000.0,39480.0,"Cooks, Restaurant"
14540,352015,40.0,22990.0,22990.0,27590.0,37180.0,38210.0,"Cooks, Short Order"
14540,352021,660.0,21310.0,22900.0,26410.0,33040.0,36690.0,Food Preparation Workers
14540,353011,270.0,15390.0,16310.0,26800.0,38580.0,59370.0,Bartenders
14540,353023,2540.0,21830.0,23530.0,27650.0,29820.0,33770.0,Fast Food and Counter Workers
14540,353031,1250.0,16070.0,17200.0,28810.0,44550.0,60390.0,Waiters and Waitresses
14540,359011,150.0,18660.0,20840.0,26200.0,30400.0,35100.0,Dining Room and Cafeteria Attendants and Bartender Helpers
14540,359021,250.0,20890.0,24210.0,28740.0,33240.0,34580.0,Dishwashers
14540,359031,280.0,19880.0,22080.0,24500.0,28880.0,31360.0,"Hosts and Hostesses, Restaurant, Lounge, and Coffee Shop"
14540,370000,1780.0,25250.0,29100.0,35070.0,38460.0,48300.0,Building and Grounds Cleaning and Maintenance Occupations
14540,371011,130.0,35070.0,35070.0,36860.0,47300.0,58320.0,First-Line Supervisors of Housekeeping and Janitorial Workers
14540,371012,60.0,41490.0,46180.0,52560.0,60150.0,77570.0,"First-Line Supervisors of Landscaping, Lawn Service, and Groundskeeping Workers"
14540,372011,690.0,24480.0,29030.0,34190.0,38370.0,48300.0,"Janitors and Cleaners, Except Maids and Housekeeping Cleaners"
14540,372012,470.0,24110.0,27510.0,29290.0,36380.0,37520.0,Maids and Housekeeping Cleaners
14540,373011,360.0,27130.0,31220.0,35630.0,41260.0,45890.0,Landscaping and Groundskeeping Workers
14540,390000,1370.0,21840.0,25720.0,29180.0,37660.0,47070.0,Personal Care and Service Occupations
14540,391014,50.0,23390.0,31690.0,35990.0,55100.0,67080.0,"First-Line Supervisors of Entertainment and Recreation Workers, Except Gambling Services"
14540,391022,30.0,34610.0,36080.0,41600.0,51930.0,67210.0,First-Line Supervisors of Personal Service Workers
14540,392021,160.0,23800.0,28450.0,29510.0,33280.0,38480.0,Animal Caretakers
14540,393091,130.0,17050.0,17970.0,23300.0,28700.0,35100.0,Amusement and Recreation Attendants
14540,395012,100.0,23260.0,27610.0,28580.0,53090.0,56210.0,"Hairdressers, Hairstylists, and Cosmetologists"
14540,399011,210.0,18720.0,23310.0,24960.0,31520.0,33170.0,Childcare Workers
14540,399031,110.0,27730.0,33280.0,45930.0,48740.0,72800.0,Exercise Trainers and Group Fitness Instructors
14540,399032,230.0,23290.0,28250.0,29180.0,29180.0,37670.0,Recreation Workers
14540,399041,80.0,29060.0,30460.0,32650.0,38930.0,44490.0,Residential Advisors
14540,410000,7360.0,22370.0,27010.0,31410.0,45420.0,70410.0,Sales and Related Occupations
14540,411011,850.0,27920.0,29940.0,37930.0,51630.0,66440.0,First-Line Supervisors of Retail Sales Workers
14540,411012,70.0,50780.0,54990.0,70140.0,91770.0,111020.0,First-Line Supervisors of Non-Retail Sales Workers
14540,412011,1670.0,21900.0,23590.0,28540.0,30430.0,34940.0,Cashiers
14540,412021,150.0,24130.0,29050.0,37350.0,44990.0,50420.0,Counter and Rental Clerks
14540,412022,200.0,26260.0,28220.0,36300.0,45340.0,55340.0,Parts Salespersons
14540,412031,2720.0,21910.0,24710.0,28430.0,34520.0,37670.0,Retail Salespersons
14540,413011,30.0,21980.0,27620.0,38490.0,50630.0,63110.0,Advertising Sales Agents
14540,413021,260.0,29360.0,47200.0,60400.0,85630.0,125210.0,Insurance Sales Agents
14540,413031,190.0,40500.0,45640.0,47670.0,73310.0,94110.0,"Securities, Commodities, and Financial Services Sales Agents"
14540,413091,340.0,30930.0,39140.0,48730.0,72910.0,99500.0,"Sales Representatives of Services, Except Advertising, Insurance, Financial Services, and Travel"
14540,414011,80.0,47490.0,67080.0,95550.0,148960.0,158720.0,"Sales Representatives, Wholesale and Manufacturing, Technical and Scientific Products"
14540,414012,700.0,32800.0,41170.0,59120.0,83460.0,126730.0,"Sales Representatives, Wholesale and Manufacturing, Except Technical and Scientific Products"
14540,419022,40.0,28700.0,38760.0,38760.0,58760.0,72400.0,Real Estate Sales Agents
14540,430000,9240.0,29200.0,35240.0,40490.0,48530.0,62340.0,Office and Administrative Support Occupations
14540,431011,650.0,40700.0,48270.0,61250.0,76940.0,94990.0,First-Line Supervisors of Office and Administrative Support Workers
14540,433011,30.0,36890.0,37250.0,43150.0,55830.0,58380.0,Bill and Account Collectors
14540,433021,190.0,30840.0,37140.0,44640.0,47590.0,52250.0,Billing and Posting Clerks
14540,433031,900.0,29910.0,36840.0,44160.0,52920.0,63600.0,"Bookkeeping, Accounting, and Auditing Clerks"
14540,433051,90.0,36230.0,42600.0,53540.0,58300.0,69560.0,Payroll and Timekeeping Clerks
14540,433071,210.0,29780.0,35580.0,36190.0,36780.0,42830.0,Tellers
14540,434031,90.0,36170.0,38320.0,43080.0,45920.0,52210.0,"Court, Municipal, and License Clerks"
14540,434051,1170.0,27990.0,34010.0,37970.0,46010.0,57370.0,Customer Service Representatives
14540,434081,160.0,22910.0,26480.0,28760.0,31090.0,36880.0,"Hotel, Motel, and Resort Desk Clerks"
14540,434111,,38210.0,40490.0,40490.0,41300.0,42480.0,"Interviewers, Except Eligibility and Loan"
14540,434121,70.0,28280.0,28790.0,33330.0,33970.0,35770.0,"Library Assistants, Clerical"
14540,434131,120.0,38260.0,43960.0,47340.0,59930.0,62590.0,Loan Interviewers and Clerks
14540,434161,40.0,32940.0,41810.0,46320.0,51990.0,56690.0,"Human Resources Assistants, Except Payroll and Timekeeping"
14540,434171,390.0,23080.0,27350.0,31750.0,36420.0,42660.0,Receptionists and Information Clerks
14540,434199,40.0,35700.0,38480.0,44350.0,51630.0,68220.0,"Information and Record Clerks, All Other"
14540,435031,60.0,30890.0,35340.0,40840.0,46880.0,62890.0,Public Safety Telecommunicators
14540,435032,80.0,39330.0,46130.0,49180.0,62200.0,69910.0,"Dispatchers, Except Police, Fire, and Ambulance"
14540,435041,40.0,42750.0,42750.0,42750.0,46370.0,63580.0,"Meter Readers, Utilities"
14540,435051,40.0,36360.0,42600.0,63670.0,75030.0,76360.0,Postal Service Clerks
14540,435052,210.0,42390.0,42390.0,55930.0,72200.0,81040.0,Postal Service Mail Carriers
14540,435061,320.0,37660.0,39990.0,48860.0,64610.0,80290.0,"Production, Planning, and Expediting Clerks"
14540,435071,850.0,30250.0,32920.0,36390.0,45000.0,51580.0,"Shipping, Receiving, and Inventory Clerks"
14540,436011,60.0,44950.0,55300.0,64290.0,75510.0,90320.0,Executive Secretaries and Executive Administrative Assistants
14540,436012,110.0,21900.0,34320.0,36860.0,45140.0,58440.0,Legal Secretaries and Administrative Assistants
14540,436013,1040.0,29830.0,35520.0,37940.0,43700.0,46730.0,Medical Secretaries and Administrative Assistants
14540,436014,780.0,30580.0,36160.0,40180.0,45420.0,52930.0,"Secretaries and Administrative Assistants, Except Legal, Medical, and Executive"
14540,439041,110.0,37320.0,44910.0,55480.0,60020.0,71100.0,Insurance Claims and Policy Processing Clerks
14540,439061,960.0,25850.0,31600.0,38000.0,43920.0,50990.0,"Office Clerks, General"
14540,450000,70.0,23430.0,26700.0,36590.0,52900.0,53660.0,"Farming, Fishing, and Forestry Occupations"
14540,470000,3290.0,35040.0,41580.0,49790.0,60440.0,80400.0,Construction and Extraction Occupations
14540,471011,370.0,44840.0,58590.0,73090.0,82660.0,98110.0,First-Line Supervisors of Construction Trades and Extraction Workers
14540,472031,480.0,37600.0,47060.0,52680.0,52680.0,61520.0,Carpenters
14540,472051,50.0,38180.0,41600.0,49380.0,58360.0,61400.0,Cement Masons and Concrete Finishers
14540,472061,840.0,29850.0,36570.0,41880.0,49610.0,50050.0,Construction Laborers
14540,472073,300.0,45900.0,50880.0,60180.0,63130.0,82400.0,Operating Engineers and Other Construction Equipment Operators
14540,472111,480.0,36190.0,46440.0,55740.0,68640.0,93250.0,Electricians
14540,472141,50.0,33410.0,35030.0,40600.0,45760.0,60020.0,"Painters, Construction and Maintenance"
14540,472152,160.0,46060.0,48700.0,64260.0,88650.0,93660.0,"Plumbers, Pipefitters, and Steamfitters"
14540,472181,50.0,36120.0,39430.0,48680.0,50320.0,59920.0,Roofers
14540,474011,40.0,34580.0,36590.0,45740.0,59580.0,81210.0,Construction and Building Inspectors
14540,474051,90.0,36250.0,37350.0,39350.0,46550.0,49130.0,Highway Maintenance Workers
14540,490000,3740.0,34760.0,42320.0,56200.0,71090.0,83380.0,"Installation, Maintenance, and Repair Occupations"
14540,491011,370.0,47970.0,59530.0,73890.0,92810.0,109310.0,"First-Line Supervisors of Mechanics, Installers, and Repairers"
14540,492022,70.0,40140.0,48850.0,59010.0,82030.0,91390.0,"Telecommunications Equipment Installers and Repairers, Except Line Installers"
14540,493021,60.0,27510.0,31980.0,48530.0,55170.0,78710.0,Automotive Body and Related Repairers
14540,493023,470.0,30600.0,34740.0,42860.0,54970.0,63900.0,Automotive Service Technicians and Mechanics
14540,493031,200.0,36480.0,47330.0,51920.0,59750.0,67280.0,Bus and Truck Mechanics and Diesel Engine Specialists
14540,493042,90.0,47840.0,51630.0,58960.0,66890.0,76960.0,"Mobile Heavy Equipment Mechanics, Except Engines"
14540,493093,90.0,28690.0,28690.0,35430.0,35680.0,41160.0,Tire Repairers and Changers
14540,499021,230.0,39240.0,47310.0,55230.0,61500.0,74260.0,"Heating, Air Conditioning, and Refrigeration Mechanics and Installers"
14540,499041,700.0,48600.0,60890.0,74410.0,78950.0,83700.0,Industrial Machinery Mechanics
14540,499071,830.0,32850.0,38070.0,45880.0,60150.0,70450.0,"Maintenance and Repair Workers, General"
14540,510000,9840.0,34640.0,40170.0,48670.0,59830.0,80330.0,Production Occupations
14540,511011,690.0,48160.0,57930.0,73540.0,84970.0,104980.0,First-Line Supervisors of Production and Operating Workers
14540,512090,2030.0,33500.0,37270.0,42940.0,51930.0,58400.0,Miscellaneous Assemblers and Fabricators
14540,513011,110.0,25500.0,28480.0,33990.0,47100.0,47100.0,Bakers
14540,513021,60.0,22790.0,30060.0,33340.0,39890.0,45240.0,Butchers and Meat Cutters
14540,514031,430.0,29570.0,36490.0,44790.0,67580.0,83470.0,"Cutting, Punching, and Press Machine Setters, Operators, and Tenders, Metal and Plastic"
14540,514041,260.0,40050.0,50810.0,51730.0,60000.0,66180.0,Machinists
14540,514081,1440.0,,,,,,"Multiple Machine Tool Setters, Operators, and Tenders, Metal and Plastic"
14540,514121,400.0,42710.0,47910.0,53630.0,53630.0,59820.0,"Welders, Cutters, Solderers, and Brazers"
14540,515112,90.0,30670.0,38770.0,45100.0,48310.0,58270.0,Printing Press Operators
14540,516011,90.0,21880.0,26950.0,28390.0,32050.0,33640.0,Laundry and Dry-Cleaning Workers
14540,518031,60.0,33520.0,35370.0,45650.0,57140.0,63920.0,Water and Wastewater Treatment Plant and System Operators
14540,519061,660.0,34030.0,36640.0,43720.0,50770.0,60950.0,"Inspectors, Testers, Sorters, Samplers, and Weighers"
14540,519111,480.0,40170.0,40170.0,46330.0,46340.0,55510.0,Packaging and Filling Machine Operators and Tenders
14540,519161,160.0,38590.0,49080.0,56390.0,59830.0,61590.0,Computer Numerically Controlled Tool Operators
14540,530000,8610.0,29530.0,33570.0,39120.0,49020.0,59870.0,Transportation and Material Moving Occupations
14540,531047,340.0,38990.0,46900.0,57600.0,71300.0,83200.0,"First-Line Supervisors of Transportation and Material Moving Workers, Except Aircraft Cargo Handling"
14540,533031,280.0,19060.0,20940.0,30320.0,44640.0,56870.0,Driver/Sales Workers
14540,533032,1540.0,37690.0,47760.0,53450.0,61960.0,75970.0,Heavy and Tractor-Trailer Truck Drivers
14540,533033,650.0,23290.0,29810.0,39270.0,50460.0,96830.0,Light Truck Drivers
14540,533051,360.0,38850.0,44220.0,45250.0,45250.0,50810.0,"Bus Drivers, School"
14540,533053,80.0,22530.0,29280.0,31480.0,38600.0,39120.0,Shuttle Drivers and Chauffeurs
14540,537051,620.0,33640.0,35420.0,39110.0,49080.0,57580.0,Industrial Truck and Tractor Operators
14540,537061,300.0,26780.0,28070.0,31270.0,37980.0,45940.0,Cleaners of Vehicles and Equipment
14540,537062,2070.0,29590.0,34020.0,38040.0,46120.0,52080.0,"Laborers and Freight, Stock, and Material Movers, Hand"
14540,537064,320.0,30490.0,30490.0,33310.0,37080.0,43760.0,"Packers and Packagers, Hand"
14540,537065,1660.0,29380.0,30060.0,34730.0,36350.0,42820.0,Stockers and Order Fillers
14540,113061,70.0,67780.0,98540.0,118400.0,134760.0,174210.0,Purchasing Managers
14540,119031,50.0,31200.0,31200.0,37000.0,48050.0,60400.0,"Education and Childcare Administrators, Preschool and Daycare"
14540,119033,50.0,69120.0,109110.0,131880.0,169710.0,247160.0,"Education Administrators, Postsecondary"
14540,132082,30.0,24740.0,28290.0,37010.0,47850.0,65080.0,Tax Preparers
14540,171022,60.0,37140.0,40660.0,65960.0,74930.0,99370.0,Surveyors
14540,173022,60.0,56330.0,59710.0,59710.0,72230.0,72230.0,Civil Engineering Technologists and Technicians
14540,194061,100.0,53800.0,67530.0,84680.0,106870.0,136940.0,Social Science Research Assistants
14540,211094,40.0,38470.0,40820.0,44620.0,59100.0,77500.0,Community Health Workers
14540,252012,110.0,49690.0,50370.0,61720.0,63410.0,65510.0,"Kindergarten Teachers, Except Special Education"
14540,252022,310.0,48750.0,49250.0,61600.0,64270.0,72360.0,"Middle School Teachers, Except Special and Career/Technical Education"
14540,252057,40.0,48490.0,51970.0,60350.0,61550.0,72090.0,"Special Education Teachers, Middle School"
14540,252058,90.0,48500.0,51160.0,60200.0,65130.0,73230.0,"Special Education Teachers, Secondary School"
14540,259031,140.0,51720.0,66820.0,79170.0,83140.0,93830.0,Instructional Coordinators
14540,259099,120.0,25370.0,31970.0,46340.0,55800.0,83210.0,"Educational Instruction and Library Workers, All Other"
14540,274021,30.0,25020.0,31500.0,42540.0,48430.0,70300.0,Photographers
14540,292043,60.0,40650.0,41140.0,47260.0,59030.0,61050.0,Paramedics
14540,292057,110.0,29720.0,30900.0,35380.0,38880.0,45540.0,Ophthalmic Medical Technicians
14540,299021,50.0,36220.0,41640.0,63420.0,81220.0,97610.0,Health Information Technologists and Medical Registrars
14540,299091,60.0,42360.0,50850.0,56630.0,61090.0,63380.0,Athletic Trainers
14540,312011,40.0,57680.0,61690.0,61690.0,62910.0,75950.0,Occupational Therapy Assistants
14540,319097,80.0,36700.0,37960.0,37960.0,46170.0,46280.0,Phlebotomists
14540,333021,40.0,43080.0,60910.0,79360.0,149280.0,162450.0,Detectives and Criminal Investigators
14540,339092,90.0,18720.0,20660.0,23430.0,30580.0,32570.0,"Lifeguards, Ski Patrol, and Other Recreational Protective Service Workers"
14540,353041,110.0,23870.0,26300.0,34040.0,36820.0,38400.0,"Food Servers, Nonrestaurant"
14540,393031,50.0,20240.0,22140.0,22140.0,25540.0,28280.0,"Ushers, Lobby Attendants, and Ticket Takers"
14540,395094,40.0,23300.0,26340.0,39090.0,43420.0,64780.0,Skincare Specialists
14540,397010,100.0,23780.0,28070.0,40330.0,44350.0,45700.0,Tour and Travel Guides
14540,433061,50.0,31840.0,39240.0,43240.0,47270.0,57970.0,Procurement Clerks
14540,435021,40.0,23000.0,23280.0,30170.0,36840.0,39850.0,Couriers and Messengers
14540,435111,50.0,34280.0,37330.0,45440.0,45800.0,56790.0,"Weighers, Measurers, Checkers, and Samplers, Recordkeeping"
14540,472042,30.0,37430.0,37430.0,44800.0,46940.0,49410.0,"Floor Layers, Except Carpet, Wood, and Hard Tiles"
14540,472211,70.0,29560.0,42640.0,48610.0,59820.0,86100.0,Sheet Metal Workers
14540,493041,40.0,35090.0,39200.0,48380.0,59220.0,59680.0,Farm Equipment Mechanics and Service Technicians
14540,499043,60.0,45890.0,51110.0,59100.0,72490.0,146930.0,"Maintenance Workers, Machinery"
14540,499044,50.0,49990.0,59400.0,77480.0,92290.0,92290.0,Millwrights
14540,499051,80.0,48460.0,51400.0,60420.0,75080.0,95630.0,Electrical Power-Line Installers and Repairers
14540,499098,60.0,29140.0,35300.0,36500.0,45190.0,45640.0,"Helpers--Installation, Maintenance, and Repair Workers"
14540,499099,40.0,35930.0,41600.0,44590.0,60860.0,63840.0,"Installation, Maintenance, and Repair Workers, All Other"
14540,513092,310.0,34690.0,35960.0,48670.0,48780.0,55050.0,Food Batchmakers
14540,514072,240.0,39930.0,40910.0,45490.0,57280.0,57930.0,"Molding, Coremaking, and Casting Machine Setters, Operators, and Tenders, Metal and Plastic"
14540,514111,180.0,49000.0,56630.0,69790.0,83220.0,83220.0,Tool and Die Makers
14540,516021,50.0,24660.0,24660.0,27790.0,27790.0,31160.0,"Pressers, Textile, Garment, and Related Materials"
14540,516031,50.0,26430.0,30680.0,32230.0,37370.0,46670.0,Sewing Machine Operators
14540,519011,190.0,41440.0,46260.0,60830.0,81790.0,103380.0,Chemical Equipment Operators and Tenders
14540,519124,100.0,35410.0,39980.0,48840.0,53500.0,57290.0,"Coating, Painting, and Spraying Machine Setters, Operators, and Tenders"
14540,519162,30.0,56230.0,57960.0,58800.0,86330.0,86760.0,Computer Numerically Controlled Tool Programmers
14540,519196,220.0,46710.0,49730.0,57620.0,59560.0,60510.0,"Paper Goods Machine Setters, Operators, and Tenders"
14540,519198,300.0,40350.0,40350.0,40350.0,48800.0,52010.0,Helpers--Production Workers
14540,533052,140.0,35230.0,38010.0,38310.0,46950.0,57080.0,"Bus Drivers, Transit and Intercity"
14540,536021,60.0,25100.0,29190.0,31190.0,36400.0,45240.0,Parking Attendants
14540,537063,30.0,32980.0,38370.0,43220.0,44820.0,58520.0,Machine Feeders and Offbearers
14540,537081,70.0,29930.0,34380.0,36810.0,48870.0,52470.0,Refuse and Recyclable Material Collectors
16620,000000,103450.0,25940.0,32230.0,45830.0,66980.0,101190.0,All Occupations
16620,110000,6740.0,49860.0,66280.0,90330.0,127890.0,175080.0,Management Occupations
16620,111011,240.0,67320.0,91530.0,161540.0,254120.0,368000.0,Chief Executives
16620,111021,2160.0,47150.0,58760.0,83190.0,121560.0,167820.0,General and Operations Managers
16620,112022,170.0,56290.0,64320.0,91920.0,131620.0,196010.0,Sales Managers
16620,113012,530.0,60740.0,67380.0,77520.0,90670.0,117670.0,Administrative Services Managers
16620,113013,90.0,53200.0,68640.0,84240.0,109560.0,152860.0,Facilities Managers
16620,113021,170.0,71960.0,81110.0,101560.0,147850.0,169130.0,Computer and Information Systems Managers
16620,113031,450.0,76740.0,85800.0,116300.0,152380.0,179430.0,Financial Managers
16620,113051,110.0,63480.0,95720.0,107960.0,141750.0,159380.0,Industrial Production Managers
16620,113071,130.0,47090.0,58290.0,86060.0,111000.0,140410.0,"Transportation, Storage, and Distribution Managers"
16620,113121,80.0,77690.0,90890.0,105920.0,152400.0,176590.0,Human Resources Managers
16620,119021,190.0,55040.0,64640.0,79050.0,97330.0,131350.0,Construction Managers
16620,119032,190.0,49740.0,61890.0,78260.0,92050.0,94850.0,"Education Administrators, Kindergarten through Secondary"
16620,119041,70.0,103690.0,120610.0,165690.0,169300.0,226410.0,Architectural and Engineering Managers
16620,119051,130.0,39500.0,47520.0,56200.0,67600.0,71030.0,Food Service Managers
16620,119111,280.0,79990.0,100970.0,125470.0,168570.0,275590.0,Medical and Health Services Managers
16620,119141,210.0,31060.0,40470.0,54640.0,78840.0,101240.0,"Property, Real Estate, and Community Association Managers"
16620,119151,160.0,47930.0,59160.0,70930.0,89530.0,101130.0,Social and Community Service Managers
16620,119199,,62740.0,79990.0,107490.0,162140.0,205980.0,"Managers, All Other"
16620,130000,5920.0,41590.0,50190.0,63990.0,84480.0,115210.0,Business and Financial Operations Occupations
16620,131020,150.0,45220.0,53610.0,67370.0,85400.0,96160.0,Buyers and Purchasing Agents
16620,131031,330.0,42550.0,54140.0,65000.0,80590.0,104370.0,"Claims Adjusters, Examiners, and Investigators"
16620,131041,480.0,40690.0,47500.0,54520.0,68370.0,107220.0,Compliance Officers
16620,131051,110.0,43060.0,50350.0,79300.0,123110.0,128330.0,Cost Estimators
16620,131071,540.0,41590.0,51400.0,61500.0,78700.0,102330.0,Human Resources Specialists
16620,131081,100.0,54660.0,64440.0,66300.0,82100.0,102000.0,Logisticians
16620,131082,390.0,54280.0,61570.0,89600.0,124550.0,142810.0,Project Management Specialists
16620,131111,230.0,63130.0,73920.0,94210.0,126200.0,156240.0,Management Analysts
16620,131121,40.0,28250.0,31200.0,36460.0,57560.0,64890.0,"Meeting, Convention, and Event Planners"
16620,131131,50.0,39030.0,44080.0,57220.0,65170.0,69440.0,Fundraisers
16620,131141,130.0,38650.0,41210.0,47860.0,60710.0,78030.0,"Compensation, Benefits, and Job Analysis Specialists"
16620,131151,330.0,39840.0,50480.0,63560.0,77770.0,92550.0,Training and Development Specialists
16620,131161,260.0,36110.0,38430.0,50490.0,71850.0,83610.0,Market Research Analysts and Marketing Specialists
16620,131199,710.0,38640.0,47830.0,59550.0,86510.0,117580.0,"Business Operations Specialists, All Other"
16620,132011,890.0,47090.0,56040.0,66560.0,79720.0,103430.0,Accountants and Auditors
16620,132020,60.0,36350.0,45650.0,47680.0,56780.0,65580.0,Property Appraisers and Assessors
16620,132051,140.0,44410.0,55190.0,66230.0,73190.0,90240.0,Financial and Investment Analysts
16620,132052,140.0,45020.0,54760.0,96050.0,170480.0,675730.0,Personal Financial Advisors
16620,132072,180.0,38490.0,45290.0,58390.0,76430.0,101270.0,Loan Officers
16620,150000,2510.0,45200.0,52890.0,68310.0,99870.0,132760.0,Computer and Mathematical Occupations
16620,151211,230.0,,,,,,Computer Systems Analysts
16620,151231,70.0,31610.0,37310.0,52670.0,67710.0,82630.0,Computer Network Support Specialists
16620,151232,400.0,39200.0,46520.0,50700.0,61430.0,79510.0,Computer User Support Specialists
16620,151241,70.0,81300.0,102040.0,131210.0,131210.0,131210.0,Computer Network Architects
16620,151242,60.0,53230.0,61600.0,70280.0,83430.0,111750.0,Database Administrators
16620,151244,280.0,51020.0,61520.0,72040.0,82740.0,105490.0,Network and Computer Systems Administrators
16620,151251,40.0,,,,,,Computer Programmers
16620,151252,350.0,72380.0,84290.0,122980.0,136370.0,168620.0,Software Developers
16620,151299,480.0,,,,,,"Computer Occupations, All Other"
16620,152051,100.0,63490.0,69140.0,79860.0,98220.0,125110.0,Data Scientists
16620,170000,1780.0,46960.0,59990.0,82680.0,122790.0,152280.0,Architecture and Engineering Occupations
16620,172051,280.0,51640.0,63210.0,94810.0,111940.0,136990.0,Civil Engineers
16620,172071,60.0,89680.0,113420.0,129250.0,150000.0,159280.0,Electrical Engineers
16620,172112,160.0,87010.0,130540.0,143860.0,163090.0,171210.0,Industrial Engineers
16620,172141,60.0,62780.0,81000.0,98050.0,145640.0,155880.0,Mechanical Engineers
16620,173011,70.0,40740.0,46610.0,60920.0,78700.0,87890.0,Architectural and Civil Drafters
16620,173031,70.0,34520.0,35830.0,46100.0,60290.0,74680.0,Surveying and Mapping Technicians
16620,190000,1420.0,43320.0,51150.0,64170.0,88230.0,112400.0,"Life, Physical, and Social Science Occupations"
16620,191042,,54080.0,64310.0,78840.0,93180.0,95030.0,"Medical Scientists, Except Epidemiologists"
16620,192031,30.0,51670.0,55190.0,88640.0,126450.0,126500.0,Chemists
16620,192041,60.0,50650.0,59640.0,74090.0,96830.0,112400.0,"Environmental Scientists and Specialists, Including Health"
16620,193033,180.0,49470.0,58240.0,66620.0,105190.0,147800.0,Clinical and Counseling Psychologists
16620,193051,110.0,47190.0,50390.0,61380.0,72740.0,90170.0,Urban and Regional Planners
16620,195011,150.0,52580.0,64970.0,96990.0,122140.0,129470.0,Occupational Health and Safety Specialists
16620,210000,2490.0,35480.0,41050.0,49990.0,60740.0,71860.0,Community and Social Service Occupations
16620,211012,170.0,36760.0,42290.0,49900.0,59780.0,70030.0,"Educational, Guidance, and Career Counselors and Advisors"
16620,211015,140.0,34170.0,43040.0,53960.0,63870.0,70870.0,Rehabilitation Counselors
16620,211018,330.0,32760.0,38650.0,48960.0,62200.0,73640.0,"Substance Abuse, Behavioral Disorder, and Mental Health Counselors"
16620,211021,600.0,42890.0,48550.0,53070.0,61790.0,68390.0,"Child, Family, and School Social Workers"
16620,211022,150.0,47200.0,56840.0,62260.0,79410.0,79480.0,Healthcare Social Workers
16620,211023,60.0,39530.0,43410.0,48790.0,49500.0,54390.0,Mental Health and Substance Abuse Social Workers
16620,211091,50.0,46310.0,59130.0,80850.0,97280.0,118240.0,Health Education Specialists
16620,211092,220.0,40390.0,48920.0,55580.0,63250.0,73520.0,Probation Officers and Correctional Treatment Specialists
16620,211093,480.0,31380.0,36930.0,41260.0,46710.0,56350.0,Social and Human Service Assistants
16620,230000,1620.0,43800.0,61940.0,81890.0,107870.0,162560.0,Legal Occupations
16620,231011,880.0,67170.0,81890.0,101150.0,136240.0,202040.0,Lawyers
16620,232011,480.0,34590.0,44490.0,54780.0,75360.0,107870.0,Paralegals and Legal Assistants
16620,250000,4440.0,29630.0,36670.0,50810.0,58600.0,71260.0,Educational Instruction and Library Occupations
16620,251011,40.0,49060.0,66200.0,84770.0,127090.0,188830.0,"Business Teachers, Postsecondary"
16620,251071,70.0,28280.0,39180.0,65090.0,85480.0,128530.0,"Health Specialties Teachers, Postsecondary"
16620,251199,90.0,43840.0,48360.0,65260.0,84260.0,105110.0,"Postsecondary Teachers, All Other"
16620,252011,220.0,23550.0,27520.0,32450.0,47500.0,55550.0,"Preschool Teachers, Except Special Education"
16620,252021,590.0,48780.0,50910.0,57020.0,57750.0,59440.0,"Elementary School Teachers, Except Special Education"
16620,252031,330.0,48080.0,52250.0,55800.0,55970.0,60790.0,"Secondary School Teachers, Except Special and Career/Technical Education"
16620,252052,200.0,43120.0,46440.0,49240.0,60760.0,63460.0,"Special Education Teachers, Kindergarten and Elementary School"
16620,253021,40.0,25450.0,37600.0,45790.0,61110.0,90360.0,Self-Enrichment Teachers
16620,253031,210.0,45080.0,45080.0,45080.0,48250.0,73840.0,"Substitute Teachers, Short-Term"
16620,253099,90.0,32060.0,35360.0,43310.0,63020.0,78330.0,"Teachers and Instructors, All Other"
16620,254022,60.0,36850.0,46190.0,50740.0,57660.0,59100.0,Librarians and Media Collections Specialists
16620,254031,40.0,27630.0,31820.0,37000.0,44180.0,62830.0,Library Technicians
16620,259045,770.0,28320.0,29000.0,29760.0,36010.0,36670.0,"Teaching Assistants, Except Postsecondary"
16620,270000,860.0,29190.0,35370.0,44710.0,60170.0,80940.0,"Arts, Design, Entertainment, Sports, and Media Occupations"
16620,271024,60.0,30440.0,35190.0,37920.0,49570.0,58410.0,Graphic Designers
16620,271026,150.0,28510.0,34090.0,37030.0,37340.0,47270.0,Merchandise Displayers and Window Trimmers
16620,272022,100.0,31040.0,35040.0,45000.0,59780.0,84740.0,Coaches and Scouts
16620,273031,90.0,32720.0,46950.0,54790.0,68240.0,85190.0,Public Relations Specialists
16620,274011,50.0,35630.0,46590.0,46590.0,52160.0,88380.0,Audio and Video Technicians
16620,290000,10560.0,43040.0,57390.0,78190.0,119880.0,161460.0,Healthcare Practitioners and Technical Occupations
16620,291021,70.0,128770.0,129990.0,152980.0,194320.0,302070.0,"Dentists, General"
16620,291031,90.0,63110.0,71640.0,92390.0,92390.0,92400.0,Dietitians and Nutritionists
16620,291051,340.0,80400.0,124140.0,131660.0,147670.0,167800.0,Pharmacists
16620,291071,190.0,88160.0,110210.0,126620.0,149760.0,164450.0,Physician Assistants
16620,291122,80.0,60180.0,66360.0,91520.0,105380.0,116580.0,Occupational Therapists
16620,291123,140.0,75180.0,83830.0,103760.0,119880.0,139050.0,Physical Therapists
16620,291126,220.0,62480.0,64850.0,68670.0,78130.0,101230.0,Respiratory Therapists
16620,291127,110.0,63940.0,68510.0,68510.0,95940.0,103770.0,Speech-Language Pathologists
16620,291131,50.0,59630.0,79990.0,112140.0,156320.0,189160.0,Veterinarians
16620,291141,4320.0,51110.0,67280.0,80230.0,104310.0,138850.0,Registered Nurses
16620,291171,370.0,101220.0,116260.0,129260.0,134320.0,158830.0,Nurse Practitioners
16620,291216,330.0,63540.0,63540.0,63540.0,372370.0,432320.0,General Internal Medicine Physicians
16620,291229,180.0,153960.0,216720.0,285470.0,311250.0,328330.0,"Physicians, All Other"
16620,291292,260.0,62510.0,64730.0,65520.0,75190.0,76200.0,Dental Hygienists
16620,292010,310.0,39640.0,46650.0,62980.0,66750.0,83610.0,Clinical Laboratory Technologists and Technicians
16620,292032,160.0,64820.0,65610.0,75900.0,81430.0,97300.0,Diagnostic Medical Sonographers
16620,292034,320.0,54340.0,63080.0,79570.0,92770.0,97750.0,Radiologic Technologists and Technicians
16620,292042,80.0,26700.0,28030.0,32850.0,36780.0,46580.0,Emergency Medical Technicians
16620,292052,540.0,30770.0,36180.0,37930.0,44420.0,48110.0,Pharmacy Technicians
16620,292053,130.0,34480.0,35150.0,35150.0,42780.0,46350.0,Psychiatric Technicians
16620,292055,140.0,37140.0,39520.0,49110.0,62470.0,63610.0,Surgical Technologists
16620,292056,70.0,30610.0,37440.0,41710.0,44920.0,45100.0,Veterinary Technologists and Technicians
16620,292061,670.0,43150.0,48090.0,54370.0,61640.0,67440.0,Licensed Practical and Licensed Vocational Nurses
16620,292072,80.0,33100.0,36970.0,47130.0,59010.0,66100.0,Medical Records Specialists
16620,292081,50.0,33340.0,37310.0,38130.0,46630.0,54140.0,"Opticians, Dispensing"
16620,292099,110.0,38680.0,46030.0,52210.0,60200.0,80070.0,"Health Technologists and Technicians, All Other"
16620,310000,6670.0,23160.0,28680.0,32620.0,37970.0,44780.0,Healthcare Support Occupations
16620,311120,3200.0,22400.0,23390.0,28680.0,28810.0,30720.0,Home Health and Personal Care Aides
16620,311131,1380.0,32620.0,35930.0,36250.0,37970.0,43640.0,Nursing Assistants
16620,312021,80.0,44920.0,50030.0,63020.0,72270.0,86140.0,Physical Therapist Assistants
16620,319011,30.0,27180.0,31330.0,39520.0,50660.0,63140.0,Massage Therapists
16620,319091,210.0,34270.0,35460.0,38090.0,48720.0,57270.0,Dental Assistants
16620,319092,900.0,30920.0,36510.0,38190.0,40280.0,45160.0,Medical Assistants
16620,319093,100.0,35080.0,35810.0,45610.0,46000.0,51970.0,Medical Equipment Preparers
16620,319096,90.0,23070.0,27280.0,32070.0,35990.0,37090.0,Veterinary Assistants and Laboratory Animal Caretakers
16620,330000,3910.0,20800.0,20800.0,33910.0,47540.0,59120.0,Protective Service Occupations
16620,331012,90.0,54020.0,72260.0,77780.0,85570.0,95180.0,First-Line Supervisors of Police and Detectives
16620,331091,140.0,29200.0,36100.0,37350.0,47180.0,59490.0,First-Line Supervisors of Security Workers
16620,332011,230.0,29650.0,36680.0,38780.0,43920.0,44610.0,Firefighters
16620,333051,510.0,41950.0,48920.0,57460.0,58220.0,70980.0,Police and Sheriff's Patrol Officers
16620,339032,2160.0,20800.0,20800.0,20800.0,33260.0,37060.0,Security Guards
16620,339091,230.0,30370.0,30440.0,32390.0,41650.0,83580.0,Crossing Guards and Flaggers
16620,350000,7890.0,21470.0,22760.0,27410.0,32430.0,43090.0,Food Preparation and Serving Related Occupations
16620,351012,930.0,26850.0,28580.0,30450.0,36640.0,46140.0,First-Line Supervisors of Food Preparation and Serving Workers
16620,352011,2230.0,22170.0,22380.0,23180.0,26850.0,27820.0,"Cooks, Fast Food"
16620,352012,660.0,24010.0,27590.0,30050.0,34280.0,38340.0,"Cooks, Institution and Cafeteria"
16620,352014,770.0,22530.0,23580.0,29450.0,31200.0,36940.0,"Cooks, Restaurant"
16620,352015,80.0,22550.0,26610.0,27590.0,31540.0,37190.0,"Cooks, Short Order"
16620,352021,310.0,21970.0,22790.0,27970.0,31540.0,36960.0,Food Preparation Workers
16620,353011,350.0,18980.0,23160.0,30900.0,46000.0,64920.0,Bartenders
16620,353023,730.0,18720.0,19810.0,22380.0,28570.0,34710.0,Fast Food and Counter Workers
16620,353031,1190.0,20270.0,27170.0,36900.0,48160.0,58540.0,Waiters and Waitresses
16620,359011,150.0,21540.0,22980.0,27360.0,37020.0,38220.0,Dining Room and Cafeteria Attendants and Bartender Helpers
16620,359021,210.0,18720.0,21780.0,26440.0,28690.0,29620.0,Dishwashers
16620,359031,190.0,21320.0,22250.0,25470.0,27180.0,27640.0,"Hosts and Hostesses, Restaurant, Lounge, and Coffee Shop"
16620,370000,2950.0,23050.0,27130.0,30610.0,37450.0,44500.0,Building and Grounds Cleaning and Maintenance Occupations
16620,371011,120.0,29680.0,30490.0,39060.0,43920.0,59480.0,First-Line Supervisors of Housekeeping and Janitorial Workers
16620,371012,40.0,36160.0,40760.0,50150.0,58570.0,65280.0,"First-Line Supervisors of Landscaping, Lawn Service, and Groundskeeping Workers"
16620,372011,1490.0,22570.0,26810.0,30330.0,38190.0,44700.0,"Janitors and Cleaners, Except Maids and Housekeeping Cleaners"
16620,372012,760.0,23020.0,26650.0,29280.0,36080.0,36480.0,Maids and Housekeeping Cleaners
16620,373011,360.0,25310.0,29730.0,30630.0,36020.0,37470.0,Landscaping and Groundskeeping Workers
16620,390000,1420.0,21650.0,24960.0,28640.0,36900.0,47850.0,Personal Care and Service Occupations
16620,391022,60.0,25110.0,30710.0,40620.0,47490.0,53620.0,First-Line Supervisors of Personal Service Workers
16620,392021,200.0,21740.0,23140.0,28360.0,31040.0,45490.0,Animal Caretakers
16620,393091,60.0,20290.0,21650.0,25670.0,26970.0,33280.0,Amusement and Recreation Attendants
16620,399011,210.0,22660.0,23890.0,27370.0,28700.0,36170.0,Childcare Workers
16620,399031,80.0,27420.0,32910.0,39090.0,45640.0,55470.0,Exercise Trainers and Group Fitness Instructors
16620,399032,120.0,22190.0,26150.0,28420.0,34990.0,46250.0,Recreation Workers
16620,399041,170.0,26600.0,26870.0,31560.0,36490.0,36900.0,Residential Advisors
16620,410000,8110.0,22010.0,25200.0,30680.0,43990.0,64710.0,Sales and Related Occupations
16620,411011,960.0,28450.0,33070.0,41920.0,56280.0,64940.0,First-Line Supervisors of Retail Sales Workers
16620,411012,70.0,44110.0,49340.0,64990.0,76410.0,95770.0,First-Line Supervisors of Non-Retail Sales Workers
16620,412011,2170.0,21400.0,22080.0,26280.0,29080.0,34570.0,Cashiers
16620,412021,360.0,22890.0,30110.0,35500.0,42910.0,46640.0,Counter and Rental Clerks
16620,412022,270.0,23450.0,28620.0,36950.0,47330.0,62710.0,Parts Salespersons
16620,412031,2650.0,22250.0,25200.0,29050.0,35520.0,40440.0,Retail Salespersons
16620,413021,180.0,30850.0,36850.0,57710.0,84130.0,124990.0,Insurance Sales Agents
16620,413031,150.0,37990.0,47560.0,57240.0,68500.0,121380.0,"Securities, Commodities, and Financial Services Sales Agents"
16620,413091,270.0,31820.0,37240.0,50880.0,77350.0,129990.0,"Sales Representatives of Services, Except Advertising, Insurance, Financial Services, and Travel"
16620,414011,130.0,65670.0,81620.0,85240.0,124750.0,153410.0,"Sales Representatives, Wholesale and Manufacturing, Technical and Scientific Products"
16620,414012,480.0,36770.0,45340.0,64620.0,81310.0,107680.0,"Sales Representatives, Wholesale and Manufacturing, Except Technical and Scientific Products"
16620,419022,50.0,25990.0,37610.0,51670.0,64830.0,105600.0,Real Estate Sales Agents
16620,430000,13270.0,29150.0,35070.0,40510.0,50210.0,63170.0,Office and Administrative Support Occupations
16620,431011,1070.0,39890.0,46730.0,57670.0,69000.0,81600.0,First-Line Supervisors of Office and Administrative Support Workers
16620,433011,180.0,38430.0,40530.0,44680.0,46330.0,50070.0,Bill and Account Collectors
16620,433021,290.0,31560.0,36930.0,40750.0,48490.0,72080.0,Billing and Posting Clerks
16620,433031,1050.0,31990.0,37440.0,43350.0,49840.0,57330.0,"Bookkeeping, Accounting, and Auditing Clerks"
16620,433051,80.0,30680.0,37330.0,45140.0,54320.0,64450.0,Payroll and Timekeeping Clerks
16620,433071,350.0,28460.0,28980.0,34480.0,36650.0,39350.0,Tellers
16620,434031,330.0,33720.0,35390.0,37810.0,42850.0,48350.0,"Court, Municipal, and License Clerks"
16620,434051,1650.0,30800.0,34990.0,37480.0,46800.0,55200.0,Customer Service Representatives
16620,434061,100.0,32920.0,37480.0,41290.0,47440.0,51990.0,"Eligibility Interviewers, Government Programs"
16620,434071,70.0,25090.0,28720.0,38540.0,44380.0,44940.0,File Clerks
16620,434081,150.0,22830.0,24340.0,27050.0,28360.0,34210.0,"Hotel, Motel, and Resort Desk Clerks"
16620,434111,380.0,32130.0,35880.0,37140.0,38100.0,44520.0,"Interviewers, Except Eligibility and Loan"
16620,434121,,30800.0,30800.0,30810.0,35650.0,38690.0,"Library Assistants, Clerical"
16620,434131,110.0,37070.0,37230.0,43170.0,46030.0,47980.0,Loan Interviewers and Clerks
16620,434161,110.0,34090.0,36690.0,41970.0,46380.0,52410.0,"Human Resources Assistants, Except Payroll and Timekeeping"
16620,434171,800.0,23760.0,28520.0,32810.0,37260.0,41240.0,Receptionists and Information Clerks
16620,434199,60.0,35830.0,40910.0,55430.0,62730.0,71930.0,"Information and Record Clerks, All Other"
16620,435031,110.0,36210.0,36820.0,39460.0,44240.0,50680.0,Public Safety Telecommunicators
16620,435032,130.0,28650.0,35410.0,46100.0,60320.0,63170.0,"Dispatchers, Except Police, Fire, and Ambulance"
16620,435051,110.0,42600.0,42600.0,58470.0,68810.0,72950.0,Postal Service Clerks
16620,435052,240.0,43120.0,53310.0,62070.0,81040.0,81040.0,Postal Service Mail Carriers
16620,435061,80.0,45640.0,51480.0,63740.0,73420.0,80000.0,"Production, Planning, and Expediting Clerks"
16620,435071,290.0,31040.0,34660.0,38870.0,50220.0,63750.0,"Shipping, Receiving, and Inventory Clerks"
16620,436011,230.0,47740.0,52150.0,62270.0,76840.0,95440.0,Executive Secretaries and Executive Administrative Assistants
16620,436012,260.0,29080.0,38100.0,49130.0,57480.0,61630.0,Legal Secretaries and Administrative Assistants
16620,436013,280.0,32960.0,37610.0,38540.0,44860.0,50690.0,Medical Secretaries and Administrative Assistants
16620,436014,1630.0,30800.0,36520.0,43550.0,49920.0,57980.0,"Secretaries and Administrative Assistants, Except Legal, Medical, and Executive"
16620,439021,110.0,27250.0,33110.0,36610.0,39950.0,45060.0,Data Entry Keyers
16620,439041,290.0,34660.0,37660.0,43410.0,48980.0,63660.0,Insurance Claims and Policy Processing Clerks
16620,439061,1400.0,25120.0,29400.0,35800.0,42190.0,48860.0,"Office Clerks, General"
16620,450000,50.0,26270.0,28080.0,34140.0,49630.0,52830.0,"Farming, Fishing, and Forestry Occupations"
16620,470000,4780.0,35820.0,45190.0,59630.0,74050.0,87150.0,Construction and Extraction Occupations
16620,471011,570.0,51170.0,63220.0,79420.0,104240.0,126740.0,First-Line Supervisors of Construction Trades and Extraction Workers
16620,472031,370.0,33930.0,38130.0,49060.0,61320.0,71190.0,Carpenters
16620,472051,70.0,39240.0,56510.0,59330.0,64460.0,66030.0,Cement Masons and Concrete Finishers
16620,472061,660.0,31200.0,36010.0,47770.0,59880.0,65590.0,Construction Laborers
16620,472073,940.0,37440.0,44970.0,57640.0,63230.0,77490.0,Operating Engineers and Other Construction Equipment Operators
16620,472111,480.0,44370.0,47940.0,64830.0,81460.0,93350.0,Electricians
16620,472141,100.0,29350.0,35380.0,47540.0,56510.0,64700.0,"Painters, Construction and Maintenance"
16620,472152,260.0,37310.0,45770.0,58940.0,76660.0,83800.0,"Plumbers, Pipefitters, and Steamfitters"
16620,474011,100.0,43680.0,52300.0,63720.0,92790.0,94230.0,Construction and Building Inspectors
16620,474051,110.0,29910.0,31790.0,46470.0,53910.0,60850.0,Highway Maintenance Workers
16620,490000,5010.0,31950.0,38370.0,50560.0,68210.0,91480.0,"Installation, Maintenance, and Repair Occupations"
16620,491011,640.0,44290.0,53870.0,72190.0,101870.0,108570.0,"First-Line Supervisors of Mechanics, Installers, and Repairers"
16620,492011,50.0,32600.0,36960.0,39690.0,55730.0,62600.0,"Computer, Automated Teller, and Office Machine Repairers"
16620,492022,160.0,44730.0,48500.0,63560.0,79610.0,88990.0,"Telecommunications Equipment Installers and Repairers, Except Line Installers"
16620,492098,80.0,41610.0,51100.0,60440.0,64620.0,69070.0,Security and Fire Alarm Systems Installers
16620,493021,110.0,36940.0,42850.0,47690.0,48940.0,60950.0,Automotive Body and Related Repairers
16620,493023,690.0,29260.0,36010.0,41390.0,57550.0,75920.0,Automotive Service Technicians and Mechanics
16620,493031,120.0,35900.0,37870.0,50350.0,65960.0,94800.0,Bus and Truck Mechanics and Diesel Engine Specialists
16620,493042,320.0,39570.0,46640.0,59920.0,63640.0,79610.0,"Mobile Heavy Equipment Mechanics, Except Engines"
16620,493093,110.0,28930.0,29220.0,32770.0,40080.0,46190.0,Tire Repairers and Changers
16620,499012,80.0,45850.0,61210.0,80130.0,81550.0,93330.0,"Control and Valve Installers and Repairers, Except Mechanical Door"
16620,499021,350.0,37280.0,46100.0,51510.0,66030.0,80080.0,"Heating, Air Conditioning, and Refrigeration Mechanics and Installers"
16620,499041,310.0,45200.0,46780.0,59010.0,73390.0,89270.0,Industrial Machinery Mechanics
16620,499062,60.0,37280.0,47030.0,49710.0,75500.0,82250.0,Medical Equipment Repairers
16620,499071,1120.0,29140.0,34110.0,39350.0,51220.0,70340.0,"Maintenance and Repair Workers, General"
16620,510000,3520.0,29140.0,36330.0,44180.0,60120.0,80000.0,Production Occupations
16620,511011,310.0,48110.0,52690.0,61530.0,77530.0,117860.0,First-Line Supervisors of Production and Operating Workers
16620,512090,380.0,30350.0,31800.0,38780.0,43480.0,49210.0,Miscellaneous Assemblers and Fabricators
16620,513011,110.0,22550.0,22550.0,28010.0,36080.0,44990.0,Bakers
16620,513021,80.0,27650.0,30990.0,35110.0,38580.0,45840.0,Butchers and Meat Cutters
16620,514041,110.0,35780.0,39600.0,48110.0,64840.0,74770.0,Machinists
16620,514081,90.0,36010.0,36920.0,71470.0,71470.0,71470.0,"Multiple Machine Tool Setters, Operators, and Tenders, Metal and Plastic"
16620,514121,190.0,37050.0,40450.0,48000.0,60850.0,75420.0,"Welders, Cutters, Solderers, and Brazers"
16620,515112,40.0,25780.0,29490.0,37220.0,45160.0,53270.0,Printing Press Operators
16620,516011,190.0,23140.0,26790.0,29090.0,34490.0,35550.0,Laundry and Dry-Cleaning Workers
16620,518031,180.0,36590.0,41740.0,46570.0,61210.0,78120.0,Water and Wastewater Treatment Plant and System Operators
16620,519061,260.0,34410.0,40200.0,49810.0,61000.0,76460.0,"Inspectors, Testers, Sorters, Samplers, and Weighers"
16620,519111,60.0,35780.0,37360.0,46010.0,56220.0,56860.0,Packaging and Filling Machine Operators and Tenders
16620,519199,220.0,29140.0,29180.0,29850.0,44180.0,45740.0,"Production Workers, All Other"
16620,530000,7530.0,26830.0,31100.0,36840.0,48890.0,64700.0,Transportation and Material Moving Occupations
16620,531047,350.0,37570.0,43920.0,55150.0,74660.0,96240.0,"First-Line Supervisors of Transportation and Material Moving Workers, Except Aircraft Cargo Handling"
16620,533031,380.0,18760.0,20520.0,23060.0,38870.0,56260.0,Driver/Sales Workers
16620,533032,1430.0,35940.0,42520.0,49580.0,60630.0,74650.0,Heavy and Tractor-Trailer Truck Drivers
16620,533033,590.0,24340.0,29500.0,42890.0,61910.0,93730.0,Light Truck Drivers
16620,533051,740.0,29400.0,31880.0,34540.0,34670.0,35030.0,"Bus Drivers, School"
16620,533053,200.0,21750.0,23510.0,27350.0,32830.0,40720.0,Shuttle Drivers and Chauffeurs
16620,536031,40.0,23300.0,23520.0,27440.0,29860.0,35210.0,Automotive and Watercraft Service Attendants
16620,537051,100.0,33820.0,36850.0,43570.0,45980.0,50650.0,Industrial Truck and Tractor Operators
16620,537061,170.0,22540.0,26670.0,29550.0,30740.0,35230.0,Cleaners of Vehicles and Equipment
16620,537062,1390.0,28470.0,34580.0,37340.0,45300.0,51640.0,"Laborers and Freight, Stock, and Material Movers, Hand"
16620,537064,50.0,26000.0,28510.0,30870.0,33640.0,38780.0,"Packers and Packagers, Hand"
16620,537065,1300.0,27390.0,30110.0,32830.0,36450.0,44750.0,Stockers and Order Fillers
16620,119033,140.0,47830.0,62220.0,77810.0,99290.0,134320.0,"Education Administrators, Postsecondary"
16620,132082,50.0,30040.0,35630.0,45650.0,65710.0,98070.0,Tax Preparers
16620,171022,80.0,48340.0,51210.0,60160.0,78980.0,95360.0,Surveyors
16620,173022,210.0,35110.0,38640.0,54180.0,65580.0,75400.0,Civil Engineering Technologists and Technicians
16620,194061,80.0,,,,,,Social Science Research Assistants
16620,211094,50.0,30510.0,36260.0,38080.0,39640.0,52630.0,Community Health Workers
16620,252022,480.0,47990.0,54900.0,56970.0,58590.0,60220.0,"Middle School Teachers, Except Special and Career/Technical Education"
16620,252058,60.0,46060.0,50720.0,52330.0,55270.0,70640.0,"Special Education Teachers, Secondary School"
16620,259031,130.0,48290.0,58520.0,68990.0,79380.0,94290.0,Instructional Coordinators
16620,259099,,30740.0,30740.0,37230.0,38590.0,38590.0,"Educational Instruction and Library Workers, All Other"
16620,292043,130.0,30160.0,33700.0,43110.0,56790.0,57570.0,Paramedics
16620,312011,40.0,52560.0,54880.0,57520.0,62590.0,74900.0,Occupational Therapy Assistants
16620,319097,450.0,38470.0,39240.0,40120.0,45400.0,45890.0,Phlebotomists
16620,333021,80.0,50270.0,53520.0,92410.0,136120.0,166860.0,Detectives and Criminal Investigators
16620,339092,70.0,20590.0,20920.0,25480.0,30150.0,30160.0,"Lifeguards, Ski Patrol, and Other Recreational Protective Service Workers"
16620,353041,60.0,22810.0,24020.0,30330.0,30420.0,34890.0,"Food Servers, Nonrestaurant"
16620,393031,40.0,19960.0,21540.0,26630.0,28350.0,28350.0,"Ushers, Lobby Attendants, and Ticket Takers"
16620,433061,140.0,38240.0,44490.0,50260.0,58250.0,63860.0,Procurement Clerks
16620,435021,100.0,32060.0,34810.0,34840.0,35440.0,40390.0,Couriers and Messengers
16620,435111,40.0,27690.0,27820.0,31950.0,38480.0,42340.0,"Weighers, Measurers, Checkers, and Samplers, Recordkeeping"
16620,472211,80.0,39250.0,46950.0,68000.0,74750.0,75080.0,Sheet Metal Workers
16620,499043,160.0,47460.0,52000.0,60920.0,91100.0,91600.0,"Maintenance Workers, Machinery"
16620,499099,50.0,34320.0,37690.0,45700.0,54830.0,68210.0,"Installation, Maintenance, and Repair Workers, All Other"
16620,516031,30.0,21960.0,22220.0,28430.0,30350.0,36180.0,Sewing Machine Operators
16620,519011,280.0,49040.0,60100.0,77670.0,93130.0,94940.0,Chemical Equipment Operators and Tenders
16620,519124,30.0,36590.0,40450.0,48890.0,50690.0,58300.0,"Coating, Painting, and Spraying Machine Setters, Operators, and Tenders"
16620,536021,70.0,24960.0,26840.0,27380.0,31170.0,43370.0,Parking Attendants
16620,537081,130.0,25040.0,31100.0,37850.0,37850.0,46210.0,Refuse and Recyclable Material Collectors
16620,119039,50.0,48840.0,48960.0,88250.0,102070.0,116080.0,"Education Administrators, All Other"
16620,131075,140.0,79460.0,79730.0,98380.0,115290.0,125360.0,Labor Relations Specialists
16620,132041,40.0,46890.0,51310.0,57320.0,73210.0,96890.0,Credit Analysts
16620,132053,90.0,48670.0,59350.0,64730.0,97320.0,193800.0,Insurance Underwriters
16620,132061,60.0,37490.0,48920.0,65060.0,78510.0,105610.0,Financial Examiners
16620,132071,30.0,41460.0,42140.0,47380.0,47380.0,55600.0,Credit Counselors
16620,132081,90.0,44480.0,47890.0,52210.0,60710.0,75240.0,"Tax Examiners and Collectors, and Revenue Agents"
16620,132099,100.0,45190.0,50000.0,63130.0,86650.0,108890.0,"Financial Specialists, All Other"
16620,151212,70.0,43660.0,45380.0,64840.0,101910.0,124950.0,Information Security Analysts
16620,151243,30.0,60930.0,69630.0,104570.0,129700.0,164870.0,Database Architects
16620,151253,,48200.0,48200.0,62300.0,62300.0,102080.0,Software Quality Assurance Analysts and Testers
16620,152031,80.0,51220.0,58200.0,65440.0,72790.0,86440.0,Operations Research Analysts
16620,152041,40.0,43410.0,49680.0,55340.0,85620.0,108600.0,Statisticians
16620,172081,200.0,,,,,,Environmental Engineers
16620,172151,70.0,59990.0,68930.0,84450.0,122790.0,134750.0,"Mining and Geological Engineers, Including Mining Safety Engineers"
16620,172171,80.0,79780.0,84300.0,88860.0,108130.0,196510.0,Petroleum Engineers
16620,172199,130.0,57190.0,75210.0,119900.0,133500.0,154140.0,"Engineers, All Other"
16620,173023,40.0,57710.0,76540.0,85510.0,85620.0,104050.0,Electrical and Electronic Engineering Technologists and Technicians
16620,173027,,37450.0,47660.0,47660.0,69350.0,69360.0,Mechanical Engineering Technologists and Technicians
16620,173029,90.0,67200.0,82970.0,96510.0,97830.0,127850.0,"Engineering Technologists and Technicians, Except Drafters, All Other"
16620,191031,,44880.0,52960.0,81760.0,93360.0,135610.0,Conservation Scientists
16620,193034,40.0,59000.0,59730.0,67860.0,67860.0,99400.0,School Psychologists
16620,194042,170.0,37220.0,49800.0,59090.0,63660.0,68830.0,"Environmental Science and Protection Technicians, Including Health"
16620,194092,80.0,44120.0,57730.0,63920.0,75430.0,84750.0,Forensic Science Technicians
16620,194099,30.0,30470.0,48310.0,60420.0,64940.0,91040.0,"Life, Physical, and Social Science Technicians, All Other"
16620,211019,40.0,23110.0,31510.0,44700.0,50270.0,60750.0,"Counselors, All Other"
16620,211029,70.0,24850.0,45990.0,53100.0,68100.0,92710.0,"Social Workers, All Other"
16620,211099,80.0,30540.0,36530.0,44850.0,55030.0,68630.0,"Community and Social Service Specialists, All Other"
16620,212011,50.0,36600.0,36680.0,50520.0,59320.0,59320.0,Clergy
16620,231012,40.0,52120.0,52120.0,52120.0,71890.0,98890.0,Judicial Law Clerks
16620,231023,40.0,63240.0,63240.0,103940.0,138590.0,149590.0,"Judges, Magistrate Judges, and Magistrates"
16620,232093,60.0,37050.0,61350.0,78530.0,81190.0,99210.0,"Title Examiners, Abstractors, and Searchers"
16620,232099,60.0,31670.0,36190.0,55890.0,64940.0,71930.0,"Legal Support Workers, All Other"
16620,251042,30.0,32530.0,54660.0,64150.0,80260.0,80260.0,"Biological Science Teachers, Postsecondary"
16620,251072,40.0,48140.0,60400.0,64840.0,86840.0,96660.0,"Nursing Instructors and Teachers, Postsecondary"
16620,251081,40.0,39720.0,49330.0,61680.0,83540.0,108620.0,"Education Teachers, Postsecondary"
16620,252032,90.0,51230.0,53180.0,58490.0,64590.0,65850.0,"Career/Technical Education Teachers, Secondary School"
16620,252059,50.0,31310.0,32630.0,34560.0,50540.0,50560.0,"Special Education Teachers, All Other"
16620,253011,,47670.0,59970.0,64280.0,70790.0,75270.0,"Adult Basic Education, Adult Secondary Education, and English as a Second Language Instructors"
16620,253041,60.0,24810.0,31360.0,37320.0,47840.0,57030.0,Tutors
16620,271023,40.0,23110.0,23340.0,29190.0,34270.0,34560.0,Floral Designers
16620,273043,30.0,42330.0,54330.0,72340.0,72340.0,95410.0,Writers and Authors
16620,291151,220.0,231640.0,232350.0,280250.0,290670.0,290670.0,Nurse Anesthetists
16620,291215,90.0,181670.0,181670.0,344250.0,423270.0,423270.0,Family Medicine Physicians
16620,291224,60.0,102010.0,105630.0,482670.0,482670.0,482670.0,Radiologists
16620,291249,60.0,124950.0,551200.0,619320.0,638860.0,638860.0,"Surgeons, All Other"
16620,292033,30.0,67090.0,76090.0,86780.0,101840.0,101840.0,Nuclear Medicine Technologists
16620,319099,60.0,29260.0,33640.0,37130.0,46080.0,50050.0,"Healthcare Support Workers, All Other"
16620,331021,70.0,36970.0,46920.0,47680.0,58000.0,72020.0,First-Line Supervisors of Firefighting and Prevention Workers
16620,332021,30.0,39410.0,45270.0,49100.0,51910.0,57290.0,Fire Inspectors and Investigators
16620,339099,30.0,29560.0,31190.0,39850.0,63490.0,93230.0,"Protective Service Workers, All Other"
16620,372021,70.0,24760.0,34310.0,37950.0,39140.0,44320.0,Pest Control Workers
16620,373019,30.0,30090.0,30090.0,32180.0,44570.0,80080.0,"Grounds Maintenance Workers, All Other"
16620,394021,30.0,30430.0,30480.0,34300.0,35170.0,36300.0,Funeral Attendants
16620,419011,,21990.0,21990.0,21990.0,21990.0,22510.0,Demonstrators and Product Promoters
16620,419021,40.0,36040.0,47920.0,50310.0,58960.0,97490.0,Real Estate Brokers
16620,419099,50.0,25940.0,25940.0,29890.0,32160.0,33930.0,"Sales and Related Workers, All Other"
16620,433099,180.0,34490.0,39070.0,44200.0,49390.0,56190.0,"Financial Clerks, All Other"
16620,435053,360.0,47440.0,54330.0,59490.0,67790.0,75280.0,"Postal Service Mail Sorters, Processors, and Processing Machine Operators"
16620,439051,50.0,20950.0,24980.0,31060.0,34430.0,40010.0,"Mail Clerks and Mail Machine Operators, Except Postal Service"
16620,439199,70.0,21930.0,27610.0,35410.0,59670.0,69240.0,"Office and Administrative Support Workers, All Other"
16620,472021,40.0,38690.0,46220.0,49670.0,62660.0,64770.0,Brickmasons and Blockmasons
16620,474031,40.0,30700.0,35670.0,41600.0,83390.0,83390.0,Fence Erectors
16620,475012,30.0,42670.0,46730.0,51380.0,58140.0,73840.0,"Rotary Drill Operators, Oil and Gas"
16620,475013,60.0,46210.0,57020.0,60680.0,78940.0,83240.0,"Service Unit Operators, Oil and Gas"
16620,475041,70.0,49070.0,63150.0,65280.0,83540.0,83880.0,Continuous Mining Machine Operators
16620,492094,40.0,47990.0,48000.0,71640.0,75980.0,85870.0,"Electrical and Electronics Repairers, Commercial and Industrial Equipment"
16620,493011,40.0,34000.0,43270.0,61650.0,77280.0,86040.0,Aircraft Mechanics and Service Technicians
16620,512028,330.0,40260.0,40260.0,40260.0,40880.0,40880.0,"Electrical, Electronic, and Electromechanical Assemblers, Except Coil Winders, Tapers, and Finishers"
16620,518092,100.0,60520.0,64260.0,85790.0,100300.0,118690.0,Gas Plant Operators
16620,519023,50.0,36080.0,44420.0,50680.0,53000.0,57830.0,"Mixing and Blending Machine Setters, Operators, and Tenders"
16620,537011,70.0,37410.0,62460.0,62820.0,68120.0,76140.0,Conveyor Operators and Tenders
16620,537071,30.0,46330.0,60300.0,73080.0,77980.0,90170.0,Gas Compressor and Gas Pumping Station Operators
16620,537073,60.0,33960.0,39110.0,53390.0,53390.0,53390.0,Wellhead Pumpers
16620,537121,50.0,49870.0,54670.0,54750.0,54750.0,54750.0,"Tank Car, Truck, and Ship Loaders"
17140,000000,1101030.0,29780.0,37300.0,50170.0,79310.0,119580.0,All Occupations
17140,110000,83560.0,57840.0,79360.0,116460.0,168170.0,220990.0,Management Occupations
17140,111011,980.0,80430.0,129840.0,207170.0,371760.0,535860.0,Chief Executives
17140,111021,29330.0,49550.0,65590.0,100670.0,160530.0,222520.0,General and Operations Managers
17140,112021,2730.0,81070.0,105280.0,145770.0,202190.0,263930.0,Marketing Managers
17140,112022,5180.0,77210.0,100890.0,138790.0,197840.0,267180.0,Sales Managers
17140,113012,1900.0,64860.0,78980.0,103860.0,134080.0,177630.0,Administrative Services Managers
17140,113013,1120.0,62140.0,79650.0,102500.0,131840.0,165110.0,Facilities Managers
17140,113021,3920.0,104560.0,133300.0,169530.0,210980.0,281130.0,Computer and Information Systems Managers
17140,113031,6340.0,93210.0,112710.0,152700.0,208140.0,293320.0,Financial Managers
17140,113051,3130.0,77410.0,96650.0,125680.0,158640.0,196680.0,Industrial Production Managers
17140,113071,1920.0,66640.0,82160.0,106160.0,150810.0,208580.0,"Transportation, Storage, and Distribution Managers"
17140,113121,1920.0,81440.0,102870.0,132070.0,175830.0,223940.0,Human Resources Managers
17140,119021,3050.0,68940.0,82790.0,104710.0,129140.0,164310.0,Construction Managers
17140,119032,2330.0,63420.0,85270.0,103020.0,124700.0,134490.0,"Education Administrators, Kindergarten through Secondary"
17140,119041,2950.0,132700.0,163040.0,177160.0,211520.0,276990.0,Architectural and Engineering Managers
17140,119051,1760.0,46230.0,57690.0,64320.0,77710.0,89530.0,Food Service Managers
17140,119111,4690.0,71360.0,82520.0,106540.0,135210.0,187620.0,Medical and Health Services Managers
17140,119121,520.0,88880.0,125280.0,164300.0,201750.0,250000.0,Natural Sciences Managers
17140,119141,2190.0,36990.0,49140.0,58860.0,81840.0,119450.0,"Property, Real Estate, and Community Association Managers"
17140,119151,1080.0,49710.0,61140.0,72940.0,91050.0,113010.0,Social and Community Service Managers
17140,119199,1680.0,69490.0,101130.0,137850.0,176080.0,213170.0,"Managers, All Other"
17140,130000,73140.0,48160.0,61080.0,78810.0,102860.0,133210.0,Business and Financial Operations Occupations
17140,131020,4240.0,49210.0,61300.0,77070.0,96960.0,124410.0,Buyers and Purchasing Agents
17140,131031,1830.0,48980.0,59290.0,77640.0,95940.0,104420.0,"Claims Adjusters, Examiners, and Investigators"
17140,131041,2440.0,49000.0,60750.0,79310.0,103690.0,130280.0,Compliance Officers
17140,131051,1630.0,50800.0,62450.0,79130.0,102720.0,126230.0,Cost Estimators
17140,131071,7110.0,45910.0,56300.0,73010.0,95960.0,121750.0,Human Resources Specialists
17140,131081,1960.0,50460.0,63340.0,79990.0,105020.0,130470.0,Logisticians
17140,131082,7080.0,58950.0,73060.0,95380.0,126420.0,159490.0,Project Management Specialists
17140,131111,4710.0,62410.0,76470.0,97360.0,123170.0,142150.0,Management Analysts
17140,131121,960.0,35850.0,41900.0,51480.0,64870.0,80920.0,"Meeting, Convention, and Event Planners"
17140,131131,870.0,41300.0,49230.0,66360.0,82930.0,109830.0,Fundraisers
17140,131141,630.0,48200.0,59140.0,77200.0,94470.0,104230.0,"Compensation, Benefits, and Job Analysis Specialists"
17140,131151,3440.0,33610.0,47590.0,68390.0,87500.0,106730.0,Training and Development Specialists
17140,131161,7080.0,44970.0,56950.0,75750.0,100780.0,134270.0,Market Research Analysts and Marketing Specialists
17140,131199,5140.0,49320.0,60460.0,77610.0,100240.0,128860.0,"Business Operations Specialists, All Other"
17140,132011,10050.0,57740.0,64360.0,80640.0,104050.0,132680.0,Accountants and Auditors
17140,132020,180.0,43930.0,51110.0,69840.0,102250.0,117500.0,Property Appraisers and Assessors
17140,132051,2670.0,51820.0,63810.0,86040.0,110730.0,161610.0,Financial and Investment Analysts
17140,132052,2510.0,45220.0,61170.0,80540.0,166740.0,307940.0,Personal Financial Advisors
17140,132072,2060.0,42290.0,52550.0,75300.0,105000.0,130670.0,Loan Officers
17140,150000,32340.0,53400.0,74810.0,101210.0,131560.0,164820.0,Computer and Mathematical Occupations
17140,151211,4240.0,66720.0,81630.0,103450.0,133790.0,172930.0,Computer Systems Analysts
17140,151231,1420.0,42520.0,59650.0,71920.0,91250.0,122390.0,Computer Network Support Specialists
17140,151232,4810.0,38430.0,47410.0,59350.0,70160.0,82860.0,Computer User Support Specialists
17140,151241,1170.0,83500.0,106210.0,133000.0,165510.0,183610.0,Computer Network Architects
17140,151242,400.0,57790.0,74500.0,102360.0,130920.0,156770.0,Database Administrators
17140,151244,2960.0,63610.0,80250.0,101530.0,130430.0,147890.0,Network and Computer Systems Administrators
17140,151251,410.0,62550.0,78630.0,101640.0,124850.0,142660.0,Computer Programmers
17140,151252,9900.0,78790.0,95600.0,121420.0,138670.0,172240.0,Software Developers
17140,151299,840.0,46660.0,56830.0,84700.0,120000.0,151320.0,"Computer Occupations, All Other"
17140,152051,1680.0,64420.0,80470.0,102650.0,130920.0,161490.0,Data Scientists
17140,170000,23290.0,61350.0,77840.0,99790.0,129990.0,162760.0,Architecture and Engineering Occupations
17140,171011,670.0,61450.0,76200.0,98750.0,126850.0,162860.0,"Architects, Except Landscape and Naval"
17140,172031,280.0,82780.0,103020.0,131170.0,167600.0,167600.0,Bioengineers and Biomedical Engineers
17140,172051,2110.0,65190.0,77770.0,98220.0,124150.0,137590.0,Civil Engineers
17140,172071,1170.0,77600.0,88300.0,105350.0,129040.0,159380.0,Electrical Engineers
17140,172112,5430.0,77960.0,87130.0,105140.0,131980.0,159860.0,Industrial Engineers
17140,172141,3310.0,76290.0,81960.0,104220.0,132490.0,168520.0,Mechanical Engineers
17140,173011,480.0,48640.0,57790.0,70010.0,80380.0,96100.0,Architectural and Civil Drafters
17140,173026,1480.0,47080.0,61240.0,77600.0,77600.0,87910.0,Industrial Engineering Technologists and Technicians
17140,173031,270.0,44200.0,47770.0,59850.0,74210.0,81660.0,Surveying and Mapping Technicians
17140,190000,9620.0,48510.0,61760.0,80900.0,107350.0,157700.0,"Life, Physical, and Social Science Occupations"
17140,191042,1820.0,51230.0,65390.0,96190.0,130230.0,176100.0,"Medical Scientists, Except Epidemiologists"
17140,192031,930.0,59450.0,76210.0,96170.0,117010.0,142690.0,Chemists
17140,192041,300.0,43680.0,56190.0,67380.0,83700.0,126800.0,"Environmental Scientists and Specialists, Including Health"
17140,193033,650.0,50630.0,80280.0,100510.0,136930.0,167390.0,Clinical and Counseling Psychologists
17140,193039,210.0,96450.0,137630.0,185390.0,185390.0,185390.0,"Psychologists, All Other"
17140,193051,170.0,58510.0,65610.0,80160.0,100120.0,117990.0,Urban and Regional Planners
17140,194021,640.0,31080.0,40410.0,48510.0,59720.0,63950.0,Biological Technicians
17140,194031,550.0,46370.0,52990.0,61760.0,75430.0,86940.0,Chemical Technicians
17140,195011,1260.0,58480.0,73140.0,93200.0,110420.0,138710.0,Occupational Health and Safety Specialists
17140,195012,360.0,52070.0,60870.0,67930.0,80510.0,98240.0,Occupational Health and Safety Technicians
17140,210000,16160.0,37220.0,46220.0,57260.0,69290.0,82880.0,Community and Social Service Occupations
17140,211012,2470.0,46220.0,50270.0,61830.0,79480.0,96680.0,"Educational, Guidance, and Career Counselors and Advisors"
17140,211015,400.0,36520.0,39970.0,45300.0,64160.0,84760.0,Rehabilitation Counselors
17140,211018,3460.0,39000.0,47330.0,58520.0,64420.0,81810.0,"Substance Abuse, Behavioral Disorder, and Mental Health Counselors"
17140,211021,2580.0,40340.0,47510.0,55080.0,62870.0,76080.0,"Child, Family, and School Social Workers"
17140,211022,1600.0,47540.0,59920.0,70670.0,81300.0,95290.0,Healthcare Social Workers
17140,211023,970.0,35050.0,38170.0,45390.0,51030.0,72330.0,Mental Health and Substance Abuse Social Workers
17140,211091,300.0,41940.0,54640.0,70150.0,82380.0,96910.0,Health Education Specialists
17140,211092,590.0,48500.0,58190.0,59380.0,75650.0,80480.0,Probation Officers and Correctional Treatment Specialists
17140,211093,2100.0,31530.0,36300.0,41800.0,47240.0,59330.0,Social and Human Service Assistants
17140,230000,6240.0,51270.0,68770.0,98540.0,168600.0,218610.0,Legal Occupations
17140,231011,3870.0,72660.0,95160.0,130980.0,198000.0,280430.0,Lawyers
17140,232011,1700.0,47680.0,56470.0,64330.0,80180.0,94970.0,Paralegals and Legal Assistants
17140,250000,58690.0,29590.0,37810.0,59130.0,79440.0,99180.0,Educational Instruction and Library Occupations
17140,251011,640.0,23050.0,48040.0,94960.0,159400.0,217250.0,"Business Teachers, Postsecondary"
17140,251071,1640.0,22260.0,49020.0,49020.0,103750.0,167850.0,"Health Specialties Teachers, Postsecondary"
17140,251121,590.0,22260.0,30120.0,61290.0,80220.0,100660.0,"Art, Drama, and Music Teachers, Postsecondary"
17140,251194,490.0,24540.0,45580.0,56490.0,77130.0,93540.0,"Career/Technical Education Teachers, Postsecondary"
17140,251199,880.0,47410.0,61450.0,78020.0,103310.0,124370.0,"Postsecondary Teachers, All Other"
17140,252011,4390.0,27090.0,29900.0,35430.0,38160.0,49710.0,"Preschool Teachers, Except Special Education"
17140,252021,9150.0,47790.0,50270.0,64740.0,81280.0,98950.0,"Elementary School Teachers, Except Special Education"
17140,252031,8450.0,48660.0,59420.0,66190.0,82690.0,101150.0,"Secondary School Teachers, Except Special and Career/Technical Education"
17140,252052,2020.0,47180.0,56270.0,64430.0,79740.0,95940.0,"Special Education Teachers, Kindergarten and Elementary School"
17140,253021,1830.0,25150.0,29220.0,37300.0,48100.0,61810.0,Self-Enrichment Teachers
17140,253031,810.0,27510.0,29670.0,34130.0,37900.0,44650.0,"Substitute Teachers, Short-Term"
17140,253099,170.0,25180.0,40790.0,52120.0,73680.0,82140.0,"Teachers and Instructors, All Other"
17140,254022,870.0,45380.0,50070.0,64070.0,78690.0,89180.0,Librarians and Media Collections Specialists
17140,254031,560.0,29210.0,31350.0,37090.0,46240.0,56670.0,Library Technicians
17140,259045,9540.0,26950.0,29790.0,36360.0,38950.0,47290.0,"Teaching Assistants, Except Postsecondary"
17140,270000,12820.0,30360.0,39160.0,54960.0,78350.0,103890.0,"Arts, Design, Entertainment, Sports, and Media Occupations"
17140,271024,1730.0,40170.0,50170.0,62260.0,81280.0,100600.0,Graphic Designers
17140,271026,1300.0,29550.0,36210.0,39910.0,46870.0,63030.0,Merchandise Displayers and Window Trimmers
17140,272011,70.0,,,,,,Actors
17140,272012,320.0,39730.0,49620.0,67620.0,90820.0,121060.0,Producers and Directors
17140,272022,2380.0,25970.0,30770.0,39170.0,57870.0,82940.0,Coaches and Scouts
17140,273011,150.0,34040.0,36470.0,47930.0,80420.0,169090.0,Broadcast Announcers and Radio Disc Jockeys
17140,273031,1470.0,39610.0,51520.0,64040.0,83200.0,113760.0,Public Relations Specialists
17140,273092,70.0,49190.0,65080.0,85690.0,102240.0,102240.0,Court Reporters and Simultaneous Captioners
17140,274011,280.0,36330.0,40150.0,48740.0,67100.0,80490.0,Audio and Video Technicians
17140,274012,60.0,32550.0,38010.0,49300.0,62820.0,88520.0,Broadcast Technicians
17140,290000,78460.0,46350.0,64040.0,81890.0,105420.0,158310.0,Healthcare Practitioners and Technical Occupations
17140,291021,380.0,66680.0,135380.0,206100.0,277640.0,378600.0,"Dentists, General"
17140,291031,630.0,35940.0,56740.0,68640.0,81520.0,88590.0,Dietitians and Nutritionists
17140,291051,2380.0,102600.0,131000.0,140200.0,159490.0,169790.0,Pharmacists
17140,291071,920.0,68300.0,98640.0,128520.0,145710.0,179120.0,Physician Assistants
17140,291122,1360.0,79250.0,83690.0,100870.0,114940.0,128620.0,Occupational Therapists
17140,291123,2090.0,80190.0,84710.0,102890.0,113040.0,125800.0,Physical Therapists
17140,291126,1300.0,66160.0,76920.0,81600.0,94790.0,99020.0,Respiratory Therapists
17140,291127,1690.0,61270.0,78810.0,95930.0,107540.0,127610.0,Speech-Language Pathologists
17140,291131,650.0,57870.0,99200.0,127670.0,159840.0,209000.0,Veterinarians
17140,291141,28520.0,67820.0,80530.0,83650.0,102620.0,107190.0,Registered Nurses
17140,291171,2820.0,89710.0,111320.0,128700.0,136690.0,162510.0,Nurse Practitioners
17140,291216,290.0,85140.0,171570.0,236920.0,337800.0,490940.0,General Internal Medicine Physicians
17140,291229,3180.0,72620.0,212420.0,315630.0,500680.0,542120.0,"Physicians, All Other"
17140,291292,1700.0,81800.0,94280.0,102940.0,103820.0,131490.0,Dental Hygienists
17140,292010,2920.0,40330.0,49970.0,65370.0,82070.0,97980.0,Clinical Laboratory Technologists and Technicians
17140,292032,540.0,72090.0,80590.0,84950.0,101360.0,106730.0,Diagnostic Medical Sonographers
17140,292034,1650.0,61680.0,66110.0,79270.0,83420.0,98450.0,Radiologic Technologists and Technicians
17140,292035,490.0,75140.0,82780.0,93600.0,94690.0,102750.0,Magnetic Resonance Imaging Technologists
17140,292042,750.0,31100.0,37250.0,39910.0,48220.0,57390.0,Emergency Medical Technicians
17140,292052,3380.0,34940.0,35520.0,40490.0,48170.0,56840.0,Pharmacy Technicians
17140,292053,840.0,35150.0,36920.0,40550.0,48680.0,50160.0,Psychiatric Technicians
17140,292055,670.0,49090.0,61440.0,63450.0,78540.0,82010.0,Surgical Technologists
17140,292056,1040.0,35330.0,42010.0,48380.0,54610.0,61460.0,Veterinary Technologists and Technicians
17140,292061,6400.0,51570.0,59040.0,64180.0,70400.0,75310.0,Licensed Practical and Licensed Vocational Nurses
17140,292072,1300.0,39480.0,46030.0,51350.0,63280.0,79680.0,Medical Records Specialists
17140,292081,570.0,37290.0,41670.0,50730.0,60530.0,65340.0,"Opticians, Dispensing"
17140,292099,1490.0,39040.0,40980.0,49240.0,62150.0,79830.0,"Health Technologists and Technicians, All Other"
17140,310000,42410.0,30500.0,35630.0,38580.0,46090.0,53020.0,Healthcare Support Occupations
17140,311120,16470.0,29020.0,30820.0,35210.0,37200.0,45890.0,Home Health and Personal Care Aides
17140,311131,11390.0,37300.0,38300.0,40350.0,45290.0,47180.0,Nursing Assistants
17140,311133,200.0,36680.0,36680.0,36910.0,46740.0,47750.0,Psychiatric Aides
17140,312021,930.0,51070.0,60730.0,65170.0,77340.0,87880.0,Physical Therapist Assistants
17140,319011,440.0,45970.0,49930.0,55990.0,61190.0,98010.0,Massage Therapists
17140,319091,2440.0,37840.0,46680.0,49590.0,60480.0,77420.0,Dental Assistants
17140,319092,5560.0,36020.0,38140.0,44340.0,46990.0,49810.0,Medical Assistants
17140,319093,780.0,38170.0,40010.0,48130.0,49920.0,60760.0,Medical Equipment Preparers
17140,319096,1000.0,29350.0,35510.0,36890.0,45380.0,48740.0,Veterinary Assistants and Laboratory Animal Caretakers
17140,330000,23030.0,30320.0,35870.0,48040.0,75120.0,95910.0,Protective Service Occupations
17140,331012,790.0,75580.0,95960.0,102870.0,120590.0,128580.0,First-Line Supervisors of Police and Detectives
17140,331091,480.0,39030.0,48120.0,56970.0,67120.0,79200.0,First-Line Supervisors of Security Workers
17140,332011,3380.0,36080.0,43050.0,58570.0,74190.0,75820.0,Firefighters
17140,333012,1610.0,45920.0,46470.0,55460.0,61420.0,68060.0,Correctional Officers and Jailers
17140,333051,3900.0,57070.0,64900.0,80410.0,95300.0,98630.0,Police and Sheriff's Patrol Officers
17140,339032,7970.0,29670.0,32570.0,36110.0,44760.0,54970.0,Security Guards
17140,339091,250.0,30830.0,34430.0,34850.0,37090.0,46350.0,Crossing Guards and Flaggers
17140,350000,105450.0,23790.0,28690.0,32230.0,37670.0,48810.0,Food Preparation and Serving Related Occupations
17140,351011,1060.0,38240.0,46300.0,56620.0,74130.0,83610.0,Chefs and Head Cooks
17140,351012,10240.0,31840.0,36450.0,38370.0,47990.0,61760.0,First-Line Supervisors of Food Preparation and Serving Workers
17140,352011,4930.0,22860.0,26520.0,28930.0,30540.0,37130.0,"Cooks, Fast Food"
17140,352012,4310.0,30510.0,32670.0,37180.0,39570.0,46240.0,"Cooks, Institution and Cafeteria"
17140,352014,10810.0,27250.0,29200.0,36030.0,37890.0,44880.0,"Cooks, Restaurant"
17140,352015,580.0,24520.0,28940.0,32180.0,36080.0,38410.0,"Cooks, Short Order"
17140,352021,5320.0,24230.0,28790.0,34320.0,37780.0,44420.0,Food Preparation Workers
17140,353011,5870.0,22400.0,26630.0,34240.0,49820.0,75760.0,Bartenders
17140,353023,30950.0,23590.0,28290.0,29720.0,33340.0,35240.0,Fast Food and Counter Workers
17140,353031,17790.0,23280.0,29260.0,36530.0,49640.0,74040.0,Waiters and Waitresses
17140,359011,2740.0,23140.0,26820.0,29890.0,36740.0,39230.0,Dining Room and Cafeteria Attendants and Bartender Helpers
17140,359021,3000.0,24120.0,28000.0,30740.0,34550.0,36750.0,Dishwashers
17140,359031,3790.0,22920.0,25470.0,29350.0,34550.0,37700.0,"Hosts and Hostesses, Restaurant, Lounge, and Coffee Shop"
17140,370000,29410.0,29160.0,32080.0,37140.0,45120.0,49720.0,Building and Grounds Cleaning and Maintenance Occupations
17140,371011,1300.0,32710.0,39150.0,46940.0,56910.0,62990.0,First-Line Supervisors of Housekeeping and Janitorial Workers
17140,371012,780.0,44950.0,47530.0,56850.0,66450.0,78110.0,"First-Line Supervisors of Landscaping, Lawn Service, and Groundskeeping Workers"
17140,372011,13560.0,28840.0,30900.0,36030.0,42280.0,48530.0,"Janitors and Cleaners, Except Maids and Housekeeping Cleaners"
17140,372012,6360.0,28850.0,30640.0,34650.0,36850.0,39360.0,Maids and Housekeeping Cleaners
17140,373011,6610.0,29890.0,36800.0,38600.0,46560.0,48400.0,Landscaping and Groundskeeping Workers
17140,390000,21770.0,24050.0,28110.0,32070.0,42530.0,57810.0,Personal Care and Service Occupations
17140,391014,910.0,34160.0,37170.0,46610.0,53240.0,68260.0,"First-Line Supervisors of Entertainment and Recreation Workers, Except Gambling Services"
17140,391022,530.0,27090.0,34610.0,42130.0,55850.0,66370.0,First-Line Supervisors of Personal Service Workers
17140,392011,160.0,28030.0,32050.0,34030.0,46740.0,65330.0,Animal Trainers
17140,392021,2320.0,24410.0,28490.0,30540.0,36820.0,56320.0,Animal Caretakers
17140,393091,2990.0,22360.0,23270.0,27650.0,31200.0,35860.0,Amusement and Recreation Attendants
17140,395012,2540.0,24230.0,28140.0,36790.0,59050.0,80150.0,"Hairdressers, Hairstylists, and Cosmetologists"
17140,399011,2390.0,24090.0,27570.0,30150.0,35830.0,39790.0,Childcare Workers
17140,399031,1840.0,24390.0,28860.0,36850.0,49600.0,60680.0,Exercise Trainers and Group Fitness Instructors
17140,399032,2670.0,27250.0,29510.0,29880.0,36340.0,46310.0,Recreation Workers
17140,399041,430.0,30280.0,34070.0,39650.0,46810.0,54630.0,Residential Advisors
17140,410000,93240.0,27180.0,29360.0,37260.0,60880.0,97020.0,Sales and Related Occupations
17140,411011,7300.0,31110.0,36400.0,46380.0,59780.0,73440.0,First-Line Supervisors of Retail Sales Workers
17140,411012,1390.0,48960.0,59650.0,78860.0,108530.0,151160.0,First-Line Supervisors of Non-Retail Sales Workers
17140,412011,19580.0,24560.0,27910.0,29170.0,33540.0,37110.0,Cashiers
17140,412021,1940.0,24260.0,32090.0,41250.0,49330.0,69910.0,Counter and Rental Clerks
17140,412022,1680.0,28260.0,29990.0,38030.0,48670.0,60290.0,Parts Salespersons
17140,412031,28670.0,25300.0,28550.0,30810.0,36770.0,46350.0,Retail Salespersons
17140,413011,760.0,31210.0,36520.0,48270.0,69150.0,94940.0,Advertising Sales Agents
17140,413021,2990.0,37520.0,49550.0,63110.0,91510.0,133370.0,Insurance Sales Agents
17140,413031,2980.0,47460.0,58470.0,76310.0,99880.0,169220.0,"Securities, Commodities, and Financial Services Sales Agents"
17140,413091,8960.0,38440.0,42870.0,60000.0,84990.0,120790.0,"Sales Representatives of Services, Except Advertising, Insurance, Financial Services, and Travel"
17140,414011,1760.0,49550.0,64460.0,102410.0,167870.0,208340.0,"Sales Representatives, Wholesale and Manufacturing, Technical and Scientific Products"
17140,414012,12360.0,41370.0,54970.0,75950.0,102640.0,154960.0,"Sales Representatives, Wholesale and Manufacturing, Except Technical and Scientific Products"
17140,419022,1430.0,31110.0,39570.0,48540.0,78710.0,154720.0,Real Estate Sales Agents
17140,430000,125530.0,33540.0,39020.0,47400.0,59280.0,74000.0,Office and Administrative Support Occupations
17140,431011,9420.0,46740.0,56630.0,69880.0,81530.0,101850.0,First-Line Supervisors of Office and Administrative Support Workers
17140,433011,1050.0,37170.0,45140.0,48320.0,58440.0,63970.0,Bill and Account Collectors
17140,433021,3550.0,37370.0,41750.0,47630.0,52060.0,61210.0,Billing and Posting Clerks
17140,433031,9050.0,36620.0,44240.0,49590.0,60120.0,70980.0,"Bookkeeping, Accounting, and Auditing Clerks"
17140,433051,1030.0,40310.0,47150.0,57540.0,64780.0,76370.0,Payroll and Timekeeping Clerks
17140,433071,3170.0,37540.0,39220.0,45920.0,47120.0,48440.0,Tellers
17140,434031,1630.0,34640.0,38130.0,48490.0,60490.0,68880.0,"Court, Municipal, and License Clerks"
17140,434051,19410.0,31600.0,37400.0,46470.0,54180.0,64410.0,Customer Service Representatives
17140,434061,1550.0,42000.0,46820.0,52020.0,61510.0,71860.0,"Eligibility Interviewers, Government Programs"
17140,434071,260.0,27470.0,32730.0,37690.0,46400.0,63590.0,File Clerks
17140,434081,1440.0,26560.0,29760.0,33130.0,35080.0,38470.0,"Hotel, Motel, and Resort Desk Clerks"
17140,434111,1580.0,37080.0,40120.0,44170.0,48200.0,56170.0,"Interviewers, Except Eligibility and Loan"
17140,434121,1200.0,24350.0,29920.0,37200.0,39070.0,49690.0,"Library Assistants, Clerical"
17140,434131,1390.0,39390.0,46240.0,49760.0,59570.0,66070.0,Loan Interviewers and Clerks
17140,434161,610.0,37400.0,44040.0,50800.0,59270.0,67510.0,"Human Resources Assistants, Except Payroll and Timekeeping"
17140,434171,5560.0,24750.0,29060.0,35250.0,39680.0,46640.0,Receptionists and Information Clerks
17140,434199,520.0,40040.0,43410.0,49000.0,60690.0,67640.0,"Information and Record Clerks, All Other"
17140,435031,650.0,40920.0,48040.0,62260.0,63780.0,70300.0,Public Safety Telecommunicators
17140,435032,1020.0,36670.0,44610.0,51900.0,66140.0,83160.0,"Dispatchers, Except Police, Fire, and Ambulance"
17140,435041,100.0,38450.0,42930.0,51220.0,72440.0,79030.0,"Meter Readers, Utilities"
17140,435051,400.0,42600.0,56740.0,61570.0,69850.0,75030.0,Postal Service Clerks
17140,435052,2140.0,42390.0,51130.0,62070.0,81040.0,81040.0,Postal Service Mail Carriers
17140,435061,3120.0,40770.0,47090.0,58650.0,73410.0,86780.0,"Production, Planning, and Expediting Clerks"
17140,435071,7650.0,35320.0,38430.0,45110.0,49970.0,60680.0,"Shipping, Receiving, and Inventory Clerks"
17140,436011,1830.0,47800.0,57740.0,70980.0,82310.0,102600.0,Executive Secretaries and Executive Administrative Assistants
17140,436012,860.0,37550.0,40250.0,47610.0,64150.0,76850.0,Legal Secretaries and Administrative Assistants
17140,436013,7140.0,37140.0,39090.0,46180.0,49700.0,60550.0,Medical Secretaries and Administrative Assistants
17140,436014,9670.0,34860.0,40470.0,47850.0,57920.0,69790.0,"Secretaries and Administrative Assistants, Except Legal, Medical, and Executive"
17140,439021,950.0,29430.0,37440.0,40820.0,47620.0,55600.0,Data Entry Keyers
17140,439041,2050.0,45190.0,48050.0,54900.0,60460.0,71960.0,Insurance Claims and Policy Processing Clerks
17140,439061,16750.0,28980.0,36410.0,44640.0,54150.0,64570.0,"Office Clerks, General"
17140,450000,570.0,28310.0,33590.0,42270.0,59030.0,64980.0,"Farming, Fishing, and Forestry Occupations"
17140,470000,38220.0,41050.0,48900.0,62470.0,78360.0,95630.0,Construction and Extraction Occupations
17140,471011,4730.0,57820.0,66570.0,80520.0,96120.0,105440.0,First-Line Supervisors of Construction Trades and Extraction Workers
17140,472031,4610.0,44180.0,49130.0,60110.0,72800.0,79750.0,Carpenters
17140,472051,1410.0,44920.0,49210.0,62990.0,77160.0,79840.0,Cement Masons and Concrete Finishers
17140,472061,5700.0,37810.0,46110.0,54930.0,73960.0,78200.0,Construction Laborers
17140,472073,3120.0,47210.0,55860.0,66950.0,94650.0,99500.0,Operating Engineers and Other Construction Equipment Operators
17140,472111,5640.0,38530.0,49290.0,63490.0,79510.0,98260.0,Electricians
17140,472141,890.0,38060.0,46800.0,50170.0,60320.0,71340.0,"Painters, Construction and Maintenance"
17140,472152,3640.0,46830.0,50290.0,65160.0,84740.0,101800.0,"Plumbers, Pipefitters, and Steamfitters"
17140,472181,770.0,40890.0,47100.0,49210.0,63940.0,73810.0,Roofers
17140,474011,630.0,48930.0,61560.0,76440.0,79550.0,96900.0,Construction and Building Inspectors
17140,474051,940.0,37530.0,44160.0,48970.0,62180.0,71230.0,Highway Maintenance Workers
17140,490000,44090.0,37890.0,47380.0,61340.0,76840.0,95580.0,"Installation, Maintenance, and Repair Occupations"
17140,491011,4000.0,54010.0,64600.0,82330.0,101780.0,127050.0,"First-Line Supervisors of Mechanics, Installers, and Repairers"
17140,492011,540.0,36480.0,37770.0,47770.0,61820.0,77880.0,"Computer, Automated Teller, and Office Machine Repairers"
17140,492022,640.0,42380.0,48940.0,57980.0,79320.0,86500.0,"Telecommunications Equipment Installers and Repairers, Except Line Installers"
17140,492098,330.0,46980.0,56230.0,63300.0,72420.0,76130.0,Security and Fire Alarm Systems Installers
17140,493021,1170.0,31960.0,44380.0,50020.0,63940.0,77210.0,Automotive Body and Related Repairers
17140,493023,4520.0,35090.0,38270.0,49090.0,66710.0,80820.0,Automotive Service Technicians and Mechanics
17140,493031,2300.0,45780.0,52190.0,62400.0,73620.0,79810.0,Bus and Truck Mechanics and Diesel Engine Specialists
17140,493042,1230.0,50250.0,59100.0,63200.0,76420.0,82770.0,"Mobile Heavy Equipment Mechanics, Except Engines"
17140,493093,770.0,30620.0,35680.0,39170.0,47220.0,57370.0,Tire Repairers and Changers
17140,499012,90.0,47220.0,49820.0,65890.0,75670.0,96990.0,"Control and Valve Installers and Repairers, Except Mechanical Door"
17140,499021,2950.0,39750.0,48770.0,62240.0,78500.0,96400.0,"Heating, Air Conditioning, and Refrigeration Mechanics and Installers"
17140,499041,5150.0,49740.0,60890.0,70640.0,78490.0,93450.0,Industrial Machinery Mechanics
17140,499052,880.0,49470.0,58550.0,76840.0,80940.0,91550.0,Telecommunications Line Installers and Repairers
17140,499062,560.0,38350.0,43420.0,61540.0,75140.0,95640.0,Medical Equipment Repairers
17140,499071,12140.0,36340.0,45760.0,56830.0,64270.0,77390.0,"Maintenance and Repair Workers, General"
17140,510000,75240.0,35150.0,39310.0,47780.0,59890.0,75200.0,Production Occupations
17140,511011,5930.0,49200.0,59740.0,75880.0,92210.0,105770.0,First-Line Supervisors of Production and Operating Workers
17140,512090,11940.0,33010.0,37850.0,44440.0,49130.0,57960.0,Miscellaneous Assemblers and Fabricators
17140,513011,1430.0,24910.0,29390.0,35970.0,38020.0,45780.0,Bakers
17140,513021,880.0,27950.0,30370.0,40030.0,48220.0,53850.0,Butchers and Meat Cutters
17140,514021,810.0,38870.0,40660.0,47990.0,51330.0,61450.0,"Extruding and Drawing Machine Setters, Operators, and Tenders, Metal and Plastic"
17140,514031,1880.0,37160.0,39360.0,47170.0,52110.0,62400.0,"Cutting, Punching, and Press Machine Setters, Operators, and Tenders, Metal and Plastic"
17140,514041,2890.0,39120.0,46700.0,57300.0,64180.0,77570.0,Machinists
17140,514081,1680.0,37080.0,39730.0,49640.0,59680.0,75740.0,"Multiple Machine Tool Setters, Operators, and Tenders, Metal and Plastic"
17140,514121,3160.0,39460.0,47050.0,51990.0,62240.0,73970.0,"Welders, Cutters, Solderers, and Brazers"
17140,515112,1730.0,34900.0,39470.0,48890.0,59860.0,62270.0,Printing Press Operators
17140,516011,1370.0,27330.0,28960.0,31560.0,36620.0,39540.0,Laundry and Dry-Cleaning Workers
17140,518031,960.0,41570.0,48580.0,61460.0,66580.0,75200.0,Water and Wastewater Treatment Plant and System Operators
17140,519032,680.0,37250.0,43130.0,47890.0,56880.0,59570.0,"Cutting and Slicing Machine Setters, Operators, and Tenders"
17140,519061,6560.0,36280.0,40110.0,48340.0,60250.0,73860.0,"Inspectors, Testers, Sorters, Samplers, and Weighers"
17140,519111,4770.0,33810.0,37960.0,45570.0,52590.0,63110.0,Packaging and Filling Machine Operators and Tenders
17140,519161,2970.0,38260.0,44930.0,54790.0,66970.0,72120.0,Computer Numerically Controlled Tool Operators
17140,519195,160.0,39500.0,43370.0,49110.0,64230.0,80820.0,"Molders, Shapers, and Casters, Except Metal and Plastic"
17140,519199,1610.0,24870.0,32530.0,39570.0,45420.0,55400.0,"Production Workers, All Other"
17140,530000,107750.0,30590.0,36510.0,44200.0,56510.0,73470.0,Transportation and Material Moving Occupations
17140,531047,4940.0,46790.0,51060.0,63900.0,77160.0,92550.0,"First-Line Supervisors of Transportation and Material Moving Workers, Except Aircraft Cargo Handling"
17140,533031,3670.0,23540.0,23540.0,36900.0,47960.0,59210.0,Driver/Sales Workers
17140,533032,13820.0,45920.0,51000.0,60590.0,73780.0,81620.0,Heavy and Tractor-Trailer Truck Drivers
17140,533033,7590.0,27600.0,36720.0,44070.0,48540.0,82840.0,Light Truck Drivers
17140,533051,2530.0,30950.0,36430.0,46870.0,49420.0,59450.0,"Bus Drivers, School"
17140,533053,1820.0,27330.0,30700.0,35830.0,39020.0,47750.0,Shuttle Drivers and Chauffeurs
17140,536031,480.0,28530.0,31720.0,35240.0,37170.0,42650.0,Automotive and Watercraft Service Attendants
17140,537051,6920.0,37920.0,41700.0,49000.0,61020.0,73440.0,Industrial Truck and Tractor Operators
17140,537061,3080.0,29300.0,30290.0,36680.0,43690.0,49580.0,Cleaners of Vehicles and Equipment
17140,537062,22910.0,31690.0,36330.0,40240.0,47530.0,50530.0,"Laborers and Freight, Stock, and Material Movers, Hand"
17140,537064,3570.0,30520.0,33470.0,36650.0,39930.0,49010.0,"Packers and Packagers, Hand"
17140,537065,26870.0,29680.0,34360.0,37810.0,44800.0,57620.0,Stockers and Order Fillers
17140,113061,1070.0,98590.0,122740.0,150190.0,172910.0,219530.0,Purchasing Managers
17140,119031,570.0,35470.0,45220.0,50410.0,61510.0,76990.0,"Education and Childcare Administrators, Preschool and Daycare"
17140,119033,1010.0,62970.0,78890.0,103150.0,136790.0,217780.0,"Education Administrators, Postsecondary"
17140,132082,,29220.0,37020.0,48730.0,50810.0,57650.0,Tax Preparers
17140,171022,240.0,49130.0,60100.0,78170.0,100580.0,128370.0,Surveyors
17140,173022,390.0,47680.0,56180.0,68270.0,80650.0,94890.0,Civil Engineering Technologists and Technicians
17140,194061,110.0,33350.0,50900.0,57370.0,83270.0,105940.0,Social Science Research Assistants
17140,211094,270.0,37980.0,44050.0,49200.0,60460.0,79510.0,Community Health Workers
17140,252012,680.0,42160.0,48690.0,62150.0,74690.0,82530.0,"Kindergarten Teachers, Except Special Education"
17140,252022,4480.0,45810.0,50680.0,67180.0,84610.0,101160.0,"Middle School Teachers, Except Special and Career/Technical Education"
17140,252057,820.0,46000.0,50680.0,64090.0,82820.0,99590.0,"Special Education Teachers, Middle School"
17140,252058,1720.0,48770.0,59590.0,64680.0,80590.0,99290.0,"Special Education Teachers, Secondary School"
17140,259031,750.0,47840.0,59670.0,78680.0,95250.0,106270.0,Instructional Coordinators
17140,259099,430.0,22260.0,35340.0,48990.0,78480.0,91480.0,"Educational Instruction and Library Workers, All Other"
17140,274021,290.0,23040.0,23670.0,43040.0,56110.0,89330.0,Photographers
17140,292043,650.0,40440.0,44900.0,49320.0,61450.0,72870.0,Paramedics
17140,292057,750.0,35760.0,39200.0,41410.0,48510.0,52960.0,Ophthalmic Medical Technicians
17140,299021,620.0,38830.0,38940.0,44180.0,73800.0,92010.0,Health Information Technologists and Medical Registrars
17140,299091,400.0,50140.0,53280.0,62010.0,66640.0,77670.0,Athletic Trainers
17140,312011,480.0,58670.0,61090.0,67460.0,75200.0,80800.0,Occupational Therapy Assistants
17140,319097,1420.0,37590.0,38880.0,43140.0,46860.0,49330.0,Phlebotomists
17140,333021,330.0,60800.0,75030.0,92110.0,104560.0,155500.0,Detectives and Criminal Investigators
17140,339092,1540.0,23400.0,25320.0,30320.0,36200.0,39120.0,"Lifeguards, Ski Patrol, and Other Recreational Protective Service Workers"
17140,353041,3490.0,27820.0,29120.0,32070.0,36610.0,38190.0,"Food Servers, Nonrestaurant"
17140,393031,1250.0,24600.0,27690.0,30350.0,34500.0,43640.0,"Ushers, Lobby Attendants, and Ticket Takers"
17140,395094,540.0,25160.0,28820.0,43570.0,62350.0,75920.0,Skincare Specialists
17140,397010,420.0,22400.0,28430.0,32800.0,36160.0,45360.0,Tour and Travel Guides
17140,433061,390.0,41800.0,46100.0,49960.0,60730.0,63010.0,Procurement Clerks
17140,435021,340.0,31630.0,36420.0,40160.0,43230.0,44860.0,Couriers and Messengers
17140,435111,530.0,36290.0,42340.0,50610.0,61920.0,70860.0,"Weighers, Measurers, Checkers, and Samplers, Recordkeeping"
17140,472042,180.0,46410.0,47250.0,57800.0,65040.0,75250.0,"Floor Layers, Except Carpet, Wood, and Hard Tiles"
17140,472211,910.0,41360.0,49810.0,73690.0,80270.0,96550.0,Sheet Metal Workers
17140,493041,130.0,34200.0,48560.0,57720.0,73170.0,88400.0,Farm Equipment Mechanics and Service Technicians
17140,499043,940.0,47610.0,61610.0,79410.0,162520.0,162980.0,"Maintenance Workers, Machinery"
17140,499044,250.0,49840.0,62240.0,75650.0,91140.0,92420.0,Millwrights
17140,499051,730.0,60860.0,77000.0,93150.0,106560.0,119070.0,Electrical Power-Line Installers and Repairers
17140,499098,240.0,32190.0,36300.0,40490.0,45930.0,51270.0,"Helpers--Installation, Maintenance, and Repair Workers"
17140,499099,770.0,36350.0,44340.0,47890.0,61980.0,65180.0,"Installation, Maintenance, and Repair Workers, All Other"
17140,513092,1590.0,33830.0,38120.0,47470.0,55050.0,61340.0,Food Batchmakers
17140,514072,1310.0,35230.0,38000.0,46090.0,52570.0,61520.0,"Molding, Coremaking, and Casting Machine Setters, Operators, and Tenders, Metal and Plastic"
17140,514111,680.0,43150.0,50730.0,64270.0,79190.0,94640.0,Tool and Die Makers
17140,516021,170.0,28100.0,30820.0,33390.0,35790.0,37220.0,"Pressers, Textile, Garment, and Related Materials"
17140,516031,820.0,29570.0,33890.0,34680.0,39710.0,44150.0,Sewing Machine Operators
17140,519011,1770.0,46780.0,48550.0,60820.0,68660.0,80730.0,Chemical Equipment Operators and Tenders
17140,519124,1140.0,36500.0,39870.0,48560.0,56680.0,63650.0,"Coating, Painting, and Spraying Machine Setters, Operators, and Tenders"
17140,519162,280.0,48510.0,56800.0,65430.0,80260.0,100600.0,Computer Numerically Controlled Tool Programmers
17140,519196,1410.0,39350.0,46240.0,48900.0,59370.0,61910.0,"Paper Goods Machine Setters, Operators, and Tenders"
17140,519198,1170.0,36970.0,40050.0,46410.0,48910.0,52720.0,Helpers--Production Workers
17140,533052,1060.0,40000.0,47840.0,56110.0,65390.0,65390.0,"Bus Drivers, Transit and Intercity"
17140,536021,750.0,26780.0,28810.0,31260.0,34830.0,37350.0,Parking Attendants
17140,537063,450.0,33890.0,38340.0,39710.0,49810.0,59900.0,Machine Feeders and Offbearers
17140,537081,950.0,36500.0,40840.0,49940.0,56740.0,63030.0,Refuse and Recyclable Material Collectors
17140,119039,260.0,45950.0,52050.0,72490.0,98230.0,126370.0,"Education Administrators, All Other"
17140,131075,580.0,32340.0,65280.0,95350.0,101620.0,107690.0,Labor Relations Specialists
17140,132041,640.0,43580.0,54510.0,77500.0,99400.0,150030.0,Credit Analysts
17140,132053,1690.0,52080.0,66290.0,82110.0,105520.0,128320.0,Insurance Underwriters
17140,132061,630.0,51030.0,58590.0,78310.0,108840.0,135570.0,Financial Examiners
17140,132071,170.0,45010.0,48520.0,51160.0,60040.0,76760.0,Credit Counselors
17140,132081,1150.0,43410.0,52020.0,60690.0,69160.0,95370.0,"Tax Examiners and Collectors, and Revenue Agents"
17140,132099,570.0,47700.0,61310.0,79580.0,107390.0,132070.0,"Financial Specialists, All Other"
17140,151212,1320.0,71390.0,82600.0,114300.0,139670.0,169880.0,Information Security Analysts
17140,151243,380.0,99560.0,125460.0,134480.0,160340.0,173620.0,Database Architects
17140,151253,920.0,59010.0,74610.0,87940.0,108020.0,134490.0,Software Quality Assurance Analysts and Testers
17140,152031,410.0,56250.0,71880.0,105360.0,134310.0,159440.0,Operations Research Analysts
17140,152041,250.0,63720.0,82710.0,101500.0,128490.0,157000.0,Statisticians
17140,172081,150.0,67020.0,81490.0,113960.0,134030.0,150920.0,Environmental Engineers
17140,172199,2100.0,75410.0,93410.0,127150.0,157890.0,171840.0,"Engineers, All Other"
17140,173023,460.0,45750.0,52200.0,64850.0,85510.0,105680.0,Electrical and Electronic Engineering Technologists and Technicians
17140,173027,290.0,50200.0,60600.0,80430.0,92620.0,99350.0,Mechanical Engineering Technologists and Technicians
17140,173029,320.0,48050.0,58880.0,75290.0,95920.0,98850.0,"Engineering Technologists and Technicians, Except Drafters, All Other"
17140,191031,50.0,41240.0,50210.0,67080.0,82140.0,120000.0,Conservation Scientists
17140,193034,550.0,61370.0,74050.0,89290.0,105270.0,117860.0,School Psychologists
17140,194042,210.0,38000.0,49500.0,58650.0,70670.0,79680.0,"Environmental Science and Protection Technicians, Including Health"
17140,194092,60.0,,,,,,Forensic Science Technicians
17140,194099,150.0,29120.0,47640.0,57220.0,73990.0,85500.0,"Life, Physical, and Social Science Technicians, All Other"
17140,211029,470.0,39210.0,47890.0,65770.0,78500.0,103440.0,"Social Workers, All Other"
17140,211099,100.0,30130.0,36150.0,43290.0,57740.0,78750.0,"Community and Social Service Specialists, All Other"
17140,212011,410.0,37440.0,44420.0,61390.0,70770.0,80840.0,Clergy
17140,231012,30.0,43590.0,50420.0,61720.0,82860.0,82860.0,Judicial Law Clerks
17140,231023,240.0,40490.0,64980.0,122750.0,163280.0,210270.0,"Judges, Magistrate Judges, and Magistrates"
17140,232093,240.0,40390.0,47330.0,58300.0,75300.0,86410.0,"Title Examiners, Abstractors, and Searchers"
17140,232099,90.0,38640.0,52020.0,80350.0,139240.0,185100.0,"Legal Support Workers, All Other"
17140,251042,250.0,30030.0,60130.0,78150.0,100670.0,126750.0,"Biological Science Teachers, Postsecondary"
17140,251072,1010.0,22260.0,38970.0,67520.0,83010.0,105880.0,"Nursing Instructors and Teachers, Postsecondary"
17140,251081,450.0,22260.0,22260.0,61450.0,80840.0,102720.0,"Education Teachers, Postsecondary"
17140,252032,730.0,50950.0,64230.0,80060.0,93640.0,97020.0,"Career/Technical Education Teachers, Secondary School"
17140,252059,50.0,48490.0,50090.0,80110.0,98120.0,108070.0,"Special Education Teachers, All Other"
17140,253011,150.0,35680.0,45760.0,54860.0,65320.0,70500.0,"Adult Basic Education, Adult Secondary Education, and English as a Second Language Instructors"
17140,253041,1010.0,22260.0,30810.0,37100.0,57150.0,74460.0,Tutors
17140,271023,210.0,27350.0,30630.0,35790.0,40470.0,46270.0,Floral Designers
17140,273043,170.0,22480.0,45710.0,62440.0,78640.0,94190.0,Writers and Authors
17140,291151,670.0,174420.0,191360.0,221170.0,234640.0,315140.0,Nurse Anesthetists
17140,291215,190.0,71310.0,71310.0,218880.0,274370.0,319410.0,Family Medicine Physicians
17140,291224,290.0,96960.0,141820.0,287990.0,471600.0,708150.0,Radiologists
17140,291249,150.0,72650.0,172710.0,437390.0,658200.0,710380.0,"Surgeons, All Other"
17140,292033,130.0,79290.0,85300.0,97890.0,103150.0,106540.0,Nuclear Medicine Technologists
17140,319099,260.0,34790.0,37140.0,39620.0,55490.0,65570.0,"Healthcare Support Workers, All Other"
17140,331021,820.0,60790.0,73740.0,86770.0,100880.0,123630.0,First-Line Supervisors of Firefighting and Prevention Workers
17140,332021,60.0,,,,,,Fire Inspectors and Investigators
17140,339099,190.0,31180.0,36460.0,41320.0,56090.0,72900.0,"Protective Service Workers, All Other"
17140,372021,430.0,35850.0,38980.0,42890.0,46950.0,58190.0,Pest Control Workers
17140,373019,30.0,37110.0,52270.0,80080.0,80080.0,80080.0,"Grounds Maintenance Workers, All Other"
17140,394021,300.0,29400.0,30610.0,34960.0,38020.0,47020.0,Funeral Attendants
17140,419011,120.0,31920.0,33170.0,36670.0,44780.0,54390.0,Demonstrators and Product Promoters
17140,419099,180.0,26310.0,28560.0,42470.0,55120.0,69250.0,"Sales and Related Workers, All Other"
17140,433099,510.0,39580.0,47190.0,47510.0,55780.0,57370.0,"Financial Clerks, All Other"
17140,435053,1180.0,45530.0,50770.0,57890.0,65710.0,75280.0,"Postal Service Mail Sorters, Processors, and Processing Machine Operators"
17140,439051,530.0,29800.0,35400.0,39580.0,46210.0,47840.0,"Mail Clerks and Mail Machine Operators, Except Postal Service"
17140,439199,440.0,28180.0,30400.0,44240.0,54620.0,72130.0,"Office and Administrative Support Workers, All Other"
17140,472021,440.0,45860.0,58600.0,70760.0,81740.0,84290.0,Brickmasons and Blockmasons
17140,474031,180.0,46520.0,47400.0,48530.0,59730.0,61860.0,Fence Erectors
17140,492094,220.0,37460.0,46610.0,63790.0,78530.0,85260.0,"Electrical and Electronics Repairers, Commercial and Industrial Equipment"
17140,493011,1370.0,50650.0,67920.0,85410.0,97560.0,132000.0,Aircraft Mechanics and Service Technicians
17140,512028,1650.0,37230.0,40020.0,47500.0,51460.0,60630.0,"Electrical, Electronic, and Electromechanical Assemblers, Except Coil Winders, Tapers, and Finishers"
17140,519023,1080.0,37800.0,43700.0,49600.0,60460.0,74170.0,"Mixing and Blending Machine Setters, Operators, and Tenders"
17140,537011,200.0,40340.0,40370.0,44390.0,44800.0,53500.0,Conveyor Operators and Tenders
17140,537121,120.0,36030.0,39710.0,50380.0,62600.0,69710.0,"Tank Car, Truck, and Ship Loaders"
17140,112011,90.0,79290.0,80750.0,122750.0,206840.0,285100.0,Advertising and Promotions Managers
17140,112032,340.0,72950.0,100160.0,129710.0,174320.0,235730.0,Public Relations Managers
17140,112033,320.0,51710.0,73630.0,103310.0,142020.0,184840.0,Fundraising Managers
17140,113111,100.0,103480.0,114290.0,136220.0,179390.0,266240.0,Compensation and Benefits Managers
17140,113131,210.0,82320.0,105810.0,130150.0,173030.0,206730.0,Training and Development Managers
17140,119071,40.0,52300.0,65090.0,78040.0,127480.0,168630.0,Gambling Managers
17140,119072,260.0,41710.0,49200.0,67250.0,81060.0,113260.0,"Entertainment and Recreation Managers, Except Gambling"
17140,119081,260.0,37660.0,45220.0,57430.0,77170.0,101770.0,Lodging Managers
17140,119131,70.0,92120.0,95200.0,98490.0,108970.0,117120.0,Postmasters and Mail Superintendents
17140,119161,50.0,58670.0,74190.0,88040.0,103900.0,144140.0,Emergency Management Directors
17140,119171,80.0,37670.0,45150.0,74140.0,122410.0,162740.0,Funeral Home Managers
17140,119179,,48270.0,53870.0,58940.0,82050.0,102920.0,"Personal Service Managers, All Other"
17140,131032,50.0,55830.0,76330.0,80300.0,104070.0,106890.0,"Insurance Appraisers, Auto Damage"
17140,132031,150.0,60600.0,72130.0,97190.0,131050.0,157850.0,Budget Analysts
17140,132054,430.0,60730.0,73030.0,93470.0,128270.0,159310.0,Financial Risk Specialists
17140,151221,50.0,44530.0,94620.0,155910.0,157140.0,159360.0,Computer and Information Research Scientists
17140,151254,280.0,56430.0,64790.0,80910.0,105810.0,129850.0,Web Developers
17140,151255,570.0,49010.0,63450.0,82820.0,125600.0,133640.0,Web and Digital Interface Designers
17140,152011,340.0,81120.0,94890.0,108770.0,153960.0,175190.0,Actuaries
17140,171012,110.0,52660.0,55390.0,67990.0,94720.0,122000.0,Landscape Architects
17140,171021,70.0,48990.0,48990.0,68700.0,77190.0,95410.0,Cartographers and Photogrammetrists
17140,172041,300.0,66360.0,78730.0,107610.0,131490.0,160290.0,Chemical Engineers
17140,172061,80.0,66150.0,78910.0,109120.0,144130.0,177990.0,Computer Hardware Engineers
17140,172072,690.0,76450.0,87430.0,107020.0,139030.0,173550.0,"Electronics Engineers, Except Computer"
17140,172111,300.0,83580.0,105470.0,129560.0,156340.0,156340.0,"Health and Safety Engineers, Except Mining Safety Engineers and Inspectors"
17140,172131,380.0,77980.0,95640.0,127740.0,160320.0,167800.0,Materials Engineers
17140,173012,60.0,55460.0,64060.0,75870.0,92290.0,110890.0,Electrical and Electronics Drafters
17140,173013,300.0,52200.0,64290.0,77250.0,86240.0,107050.0,Mechanical Drafters
17140,173019,40.0,51690.0,53050.0,60950.0,61910.0,95470.0,"Drafters, All Other"
17140,173021,190.0,59970.0,66240.0,79310.0,81450.0,98950.0,Aerospace Engineering and Operations Technologists and Technicians
17140,173024,40.0,60010.0,60010.0,67020.0,79760.0,114380.0,Electro-Mechanical and Mechatronics Technologists and Technicians
17140,173025,110.0,40080.0,46180.0,51830.0,59120.0,72020.0,Environmental Engineering Technologists and Technicians
17140,173028,130.0,49680.0,56350.0,67010.0,100640.0,100690.0,Calibration Technologists and Technicians
17140,191012,130.0,54790.0,80510.0,90210.0,107680.0,133150.0,Food Scientists and Technologists
17140,191013,30.0,38920.0,46250.0,56470.0,97700.0,100750.0,Soil and Plant Scientists
17140,191021,60.0,74170.0,86990.0,98550.0,98550.0,137260.0,Biochemists and Biophysicists
17140,191022,170.0,42430.0,47450.0,65910.0,85840.0,131960.0,Microbiologists
17140,191029,200.0,62660.0,82140.0,107350.0,131610.0,157920.0,"Biological Scientists, All Other"
17140,191041,80.0,,,,,,Epidemiologists
17140,192012,60.0,53240.0,63180.0,142180.0,175180.0,256730.0,Physicists
17140,192032,200.0,46990.0,62440.0,107500.0,141920.0,171040.0,Materials Scientists
17140,192042,90.0,57150.0,59910.0,78290.0,110680.0,136280.0,"Geoscientists, Except Hydrologists and Geographers"
17140,192099,80.0,65820.0,92290.0,120740.0,159970.0,177990.0,"Physical Scientists, All Other"
17140,193011,40.0,69110.0,94420.0,120740.0,167440.0,223650.0,Economists
17140,193022,60.0,36130.0,43280.0,58300.0,84600.0,113780.0,Survey Researchers
17140,193091,30.0,49460.0,60180.0,60770.0,80720.0,89740.0,Anthropologists and Archeologists
17140,193099,80.0,56030.0,62580.0,75570.0,104600.0,116920.0,"Social Scientists and Related Workers, All Other"
17140,194013,80.0,41010.0,54260.0,64480.0,73950.0,85530.0,Food Science Technicians
17140,211013,100.0,42320.0,50550.0,60260.0,76760.0,159660.0,Marriage and Family Therapists
17140,212021,200.0,,,,,,"Directors, Religious Activities and Education"
17140,212099,60.0,28020.0,34760.0,40780.0,48640.0,62500.0,"Religious Workers, All Other"
17140,231021,60.0,63370.0,80960.0,97530.0,134450.0,207480.0,"Administrative Law Judges, Adjudicators, and Hearing Officers"
17140,251021,300.0,22260.0,36610.0,93730.0,127450.0,160960.0,"Computer Science Teachers, Postsecondary"
17140,251022,270.0,22260.0,50300.0,82080.0,102070.0,125920.0,"Mathematical Science Teachers, Postsecondary"
17140,251032,280.0,29890.0,80110.0,102410.0,131920.0,165770.0,"Engineering Teachers, Postsecondary"
17140,251052,130.0,23450.0,61900.0,79840.0,98620.0,129020.0,"Chemistry Teachers, Postsecondary"
17140,251054,130.0,22260.0,48540.0,78430.0,101770.0,132700.0,"Physics Teachers, Postsecondary"
17140,251062,50.0,22260.0,22260.0,76200.0,101820.0,106350.0,"Area, Ethnic, and Cultural Studies Teachers, Postsecondary"
17140,251065,70.0,47760.0,59170.0,80360.0,100300.0,105090.0,"Political Science Teachers, Postsecondary"
17140,251066,280.0,22260.0,50940.0,77380.0,100810.0,121750.0,"Psychology Teachers, Postsecondary"
17140,251067,90.0,22260.0,35590.0,78750.0,82300.0,102030.0,"Sociology Teachers, Postsecondary"
17140,251069,70.0,52250.0,52250.0,64730.0,80240.0,113200.0,"Social Sciences Teachers, Postsecondary, All Other"
17140,251111,90.0,22260.0,23080.0,78830.0,98530.0,119620.0,"Criminal Justice and Law Enforcement Teachers, Postsecondary"
17140,251112,130.0,22260.0,22260.0,101680.0,142760.0,203930.0,"Law Teachers, Postsecondary"
17140,251113,150.0,22260.0,22260.0,51870.0,78900.0,99360.0,"Social Work Teachers, Postsecondary"
17140,251122,270.0,22260.0,31890.0,62970.0,79790.0,99430.0,"Communications Teachers, Postsecondary"
17140,251123,400.0,23840.0,49260.0,62770.0,94510.0,99990.0,"English Language and Literature Teachers, Postsecondary"
17140,251124,170.0,22260.0,30030.0,62800.0,78200.0,97590.0,"Foreign Language and Literature Teachers, Postsecondary"
17140,251125,120.0,22260.0,43320.0,79620.0,100100.0,125700.0,"History Teachers, Postsecondary"
17140,251126,140.0,38950.0,61870.0,76640.0,101290.0,124080.0,"Philosophy and Religion Teachers, Postsecondary"
17140,251193,50.0,39290.0,59500.0,76650.0,87730.0,96250.0,"Recreation and Fitness Studies Teachers, Postsecondary"
17140,252023,90.0,76430.0,92040.0,94870.0,123420.0,123420.0,"Career/Technical Education Teachers, Middle School"
17140,252051,200.0,49750.0,60750.0,73220.0,84100.0,103280.0,"Special Education Teachers, Preschool"
17140,254012,80.0,42430.0,45600.0,70740.0,82190.0,98470.0,Curators
17140,254013,80.0,33390.0,42670.0,54600.0,60660.0,89910.0,Museum Technicians and Conservators
17140,259044,,22330.0,22330.0,28020.0,51270.0,75160.0,"Teaching Assistants, Postsecondary"
17140,271011,320.0,60000.0,77810.0,97360.0,124760.0,161330.0,Art Directors
17140,271012,40.0,32560.0,32820.0,32830.0,45380.0,68080.0,Craft Artists
17140,271013,130.0,27870.0,31780.0,34560.0,55290.0,59710.0,"Fine Artists, Including Painters, Sculptors, and Illustrators"
17140,271014,30.0,48730.0,65250.0,67710.0,69460.0,78350.0,Special Effects Artists and Animators
17140,271021,350.0,53170.0,70970.0,95160.0,112180.0,134580.0,Commercial and Industrial Designers
17140,271025,460.0,46080.0,51670.0,61720.0,86100.0,104000.0,Interior Designers
17140,271027,100.0,39740.0,41930.0,48360.0,56380.0,85600.0,Set and Exhibit Designers
17140,272023,180.0,,,,,,"Umpires, Referees, and Other Sports Officials"
17140,272041,70.0,41370.0,49360.0,63290.0,76990.0,106040.0,Music Directors and Composers
17140,272042,310.0,,,,,,Musicians and Singers
17140,272099,100.0,,,,,,"Entertainers and Performers, Sports and Related Workers, All Other"
17140,273023,300.0,37920.0,46610.0,53780.0,76970.0,93010.0,"News Analysts, Reporters, and Journalists"
17140,273041,330.0,36690.0,49060.0,62610.0,91610.0,113170.0,Editors
17140,273042,370.0,53540.0,64350.0,79140.0,99300.0,129100.0,Technical Writers
17140,273091,520.0,41430.0,48500.0,61100.0,79040.0,82650.0,Interpreters and Translators
17140,273099,50.0,45380.0,45380.0,45380.0,45380.0,91450.0,"Media and Communication Workers, All Other"
17140,274014,,35400.0,51580.0,53780.0,67360.0,70730.0,Sound Engineering Technicians
17140,274015,60.0,34820.0,49820.0,64330.0,78640.0,78640.0,Lighting Technicians
17140,274031,90.0,46130.0,52410.0,63970.0,79580.0,110570.0,"Camera Operators, Television, Video, and Film"
17140,274032,90.0,28280.0,28280.0,50350.0,61510.0,74750.0,Film and Video Editors
17140,291011,220.0,38830.0,53790.0,76010.0,115830.0,166240.0,Chiropractors
17140,291029,40.0,,,,,,"Dentists, All Other Specialists"
17140,291041,300.0,66760.0,102130.0,156990.0,169790.0,249510.0,Optometrists
17140,291081,50.0,103490.0,121820.0,204980.0,228640.0,280840.0,Podiatrists
17140,291124,150.0,67700.0,79930.0,102520.0,106070.0,120640.0,Radiation Therapists
17140,291125,50.0,48290.0,53460.0,63740.0,71410.0,82140.0,Recreational Therapists
17140,291128,40.0,50360.0,50670.0,61510.0,68670.0,95650.0,Exercise Physiologists
17140,291129,50.0,51400.0,58260.0,62690.0,99420.0,130910.0,"Therapists, All Other"
17140,291181,220.0,58490.0,80000.0,87030.0,105020.0,125200.0,Audiologists
17140,291211,320.0,96530.0,172330.0,419600.0,506880.0,532410.0,Anesthesiologists
17140,291212,210.0,80180.0,371380.0,551320.0,712130.0,740350.0,Cardiologists
17140,291213,130.0,64490.0,170440.0,266290.0,377910.0,377910.0,Dermatologists
17140,291214,240.0,131870.0,174410.0,333290.0,476910.0,581340.0,Emergency Medicine Physicians
17140,291217,180.0,62100.0,81990.0,101210.0,243230.0,355200.0,Neurologists
17140,291218,140.0,66890.0,198900.0,217510.0,288210.0,492140.0,Obstetricians and Gynecologists
17140,291221,420.0,83340.0,161590.0,216750.0,226450.0,287840.0,"Pediatricians, General"
17140,291222,190.0,71230.0,106720.0,317890.0,341420.0,448820.0,"Physicians, Pathologists"
17140,291223,150.0,104910.0,178140.0,261710.0,409050.0,423440.0,Psychiatrists
17140,291242,,215640.0,334240.0,334250.0,334250.0,712500.0,"Orthopedic Surgeons, Except Pediatric"
17140,291291,50.0,85130.0,85130.0,85130.0,85130.0,89990.0,Acupuncturists
17140,291299,220.0,65210.0,94970.0,112490.0,146990.0,177990.0,"Healthcare Diagnosing or Treating Practitioners, All Other"
17140,292031,450.0,39430.0,50090.0,55880.0,92350.0,103590.0,Cardiovascular Technologists and Technicians
17140,292051,100.0,31020.0,33530.0,40210.0,49680.0,59790.0,Dietetic Technicians
17140,292091,50.0,40950.0,49260.0,72980.0,102890.0,119130.0,Orthotists and Prosthetists
17140,292092,60.0,39520.0,55030.0,63290.0,78520.0,97500.0,Hearing Aid Specialists
17140,299093,200.0,79230.0,86740.0,102730.0,107700.0,115030.0,Surgical Assistants
17140,299099,90.0,39090.0,50830.0,82250.0,122830.0,135370.0,"Healthcare Practitioners and Technical Workers, All Other"
17140,311132,630.0,34190.0,35630.0,36980.0,37610.0,39100.0,Orderlies
17140,312022,100.0,23300.0,29400.0,36230.0,45970.0,54350.0,Physical Therapist Aides
17140,319094,120.0,36730.0,38760.0,46560.0,51730.0,59550.0,Medical Transcriptionists
17140,319095,170.0,34940.0,35840.0,39620.0,41400.0,55530.0,Pharmacy Aides
17140,331011,160.0,56530.0,61490.0,74110.0,79280.0,102810.0,First-Line Supervisors of Correctional Officers
17140,331099,60.0,39130.0,39450.0,70550.0,87280.0,98620.0,"First-Line Supervisors of Protective Service Workers, All Other"
17140,333011,390.0,34950.0,45200.0,59450.0,73980.0,73980.0,Bailiffs
17140,333041,40.0,30700.0,50080.0,58270.0,58270.0,63800.0,Parking Enforcement Workers
17140,339011,50.0,31010.0,34700.0,37180.0,46100.0,54020.0,Animal Control Workers
17140,339021,260.0,37190.0,45080.0,46190.0,70890.0,97640.0,Private Detectives and Investigators
17140,339031,100.0,34880.0,36410.0,45880.0,86260.0,111990.0,Gambling Surveillance Officers and Gambling Investigators
17140,339093,270.0,47530.0,49770.0,63650.0,65770.0,70010.0,Transportation Security Screeners
17140,339094,350.0,26940.0,27010.0,29570.0,35740.0,62780.0,School Bus Monitors
17140,359099,490.0,23420.0,26840.0,28090.0,28650.0,29060.0,"Food Preparation and Serving Related Workers, All Other"
17140,373012,70.0,37570.0,38210.0,50350.0,52970.0,57160.0,"Pesticide Handlers, Sprayers, and Applicators, Vegetation"
17140,373013,240.0,42410.0,46570.0,49760.0,55430.0,60220.0,Tree Trimmers and Pruners
17140,391013,130.0,48510.0,49510.0,60890.0,61140.0,99460.0,First-Line Supervisors of Gambling Services Workers
17140,393012,90.0,28400.0,34940.0,34980.0,67980.0,73180.0,Gambling and Sports Book Writers and Runners
17140,393092,50.0,32920.0,34380.0,39730.0,50490.0,57560.0,Costume Attendants
17140,393093,90.0,26030.0,28040.0,28390.0,37960.0,44630.0,"Locker Room, Coatroom, and Dressing Room Attendants"
17140,394031,200.0,27800.0,35470.0,58510.0,78770.0,82410.0,"Morticians, Undertakers, and Funeral Arrangers"
17140,395092,1050.0,26770.0,26960.0,35150.0,44720.0,53870.0,Manicurists and Pedicurists
17140,396012,160.0,28390.0,29710.0,35050.0,37260.0,46740.0,Concierges
17140,399099,220.0,26420.0,28480.0,29020.0,33540.0,44240.0,"Personal Care and Service Workers, All Other"
17140,412012,100.0,23350.0,28930.0,31880.0,39270.0,48600.0,Gambling Change Persons and Booth Cashiers
17140,413041,160.0,36200.0,38820.0,44980.0,59990.0,79110.0,Travel Agents
17140,419031,340.0,65920.0,71030.0,92650.0,119560.0,137370.0,Sales Engineers
17140,419041,470.0,27550.0,31530.0,37300.0,37360.0,43500.0,Telemarketers
17140,432011,120.0,29590.0,33550.0,37690.0,39010.0,43770.0,"Switchboard Operators, Including Answering Service"
17140,432021,50.0,36570.0,36570.0,37600.0,38670.0,44790.0,Telephone Operators
17140,433041,160.0,,,,,,Gambling Cage Workers
17140,434011,160.0,57930.0,57950.0,60750.0,78570.0,97250.0,Brokerage Clerks
17140,434041,110.0,47350.0,51540.0,57100.0,59770.0,72420.0,"Credit Authorizers, Checkers, and Clerks"
17140,434141,,37960.0,42710.0,50460.0,50460.0,56780.0,New Accounts Clerks
17140,434151,780.0,36400.0,39430.0,46350.0,52900.0,65070.0,Order Clerks
17140,434181,1610.0,34490.0,38360.0,45950.0,70740.0,78300.0,Reservation and Transportation Ticket Agents and Travel Clerks
17140,435011,1530.0,39200.0,43420.0,46190.0,59890.0,78230.0,Cargo and Freight Agents
17140,439022,110.0,40040.0,48670.0,55660.0,55660.0,59170.0,Word Processors and Typists
17140,439071,130.0,28780.0,34350.0,39020.0,47520.0,56940.0,"Office Machine Operators, Except Computer"
17140,439081,30.0,29970.0,45760.0,55020.0,61850.0,73930.0,Proofreaders and Copy Markers
17140,451011,50.0,37650.0,48650.0,57480.0,75240.0,95350.0,"First-Line Supervisors of Farming, Fishing, and Forestry Workers"
17140,452011,50.0,43990.0,59030.0,63650.0,68520.0,79060.0,Agricultural Inspectors
17140,452091,50.0,41260.0,47470.0,54380.0,59250.0,64680.0,Agricultural Equipment Operators
17140,452092,250.0,28280.0,33470.0,38650.0,47850.0,60470.0,"Farmworkers and Laborers, Crop, Nursery, and Greenhouse"
17140,452093,120.0,26370.0,28310.0,30850.0,37670.0,60420.0,"Farmworkers, Farm, Ranch, and Aquacultural Animals"
17140,472041,70.0,41840.0,48360.0,55850.0,73350.0,79490.0,Carpet Installers
17140,472043,,38920.0,46790.0,56800.0,58030.0,62770.0,Floor Sanders and Finishers
17140,472044,110.0,22260.0,39780.0,46630.0,57100.0,73790.0,Tile and Stone Setters
17140,472071,480.0,44080.0,48720.0,60680.0,94400.0,95630.0,"Paving, Surfacing, and Tamping Equipment Operators"
17140,472081,290.0,39210.0,48100.0,55470.0,63180.0,73300.0,Drywall and Ceiling Tile Installers
17140,472121,250.0,41070.0,48840.0,59620.0,64160.0,74430.0,Glaziers
17140,472131,90.0,41600.0,45010.0,58360.0,77070.0,96630.0,"Insulation Workers, Floor, Ceiling, and Wall"
17140,472132,250.0,48810.0,60590.0,75910.0,75910.0,81310.0,"Insulation Workers, Mechanical"
17140,472151,170.0,49710.0,58780.0,70910.0,80700.0,91900.0,Pipelayers
17140,472161,50.0,48250.0,52570.0,60000.0,65240.0,65240.0,Plasterers and Stucco Masons
17140,472221,480.0,48390.0,59210.0,75700.0,77390.0,88350.0,Structural Iron and Steel Workers
17140,473011,100.0,42290.0,51110.0,57410.0,57570.0,71730.0,"Helpers--Brickmasons, Blockmasons, Stonemasons, and Tile and Marble Setters"
17140,473012,120.0,27910.0,38480.0,45360.0,47840.0,55370.0,Helpers--Carpenters
17140,473013,200.0,35010.0,38370.0,42430.0,49610.0,52210.0,Helpers--Electricians
17140,473015,290.0,36760.0,40060.0,46950.0,56070.0,60320.0,"Helpers--Pipelayers, Plumbers, Pipefitters, and Steamfitters"
17140,473019,90.0,37270.0,40840.0,47820.0,57430.0,65980.0,"Helpers, Construction Trades, All Other"
17140,474041,200.0,44710.0,46000.0,47440.0,61340.0,68430.0,Hazardous Materials Removal Workers
17140,474071,200.0,43350.0,47510.0,62100.0,76290.0,76300.0,Septic Tank Servicers and Sewer Pipe Cleaners
17140,474090,160.0,40150.0,46240.0,54630.0,77080.0,82240.0,Miscellaneous Construction and Related Workers
17140,475022,210.0,44010.0,47800.0,59560.0,68560.0,101050.0,"Excavating and Loading Machine and Dragline Operators, Surface Mining"
17140,475023,50.0,44260.0,59180.0,61980.0,77490.0,102040.0,"Earth Drillers, Except Oil and Gas"
17140,475032,60.0,27400.0,27400.0,27400.0,46630.0,68710.0,"Explosives Workers, Ordnance Handling Experts, and Blasters"
17140,492021,60.0,38140.0,46800.0,65810.0,104310.0,109960.0,"Radio, Cellular, and Tower Equipment Installers and Repairers"
17140,492091,,39870.0,43630.0,43640.0,43640.0,50900.0,Avionics Technicians
17140,492092,120.0,42940.0,46360.0,52250.0,60750.0,68350.0,"Electric Motor, Power Tool, and Related Repairers"
17140,492095,100.0,74540.0,82750.0,104520.0,114470.0,121510.0,"Electrical and Electronics Repairers, Powerhouse, Substation, and Relay"
17140,492097,90.0,48130.0,48350.0,55420.0,60690.0,71500.0,Audiovisual Equipment Installers and Repairers
17140,493022,120.0,37010.0,46780.0,51990.0,61520.0,71810.0,Automotive Glass Installers and Repairers
17140,493051,90.0,38360.0,47820.0,56860.0,61480.0,70770.0,Motorboat Mechanics and Service Technicians
17140,493052,80.0,33600.0,38040.0,47040.0,58610.0,62730.0,Motorcycle Mechanics
17140,493053,260.0,35870.0,38800.0,47740.0,54980.0,61710.0,Outdoor Power Equipment and Other Small Engine Mechanics
17140,499011,280.0,38840.0,47140.0,50620.0,60580.0,71720.0,Mechanical Door Repairers
17140,499031,100.0,36320.0,41030.0,52120.0,73950.0,90950.0,Home Appliance Repairers
17140,499069,90.0,50620.0,65410.0,100460.0,101810.0,101810.0,"Precision Instrument and Equipment Repairers, All Other"
17140,499091,290.0,34620.0,36130.0,39190.0,45590.0,55070.0,"Coin, Vending, and Amusement Machine Servicers and Repairers"
17140,499094,80.0,38240.0,39040.0,49150.0,59930.0,66770.0,Locksmiths and Safe Repairers
17140,512011,,33590.0,36080.0,38710.0,57740.0,66080.0,"Aircraft Structure, Surfaces, Rigging, and Systems Assemblers"
17140,512021,150.0,38560.0,45390.0,48760.0,51240.0,59900.0,"Coil Winders, Tapers, and Finishers"
17140,512041,170.0,44490.0,47240.0,54030.0,60320.0,62820.0,Structural Metal Fabricators and Fitters
17140,512051,130.0,46470.0,49130.0,49130.0,59930.0,60190.0,Fiberglass Laminators and Fabricators
17140,513022,360.0,31700.0,37080.0,43150.0,45410.0,45410.0,"Meat, Poultry, and Fish Cutters and Trimmers"
17140,513023,330.0,31790.0,36040.0,36830.0,38390.0,46240.0,Slaughterers and Meat Packers
17140,513091,170.0,30880.0,43010.0,46250.0,46270.0,61270.0,"Food and Tobacco Roasting, Baking, and Drying Machine Operators and Tenders"
17140,513093,390.0,35880.0,40040.0,41800.0,48580.0,62980.0,Food Cooking Machine Operators and Tenders
17140,513099,80.0,33160.0,38200.0,40590.0,42880.0,45090.0,"Food Processing Workers, All Other"
17140,514023,180.0,37990.0,44930.0,49560.0,58890.0,59670.0,"Rolling Machine Setters, Operators, and Tenders, Metal and Plastic"
17140,514032,70.0,41100.0,41100.0,52260.0,53350.0,61610.0,"Drilling and Boring Machine Tool Setters, Operators, and Tenders, Metal and Plastic"
17140,514033,530.0,35860.0,37890.0,44900.0,50710.0,63080.0,"Grinding, Lapping, Polishing, & Buffing Machine Tool Setters, Operators, & Tenders, Metal & Plastic"
17140,514034,180.0,38620.0,44440.0,47330.0,60700.0,63150.0,"Lathe and Turning Machine Tool Setters, Operators, and Tenders, Metal and Plastic"
17140,514035,50.0,39190.0,44730.0,55340.0,65920.0,71650.0,"Milling and Planing Machine Setters, Operators, and Tenders, Metal and Plastic"
17140,514051,150.0,38220.0,46780.0,49690.0,59990.0,60930.0,Metal-Refining Furnace Operators and Tenders
17140,514071,,40970.0,45860.0,49600.0,62980.0,65860.0,Foundry Mold and Coremakers
17140,514122,420.0,40280.0,40660.0,46280.0,50140.0,59760.0,"Welding, Soldering, and Brazing Machine Setters, Operators, and Tenders"
17140,514191,110.0,39550.0,46080.0,56380.0,60890.0,67650.0,"Heat Treating Equipment Setters, Operators, and Tenders, Metal and Plastic"
17140,514193,200.0,28950.0,35740.0,46120.0,49440.0,60010.0,"Plating Machine Setters, Operators, and Tenders, Metal and Plastic"
17140,514194,40.0,44170.0,44170.0,44170.0,91890.0,101080.0,"Tool Grinders, Filers, and Sharpeners"
17140,515111,380.0,36670.0,40000.0,47810.0,55620.0,61260.0,Prepress Technicians and Workers
17140,515113,420.0,30550.0,36090.0,41490.0,47270.0,54180.0,Print Binding and Finishing Workers
17140,516052,,32520.0,34950.0,35230.0,43290.0,43300.0,"Tailors, Dressmakers, and Custom Sewers"
17140,516062,,28080.0,37690.0,43300.0,44280.0,47150.0,"Textile Cutting Machine Setters, Operators, and Tenders"
17140,516064,60.0,30400.0,30410.0,54350.0,56430.0,56430.0,"Textile Winding, Twisting, and Drawing Out Machine Setters, Operators, and Tenders"
17140,516093,60.0,37960.0,40000.0,40000.0,47110.0,54460.0,Upholsterers
17140,517011,390.0,37480.0,41670.0,49000.0,51570.0,59950.0,Cabinetmakers and Bench Carpenters
17140,517021,30.0,44660.0,46290.0,46900.0,55590.0,82960.0,Furniture Finishers
17140,517041,200.0,37960.0,38970.0,43680.0,49070.0,55690.0,"Sawing Machine Setters, Operators, and Tenders, Wood"
17140,517042,370.0,36130.0,36980.0,37380.0,45390.0,51530.0,"Woodworking Machine Setters, Operators, and Tenders, Except Sawing"
17140,518012,40.0,65290.0,101650.0,108590.0,125590.0,167310.0,Power Distributors and Dispatchers
17140,518013,220.0,68970.0,77350.0,109820.0,110280.0,122110.0,Power Plant Operators
17140,518021,150.0,66510.0,73150.0,78820.0,82730.0,93330.0,Stationary Engineers and Boiler Operators
17140,518099,60.0,46370.0,51270.0,67390.0,73170.0,73170.0,"Plant and System Operators, All Other"
17140,519012,510.0,36240.0,47950.0,56790.0,61670.0,70230.0,"Separating, Filtering, Clarifying, Precipitating, and Still Machine Setters, Operators, and Tenders"
17140,519021,360.0,37940.0,38650.0,40850.0,48020.0,59860.0,"Crushing, Grinding, and Polishing Machine Setters, Operators, and Tenders"
17140,519022,90.0,38680.0,45330.0,51770.0,58260.0,70110.0,"Grinding and Polishing Workers, Hand"
17140,519041,370.0,35320.0,39060.0,45950.0,51870.0,59780.0,"Extruding, Forming, Pressing, and Compacting Machine Setters, Operators, and Tenders"
17140,519051,270.0,35120.0,37870.0,46680.0,59320.0,68960.0,"Furnace, Kiln, Oven, Drier, and Kettle Operators and Tenders"
17140,519071,200.0,38670.0,38670.0,48190.0,58800.0,68720.0,Jewelers and Precious Stone and Metal Workers
17140,519081,140.0,38270.0,44010.0,53150.0,60470.0,74350.0,Dental Laboratory Technicians
17140,519191,180.0,36880.0,39660.0,45100.0,56570.0,62240.0,Adhesive Bonding Machine Operators and Tenders
17140,519192,170.0,36850.0,37580.0,45340.0,59610.0,63890.0,"Cleaning, Washing, and Metal Pickling Equipment Operators and Tenders"
17140,519194,110.0,36670.0,36960.0,36960.0,42960.0,61000.0,Etchers and Engravers
17140,519197,150.0,39740.0,40370.0,46810.0,47290.0,49720.0,Tire Builders
17140,531041,460.0,30600.0,30670.0,34110.0,34120.0,45660.0,Aircraft Cargo Handling Supervisors
17140,532011,3330.0,182780.0,219760.0,350950.0,407760.0,463830.0,"Airline Pilots, Copilots, and Flight Engineers"
17140,532012,190.0,63400.0,84650.0,130230.0,199370.0,269510.0,Commercial Pilots
17140,532021,80.0,53270.0,73110.0,136240.0,168650.0,176320.0,Air Traffic Controllers
17140,532022,140.0,51040.0,61650.0,76100.0,162980.0,164050.0,Airfield Operations Specialists
17140,533011,40.0,31560.0,35440.0,35440.0,37270.0,45460.0,"Ambulance Drivers and Attendants, Except Emergency Medical Technicians"
17140,533099,350.0,23620.0,28470.0,37500.0,44060.0,71860.0,"Motor Vehicle Operators, All Other"
17140,535011,100.0,38490.0,42710.0,42710.0,47750.0,57340.0,Sailors and Marine Oilers
17140,535021,130.0,42870.0,60190.0,80480.0,108960.0,134580.0,"Captains, Mates, and Pilots of Water Vessels"
17140,536032,290.0,35740.0,37880.0,38970.0,46160.0,47540.0,Aircraft Service Attendants
17140,536051,120.0,49480.0,96500.0,120000.0,139270.0,155650.0,Transportation Inspectors
17140,536061,70.0,31200.0,44810.0,44810.0,44820.0,55270.0,Passenger Attendants
17140,536099,30.0,34700.0,36120.0,59790.0,59790.0,63820.0,"Transportation Workers, All Other"
17140,537021,210.0,41000.0,45700.0,55000.0,87220.0,103330.0,Crane and Tower Operators
17140,537072,40.0,60220.0,63190.0,79010.0,88720.0,88720.0,"Pump Operators, Except Wellhead Pumpers"
17140,537199,40.0,30120.0,30520.0,38660.0,55540.0,61400.0,"Material Moving Workers, All Other"
18020,000000,49820.0,29290.0,36830.0,48470.0,72880.0,103750.0,All Occupations
18020,110000,2630.0,64470.0,88180.0,124870.0,175200.0,211950.0,Management Occupations
18020,111021,590.0,59090.0,77180.0,112760.0,164880.0,241960.0,General and Operations Managers
18020,112021,40.0,98590.0,128720.0,166610.0,170920.0,196340.0,Marketing Managers
18020,112022,130.0,69230.0,86880.0,120730.0,166280.0,222260.0,Sales Managers
18020,113012,80.0,74990.0,83670.0,134150.0,191570.0,211640.0,Administrative Services Managers
18020,113013,90.0,81190.0,98920.0,110720.0,142720.0,196820.0,Facilities Managers
18020,113021,90.0,91180.0,114630.0,139430.0,175200.0,201830.0,Computer and Information Systems Managers
18020,113031,180.0,78340.0,101100.0,143590.0,197070.0,217100.0,Financial Managers
18020,113051,360.0,79550.0,100430.0,130490.0,163850.0,221980.0,Industrial Production Managers
18020,113071,90.0,,,,,,"Transportation, Storage, and Distribution Managers"
18020,113121,60.0,79230.0,100840.0,124230.0,136050.0,169150.0,Human Resources Managers
18020,119021,40.0,63550.0,81960.0,102020.0,129700.0,179410.0,Construction Managers
18020,119032,90.0,72750.0,78720.0,98160.0,106010.0,129270.0,"Education Administrators, Kindergarten through Secondary"
18020,119041,310.0,129530.0,175550.0,180830.0,211950.0,211950.0,Architectural and Engineering Managers
18020,119051,40.0,49640.0,60790.0,69800.0,81880.0,98690.0,Food Service Managers
18020,119111,170.0,63460.0,80720.0,101380.0,123270.0,159810.0,Medical and Health Services Managers
18020,119141,50.0,40390.0,46660.0,61300.0,83420.0,97620.0,"Property, Real Estate, and Community Association Managers"
18020,119151,40.0,43350.0,55350.0,71220.0,90790.0,107160.0,Social and Community Service Managers
18020,119199,40.0,50130.0,76860.0,147910.0,185540.0,209270.0,"Managers, All Other"
18020,130000,2350.0,45320.0,58780.0,77330.0,100720.0,130090.0,Business and Financial Operations Occupations
18020,131020,170.0,46520.0,58160.0,71500.0,95380.0,124420.0,Buyers and Purchasing Agents
18020,131041,150.0,59780.0,78770.0,78770.0,78770.0,98280.0,Compliance Officers
18020,131051,50.0,50880.0,59580.0,80800.0,94800.0,100390.0,Cost Estimators
18020,131071,340.0,43310.0,49380.0,62330.0,79340.0,100800.0,Human Resources Specialists
18020,131081,280.0,64360.0,82340.0,100720.0,130090.0,130090.0,Logisticians
18020,131082,140.0,60330.0,68130.0,91510.0,119840.0,142790.0,Project Management Specialists
18020,131111,110.0,57930.0,79580.0,111090.0,138260.0,168980.0,Management Analysts
18020,131151,110.0,36290.0,47800.0,59520.0,73480.0,79680.0,Training and Development Specialists
18020,131161,180.0,40830.0,48410.0,66390.0,101200.0,134360.0,Market Research Analysts and Marketing Specialists
18020,131199,110.0,43280.0,57570.0,85460.0,98380.0,122720.0,"Business Operations Specialists, All Other"
18020,132011,330.0,51370.0,62940.0,78740.0,101140.0,121120.0,Accountants and Auditors
18020,132051,40.0,62840.0,67590.0,91040.0,107360.0,124950.0,Financial and Investment Analysts
18020,132052,70.0,45360.0,52840.0,77650.0,104590.0,205920.0,Personal Financial Advisors
18020,132072,50.0,38240.0,46130.0,59040.0,88600.0,102720.0,Loan Officers
18020,150000,930.0,47990.0,69840.0,98000.0,114310.0,136130.0,Computer and Mathematical Occupations
18020,151211,130.0,60600.0,78610.0,103800.0,128980.0,145720.0,Computer Systems Analysts
18020,151231,60.0,46800.0,56590.0,71270.0,86390.0,107530.0,Computer Network Support Specialists
18020,151232,150.0,37900.0,47340.0,58380.0,76800.0,100590.0,Computer User Support Specialists
18020,151244,50.0,62950.0,74450.0,86050.0,100050.0,118970.0,Network and Computer Systems Administrators
18020,151252,280.0,80000.0,98920.0,104880.0,123680.0,137340.0,Software Developers
18020,151299,50.0,28220.0,28220.0,83830.0,101210.0,124660.0,"Computer Occupations, All Other"
18020,152051,40.0,59840.0,76040.0,94700.0,142310.0,142310.0,Data Scientists
18020,170000,2580.0,65030.0,94380.0,103890.0,127700.0,160210.0,Architecture and Engineering Occupations
18020,172071,70.0,73830.0,82290.0,99960.0,117610.0,134140.0,Electrical Engineers
18020,172112,910.0,80590.0,97480.0,97480.0,126220.0,160210.0,Industrial Engineers
18020,172141,1000.0,86480.0,98620.0,127700.0,127700.0,162370.0,Mechanical Engineers
18020,173026,90.0,40040.0,47500.0,64020.0,77870.0,77870.0,Industrial Engineering Technologists and Technicians
18020,190000,360.0,40730.0,46150.0,60550.0,88080.0,114190.0,"Life, Physical, and Social Science Occupations"
18020,193033,40.0,77050.0,83350.0,97460.0,101540.0,125630.0,Clinical and Counseling Psychologists
18020,194031,40.0,37070.0,37070.0,45360.0,59290.0,71590.0,Chemical Technicians
18020,195011,60.0,47580.0,59750.0,87920.0,111900.0,125000.0,Occupational Health and Safety Specialists
18020,210000,790.0,37820.0,40610.0,48640.0,60570.0,76590.0,Community and Social Service Occupations
18020,211018,240.0,37820.0,40430.0,49240.0,61240.0,77170.0,"Substance Abuse, Behavioral Disorder, and Mental Health Counselors"
18020,211021,120.0,39240.0,46440.0,49150.0,59160.0,71440.0,"Child, Family, and School Social Workers"
18020,211022,30.0,56800.0,60900.0,66590.0,76590.0,82510.0,Healthcare Social Workers
18020,211023,30.0,39590.0,43760.0,45390.0,46250.0,60700.0,Mental Health and Substance Abuse Social Workers
18020,211093,130.0,28410.0,37230.0,43160.0,49380.0,57170.0,Social and Human Service Assistants
18020,230000,130.0,39590.0,50500.0,77660.0,117990.0,183000.0,Legal Occupations
18020,231011,70.0,70710.0,92520.0,105790.0,136210.0,279780.0,Lawyers
18020,232011,50.0,39590.0,47460.0,50500.0,62090.0,80490.0,Paralegals and Legal Assistants
18020,250000,2170.0,29280.0,36090.0,48030.0,61320.0,78190.0,Educational Instruction and Library Occupations
18020,252011,120.0,29240.0,31570.0,36640.0,37960.0,46460.0,"Preschool Teachers, Except Special Education"
18020,253021,50.0,23450.0,25880.0,36640.0,43030.0,64710.0,Self-Enrichment Teachers
18020,259045,390.0,22420.0,28740.0,31110.0,36390.0,44440.0,"Teaching Assistants, Except Postsecondary"
18020,270000,280.0,29580.0,36490.0,46920.0,63060.0,82400.0,"Arts, Design, Entertainment, Sports, and Media Occupations"
18020,271026,50.0,30610.0,35070.0,39200.0,44960.0,50980.0,Merchandise Displayers and Window Trimmers
18020,272022,30.0,24570.0,29400.0,36490.0,41780.0,58570.0,Coaches and Scouts
18020,273031,30.0,34640.0,49080.0,62770.0,89810.0,92930.0,Public Relations Specialists
18020,290000,2510.0,40560.0,59560.0,77030.0,107540.0,258660.0,Healthcare Practitioners and Technical Occupations
18020,291051,50.0,89630.0,114250.0,137330.0,154890.0,154950.0,Pharmacists
18020,291071,60.0,107810.0,122560.0,124460.0,153910.0,170610.0,Physician Assistants
18020,291123,90.0,73810.0,78330.0,96400.0,107320.0,130420.0,Physical Therapists
18020,291141,640.0,61840.0,77030.0,77030.0,94970.0,94970.0,Registered Nurses
18020,291171,170.0,98290.0,120460.0,125780.0,135480.0,172600.0,Nurse Practitioners
18020,291229,130.0,154400.0,247000.0,369300.0,374120.0,494090.0,"Physicians, All Other"
18020,291292,70.0,63320.0,76110.0,84810.0,95370.0,102690.0,Dental Hygienists
18020,292052,110.0,36940.0,38180.0,38370.0,45830.0,47790.0,Pharmacy Technicians
18020,292053,160.0,35190.0,36410.0,40990.0,44850.0,48180.0,Psychiatric Technicians
18020,292061,170.0,49460.0,59660.0,62400.0,65900.0,71610.0,Licensed Practical and Licensed Vocational Nurses
18020,292072,50.0,37940.0,44380.0,49270.0,59410.0,77620.0,Medical Records Specialists
18020,310000,1710.0,29970.0,33020.0,37270.0,44430.0,48470.0,Healthcare Support Occupations
18020,311120,750.0,29230.0,30360.0,33080.0,36000.0,37850.0,Home Health and Personal Care Aides
18020,311131,230.0,36850.0,37230.0,38260.0,40460.0,46170.0,Nursing Assistants
18020,312021,40.0,47680.0,51580.0,61140.0,74120.0,76550.0,Physical Therapist Assistants
18020,319091,120.0,35760.0,44600.0,47260.0,49180.0,56850.0,Dental Assistants
18020,319092,400.0,37640.0,38040.0,44580.0,45820.0,54570.0,Medical Assistants
18020,330000,780.0,26890.0,33750.0,43510.0,63440.0,77460.0,Protective Service Occupations
18020,332011,90.0,34220.0,43510.0,43510.0,58980.0,78840.0,Firefighters
18020,333051,150.0,51690.0,64890.0,72500.0,77460.0,77460.0,Police and Sheriff's Patrol Officers
18020,339032,250.0,29250.0,30800.0,34630.0,44440.0,59630.0,Security Guards
18020,350000,3510.0,20970.0,23980.0,28890.0,34920.0,43040.0,Food Preparation and Serving Related Occupations
18020,351012,280.0,31240.0,37490.0,44250.0,55550.0,62650.0,First-Line Supervisors of Food Preparation and Serving Workers
18020,352012,110.0,28060.0,29760.0,35490.0,36620.0,43530.0,"Cooks, Institution and Cafeteria"
18020,352014,360.0,25740.0,28320.0,29740.0,36380.0,40930.0,"Cooks, Restaurant"
18020,352021,200.0,24030.0,27960.0,32150.0,35690.0,38480.0,Food Preparation Workers
18020,353011,150.0,16300.0,18690.0,23700.0,35600.0,51220.0,Bartenders
18020,353023,1440.0,22220.0,23850.0,28290.0,31460.0,34480.0,Fast Food and Counter Workers
18020,353031,490.0,16790.0,18510.0,26340.0,36210.0,47380.0,Waiters and Waitresses
18020,359011,120.0,18800.0,22190.0,27670.0,30750.0,36380.0,Dining Room and Cafeteria Attendants and Bartender Helpers
18020,359031,140.0,19330.0,22350.0,26360.0,29500.0,35600.0,"Hosts and Hostesses, Restaurant, Lounge, and Coffee Shop"
18020,370000,850.0,27360.0,30060.0,35730.0,42750.0,48230.0,Building and Grounds Cleaning and Maintenance Occupations
18020,372011,420.0,29050.0,31050.0,35360.0,42160.0,45910.0,"Janitors and Cleaners, Except Maids and Housekeeping Cleaners"
18020,372012,180.0,26900.0,27080.0,29400.0,33010.0,36570.0,Maids and Housekeeping Cleaners
18020,373011,170.0,27360.0,34520.0,38900.0,46100.0,48230.0,Landscaping and Groundskeeping Workers
18020,390000,470.0,21650.0,25220.0,29680.0,36850.0,50890.0,Personal Care and Service Occupations
18020,392021,80.0,23100.0,26210.0,28960.0,37080.0,42060.0,Animal Caretakers
18020,395012,40.0,25830.0,28420.0,31300.0,31300.0,48260.0,"Hairdressers, Hairstylists, and Cosmetologists"
18020,399031,40.0,22470.0,26170.0,34690.0,48050.0,55390.0,Exercise Trainers and Group Fitness Instructors
18020,399032,80.0,16760.0,21790.0,30420.0,35760.0,44010.0,Recreation Workers
18020,410000,3970.0,23640.0,28340.0,35270.0,50720.0,81020.0,Sales and Related Occupations
18020,411011,340.0,31700.0,37690.0,47880.0,59470.0,71250.0,First-Line Supervisors of Retail Sales Workers
18020,411012,50.0,,,,,,First-Line Supervisors of Non-Retail Sales Workers
18020,412011,900.0,22240.0,27800.0,29280.0,32790.0,35990.0,Cashiers
18020,412021,80.0,23890.0,28280.0,36230.0,45720.0,61900.0,Counter and Rental Clerks
18020,412022,110.0,24900.0,28740.0,36630.0,45530.0,59670.0,Parts Salespersons
18020,412031,1500.0,23110.0,26930.0,29840.0,36050.0,43200.0,Retail Salespersons
18020,413021,90.0,36980.0,49240.0,58180.0,101710.0,197340.0,Insurance Sales Agents
18020,413031,70.0,45660.0,53840.0,60040.0,122370.0,167120.0,"Securities, Commodities, and Financial Services Sales Agents"
18020,413091,240.0,37530.0,45990.0,63150.0,96440.0,126480.0,"Sales Representatives of Services, Except Advertising, Insurance, Financial Services, and Travel"
18020,414011,60.0,63910.0,81020.0,126110.0,159130.0,159130.0,"Sales Representatives, Wholesale and Manufacturing, Technical and Scientific Products"
18020,414012,450.0,40740.0,49660.0,65630.0,93310.0,128210.0,"Sales Representatives, Wholesale and Manufacturing, Except Technical and Scientific Products"
18020,430000,4470.0,32080.0,37060.0,45350.0,54990.0,65310.0,Office and Administrative Support Occupations
18020,431011,230.0,46290.0,54070.0,61950.0,77230.0,99150.0,First-Line Supervisors of Office and Administrative Support Workers
18020,433021,100.0,35400.0,39180.0,44780.0,50280.0,63630.0,Billing and Posting Clerks
18020,433031,360.0,33880.0,38910.0,46660.0,56310.0,62400.0,"Bookkeeping, Accounting, and Auditing Clerks"
18020,433051,60.0,39090.0,43930.0,55160.0,66450.0,84020.0,Payroll and Timekeeping Clerks
18020,433071,120.0,33560.0,35790.0,37110.0,43130.0,45270.0,Tellers
18020,434051,600.0,32310.0,35280.0,42700.0,51380.0,61390.0,Customer Service Representatives
18020,434081,90.0,28560.0,29330.0,30850.0,34320.0,35510.0,"Hotel, Motel, and Resort Desk Clerks"
18020,434111,40.0,35810.0,36630.0,46600.0,47060.0,54250.0,"Interviewers, Except Eligibility and Loan"
18020,434171,240.0,26210.0,30360.0,35560.0,39530.0,47260.0,Receptionists and Information Clerks
18020,435032,40.0,39450.0,46750.0,55820.0,63230.0,82130.0,"Dispatchers, Except Police, Fire, and Ambulance"
18020,435052,90.0,42390.0,50020.0,60550.0,79480.0,81040.0,Postal Service Mail Carriers
18020,435061,210.0,45910.0,48980.0,60180.0,71410.0,91010.0,"Production, Planning, and Expediting Clerks"
18020,435071,470.0,36720.0,39300.0,44780.0,49490.0,57400.0,"Shipping, Receiving, and Inventory Clerks"
18020,436011,50.0,41500.0,48760.0,61080.0,72880.0,84740.0,Executive Secretaries and Executive Administrative Assistants
18020,436013,390.0,35780.0,36460.0,42110.0,45630.0,53840.0,Medical Secretaries and Administrative Assistants
18020,436014,220.0,31010.0,36310.0,44410.0,50000.0,60700.0,"Secretaries and Administrative Assistants, Except Legal, Medical, and Executive"
18020,439041,60.0,37230.0,38080.0,38960.0,56560.0,73510.0,Insurance Claims and Policy Processing Clerks
18020,439061,790.0,30440.0,36400.0,45620.0,50930.0,62030.0,"Office Clerks, General"
18020,470000,1520.0,42670.0,49000.0,62420.0,79670.0,92210.0,Construction and Extraction Occupations
18020,471011,150.0,53340.0,60230.0,76940.0,98240.0,108440.0,First-Line Supervisors of Construction Trades and Extraction Workers
18020,472031,190.0,47340.0,56550.0,67780.0,79000.0,82970.0,Carpenters
18020,472051,40.0,38940.0,46820.0,59660.0,65930.0,78680.0,Cement Masons and Concrete Finishers
18020,472061,310.0,36370.0,43900.0,53900.0,58640.0,64860.0,Construction Laborers
18020,472073,110.0,45890.0,56790.0,64970.0,90070.0,90930.0,Operating Engineers and Other Construction Equipment Operators
18020,472111,290.0,44880.0,60450.0,79670.0,79770.0,92210.0,Electricians
18020,472141,40.0,39940.0,47210.0,58560.0,66000.0,75520.0,"Painters, Construction and Maintenance"
18020,472152,100.0,49400.0,63290.0,85930.0,97070.0,97070.0,"Plumbers, Pipefitters, and Steamfitters"
18020,472181,50.0,39330.0,46630.0,59400.0,70700.0,83680.0,Roofers
18020,474051,30.0,41680.0,44660.0,49110.0,49110.0,51360.0,Highway Maintenance Workers
18020,490000,2100.0,37300.0,47110.0,59910.0,75050.0,82770.0,"Installation, Maintenance, and Repair Occupations"
18020,491011,170.0,47830.0,61610.0,74640.0,92430.0,106270.0,"First-Line Supervisors of Mechanics, Installers, and Repairers"
18020,493021,50.0,41160.0,50220.0,57000.0,61140.0,97040.0,Automotive Body and Related Repairers
18020,493023,190.0,36220.0,37300.0,49180.0,60510.0,74650.0,Automotive Service Technicians and Mechanics
18020,493031,80.0,44130.0,47890.0,55470.0,62860.0,72780.0,Bus and Truck Mechanics and Diesel Engine Specialists
18020,493042,50.0,45430.0,54270.0,60880.0,75740.0,92350.0,"Mobile Heavy Equipment Mechanics, Except Engines"
18020,493093,40.0,30020.0,32390.0,33140.0,37740.0,41140.0,Tire Repairers and Changers
18020,499021,70.0,41590.0,46810.0,54490.0,66080.0,95380.0,"Heating, Air Conditioning, and Refrigeration Mechanics and Installers"
18020,499041,490.0,47710.0,57890.0,63770.0,76280.0,80680.0,Industrial Machinery Mechanics
18020,499071,610.0,36090.0,46210.0,58450.0,74740.0,75050.0,"Maintenance and Repair Workers, General"
18020,510000,11650.0,36240.0,41960.0,48580.0,61230.0,73700.0,Production Occupations
18020,511011,690.0,48520.0,62310.0,75640.0,94340.0,94760.0,First-Line Supervisors of Production and Operating Workers
18020,512090,2980.0,36240.0,41960.0,46950.0,46950.0,59660.0,Miscellaneous Assemblers and Fabricators
18020,513011,40.0,24140.0,34520.0,35700.0,37790.0,45920.0,Bakers
18020,513021,40.0,32280.0,34860.0,36650.0,44440.0,47160.0,Butchers and Meat Cutters
18020,514031,260.0,34790.0,39580.0,47880.0,52460.0,57510.0,"Cutting, Punching, and Press Machine Setters, Operators, and Tenders, Metal and Plastic"
18020,514041,1470.0,48640.0,60470.0,61230.0,61230.0,74720.0,Machinists
18020,514081,440.0,34890.0,40320.0,47320.0,60090.0,60090.0,"Multiple Machine Tool Setters, Operators, and Tenders, Metal and Plastic"
18020,514121,310.0,36720.0,45970.0,49320.0,57210.0,66790.0,"Welders, Cutters, Solderers, and Brazers"
18020,516011,60.0,23900.0,28070.0,29140.0,32700.0,35570.0,Laundry and Dry-Cleaning Workers
18020,519061,900.0,35900.0,43290.0,49030.0,61720.0,75860.0,"Inspectors, Testers, Sorters, Samplers, and Weighers"
18020,519111,190.0,34300.0,36460.0,44620.0,47810.0,48350.0,Packaging and Filling Machine Operators and Tenders
18020,519161,610.0,39770.0,48590.0,48590.0,53040.0,58810.0,Computer Numerically Controlled Tool Operators
18020,530000,4060.0,28320.0,33220.0,39940.0,48670.0,59700.0,Transportation and Material Moving Occupations
18020,531047,170.0,38280.0,48080.0,59570.0,75540.0,90280.0,"First-Line Supervisors of Transportation and Material Moving Workers, Except Aircraft Cargo Handling"
18020,533031,160.0,20760.0,22210.0,29380.0,44340.0,54810.0,Driver/Sales Workers
18020,533032,520.0,45540.0,48750.0,57350.0,63560.0,72910.0,Heavy and Tractor-Trailer Truck Drivers
18020,533033,210.0,26780.0,35150.0,42470.0,43330.0,53770.0,Light Truck Drivers
18020,533053,30.0,20590.0,26070.0,34960.0,36850.0,43860.0,Shuttle Drivers and Chauffeurs
18020,536031,30.0,28780.0,29910.0,34660.0,37280.0,42350.0,Automotive and Watercraft Service Attendants
18020,537051,210.0,36130.0,38190.0,43780.0,47650.0,53630.0,Industrial Truck and Tractor Operators
18020,537061,110.0,23490.0,26600.0,29350.0,34900.0,44320.0,Cleaners of Vehicles and Equipment
18020,537062,1310.0,29350.0,34910.0,38510.0,47410.0,53590.0,"Laborers and Freight, Stock, and Material Movers, Hand"
18020,537064,110.0,28430.0,30300.0,36880.0,43510.0,44740.0,"Packers and Packagers, Hand"
18020,537065,810.0,26760.0,29910.0,32130.0,36180.0,42530.0,Stockers and Order Fillers
18020,339092,90.0,18120.0,23640.0,23640.0,25700.0,28650.0,"Lifeguards, Ski Patrol, and Other Recreational Protective Service Workers"
18020,353041,40.0,28020.0,29080.0,32340.0,34110.0,36360.0,"Food Servers, Nonrestaurant"
18020,472211,50.0,43580.0,57240.0,65010.0,90110.0,90110.0,Sheet Metal Workers
18020,499043,40.0,47590.0,47590.0,61530.0,61530.0,61530.0,"Maintenance Workers, Machinery"
18020,514072,330.0,30230.0,33830.0,38420.0,41820.0,58450.0,"Molding, Coremaking, and Casting Machine Setters, Operators, and Tenders, Metal and Plastic"
18020,514111,180.0,43440.0,57380.0,71180.0,78910.0,92940.0,Tool and Die Makers
18020,519124,230.0,32210.0,35930.0,39300.0,46640.0,60230.0,"Coating, Painting, and Spraying Machine Setters, Operators, and Tenders"
18020,519162,40.0,49220.0,55440.0,57770.0,77170.0,82420.0,Computer Numerically Controlled Tool Programmers
18020,519198,100.0,37180.0,42210.0,42210.0,45360.0,46060.0,Helpers--Production Workers
18020,537063,80.0,35860.0,36060.0,45700.0,49770.0,49770.0,Machine Feeders and Offbearers
18020,131075,60.0,30390.0,30390.0,38920.0,79650.0,91260.0,Labor Relations Specialists
18020,151212,40.0,61630.0,88560.0,94770.0,156210.0,193010.0,Information Security Analysts
18020,172199,140.0,,,,,,"Engineers, All Other"
18020,173023,30.0,38000.0,46230.0,61230.0,74540.0,87550.0,Electrical and Electronic Engineering Technologists and Technicians
18020,173027,130.0,38640.0,59860.0,82460.0,103890.0,123010.0,Mechanical Engineering Technologists and Technicians
18020,419021,30.0,28920.0,45820.0,75920.0,94180.0,138080.0,Real Estate Brokers
18020,172041,40.0,105880.0,109190.0,109190.0,121750.0,121750.0,Chemical Engineers
18020,173013,40.0,48880.0,57310.0,61730.0,74570.0,104010.0,Mechanical Drafters
18020,514033,120.0,33850.0,43240.0,43240.0,44920.0,55830.0,"Grinding, Lapping, Polishing, & Buffing Machine Tool Setters, Operators, & Tenders, Metal & Plastic"
18020,514191,180.0,32090.0,34210.0,34650.0,43850.0,57240.0,"Heat Treating Equipment Setters, Operators, and Tenders, Metal and Plastic"
18020,514193,240.0,38280.0,38280.0,38280.0,38280.0,38290.0,"Plating Machine Setters, Operators, and Tenders, Metal and Plastic"
18020,517011,60.0,37450.0,37450.0,37450.0,44790.0,52620.0,Cabinetmakers and Bench Carpenters
18020,519041,50.0,36620.0,41890.0,41890.0,61160.0,66140.0,"Extruding, Forming, Pressing, and Compacting Machine Setters, Operators, and Tenders"
18020,532012,,88730.0,88730.0,99250.0,126320.0,149270.0,Commercial Pilots
18020,514022,140.0,39410.0,49130.0,52060.0,58020.0,59900.0,"Forging Machine Setters, Operators, and Tenders, Metal and Plastic"
18140,000000,1105580.0,30020.0,37800.0,51340.0,80200.0,117330.0,All Occupations
18140,110000,82430.0,58400.0,79250.0,111840.0,164340.0,217240.0,Management Occupations
18140,111011,1160.0,90330.0,133540.0,162910.0,311080.0,433150.0,Chief Executives
18140,111021,29070.0,50440.0,68340.0,102590.0,164030.0,221270.0,General and Operations Managers
18140,112021,2330.0,82950.0,105770.0,134420.0,177650.0,224440.0,Marketing Managers
18140,112022,4460.0,77750.0,100510.0,138580.0,187760.0,254150.0,Sales Managers
18140,113012,1930.0,64240.0,81530.0,104050.0,144180.0,187480.0,Administrative Services Managers
18140,113013,1290.0,56290.0,72010.0,98290.0,120920.0,149830.0,Facilities Managers
18140,113021,4330.0,105720.0,133580.0,167630.0,210280.0,270450.0,Computer and Information Systems Managers
18140,113031,5750.0,91210.0,112880.0,145630.0,186610.0,267050.0,Financial Managers
18140,113051,1860.0,72050.0,89560.0,112020.0,146310.0,174660.0,Industrial Production Managers
18140,113071,2060.0,64110.0,81640.0,105360.0,135870.0,186800.0,"Transportation, Storage, and Distribution Managers"
18140,113121,1870.0,89150.0,97990.0,131100.0,170530.0,220890.0,Human Resources Managers
18140,119021,4000.0,74800.0,90850.0,105200.0,129910.0,165770.0,Construction Managers
18140,119032,2140.0,61880.0,82930.0,101000.0,122160.0,131010.0,"Education Administrators, Kindergarten through Secondary"
18140,119041,,119900.0,135540.0,162770.0,186940.0,215400.0,Architectural and Engineering Managers
18140,119051,2060.0,36690.0,58660.0,63420.0,78620.0,102650.0,Food Service Managers
18140,119111,5370.0,71400.0,87260.0,107520.0,137280.0,212620.0,Medical and Health Services Managers
18140,119121,300.0,84030.0,126010.0,138110.0,166460.0,217760.0,Natural Sciences Managers
18140,119141,2670.0,42270.0,50270.0,61880.0,88030.0,128710.0,"Property, Real Estate, and Community Association Managers"
18140,119151,1280.0,50680.0,60890.0,79830.0,102030.0,123150.0,Social and Community Service Managers
18140,119199,1680.0,67970.0,97070.0,131580.0,173270.0,216720.0,"Managers, All Other"
18140,130000,85340.0,49250.0,63090.0,80710.0,103860.0,131870.0,Business and Financial Operations Occupations
18140,131020,4200.0,50560.0,60760.0,77150.0,95140.0,117290.0,Buyers and Purchasing Agents
18140,131031,3300.0,45320.0,49250.0,64180.0,84860.0,103510.0,"Claims Adjusters, Examiners, and Investigators"
18140,131041,3020.0,50360.0,61790.0,79780.0,102130.0,125160.0,Compliance Officers
18140,131051,1570.0,49440.0,63480.0,79990.0,101050.0,128020.0,Cost Estimators
18140,131071,7740.0,47380.0,58140.0,75440.0,97460.0,124500.0,Human Resources Specialists
18140,131081,1740.0,52200.0,64020.0,80710.0,100280.0,124520.0,Logisticians
18140,131082,7680.0,60500.0,76720.0,98660.0,128800.0,164190.0,Project Management Specialists
18140,131111,7840.0,63460.0,77860.0,90010.0,122660.0,146200.0,Management Analysts
18140,131121,840.0,39070.0,46690.0,61050.0,73370.0,90790.0,"Meeting, Convention, and Event Planners"
18140,131131,630.0,48690.0,55520.0,66950.0,92220.0,122350.0,Fundraisers
18140,131141,710.0,48710.0,61280.0,78870.0,92390.0,116080.0,"Compensation, Benefits, and Job Analysis Specialists"
18140,131151,4350.0,36250.0,47350.0,72390.0,93780.0,124740.0,Training and Development Specialists
18140,131161,5880.0,41460.0,56990.0,77010.0,100990.0,130770.0,Market Research Analysts and Marketing Specialists
18140,131199,10040.0,49990.0,62600.0,82030.0,104790.0,131400.0,"Business Operations Specialists, All Other"
18140,132011,11410.0,56610.0,65170.0,81700.0,104790.0,132330.0,Accountants and Auditors
18140,132020,350.0,44720.0,51560.0,68060.0,79660.0,103620.0,Property Appraisers and Assessors
18140,132051,2870.0,63550.0,75730.0,97920.0,118380.0,145000.0,Financial and Investment Analysts
18140,132052,1900.0,47860.0,64570.0,81600.0,140030.0,215250.0,Personal Financial Advisors
18140,132072,2410.0,39650.0,56990.0,82160.0,106380.0,144880.0,Loan Officers
18140,150000,36100.0,59350.0,79130.0,104470.0,134560.0,162930.0,Computer and Mathematical Occupations
18140,151211,4660.0,67160.0,84780.0,107230.0,136730.0,154660.0,Computer Systems Analysts
18140,151231,1710.0,50770.0,62470.0,81220.0,115170.0,147740.0,Computer Network Support Specialists
18140,151232,4960.0,41000.0,49520.0,62540.0,80390.0,103110.0,Computer User Support Specialists
18140,151241,1270.0,85410.0,101770.0,131260.0,163210.0,180790.0,Computer Network Architects
18140,151242,430.0,52980.0,76370.0,101450.0,126900.0,144430.0,Database Administrators
18140,151244,3970.0,65780.0,82170.0,105750.0,143780.0,143780.0,Network and Computer Systems Administrators
18140,151251,410.0,51270.0,62960.0,80910.0,108250.0,128160.0,Computer Programmers
18140,151252,9880.0,80130.0,100010.0,122340.0,140260.0,170000.0,Software Developers
18140,151299,2410.0,60150.0,98630.0,129940.0,134560.0,162930.0,"Computer Occupations, All Other"
18140,152051,1480.0,63530.0,83090.0,107950.0,143450.0,169380.0,Data Scientists
18140,170000,18190.0,59150.0,76510.0,94280.0,111150.0,136950.0,Architecture and Engineering Occupations
18140,171011,960.0,62220.0,78580.0,99140.0,127860.0,167110.0,"Architects, Except Landscape and Naval"
18140,172031,120.0,82770.0,101150.0,113570.0,132350.0,169100.0,Bioengineers and Biomedical Engineers
18140,172051,2630.0,68340.0,78620.0,99010.0,127940.0,169390.0,Civil Engineers
18140,172071,1100.0,75590.0,83510.0,102380.0,126830.0,150160.0,Electrical Engineers
18140,172112,3710.0,77000.0,83180.0,100570.0,118370.0,135080.0,Industrial Engineers
18140,172141,2630.0,71870.0,79230.0,100730.0,106960.0,131390.0,Mechanical Engineers
18140,173011,670.0,34240.0,49510.0,61310.0,79000.0,91170.0,Architectural and Civil Drafters
18140,173026,540.0,50120.0,59050.0,76530.0,84610.0,96410.0,Industrial Engineering Technologists and Technicians
18140,173031,280.0,47560.0,48210.0,60330.0,70540.0,80850.0,Surveying and Mapping Technicians
18140,190000,9460.0,49420.0,62860.0,82010.0,106180.0,134820.0,"Life, Physical, and Social Science Occupations"
18140,191042,670.0,52290.0,66370.0,84300.0,116390.0,181470.0,"Medical Scientists, Except Epidemiologists"
18140,192031,1170.0,60600.0,71850.0,94170.0,121300.0,134820.0,Chemists
18140,192041,870.0,59410.0,66730.0,82350.0,100280.0,108100.0,"Environmental Scientists and Specialists, Including Health"
18140,193033,510.0,39560.0,42540.0,104370.0,156090.0,160300.0,Clinical and Counseling Psychologists
18140,193039,50.0,82350.0,106040.0,127090.0,138300.0,145180.0,"Psychologists, All Other"
18140,193051,230.0,58520.0,66190.0,78750.0,100250.0,103580.0,Urban and Regional Planners
18140,194021,330.0,41360.0,50440.0,59900.0,64920.0,84330.0,Biological Technicians
18140,194031,390.0,46160.0,50060.0,62340.0,76130.0,85170.0,Chemical Technicians
18140,195011,1460.0,63420.0,80470.0,98920.0,121270.0,178410.0,Occupational Health and Safety Specialists
18140,195012,300.0,52560.0,63630.0,64940.0,78950.0,83680.0,Occupational Health and Safety Technicians
18140,210000,18900.0,38060.0,47280.0,58460.0,72790.0,91210.0,Community and Social Service Occupations
18140,211012,2440.0,46840.0,49650.0,62080.0,81990.0,106610.0,"Educational, Guidance, and Career Counselors and Advisors"
18140,211015,750.0,22260.0,37670.0,45500.0,60780.0,82940.0,Rehabilitation Counselors
18140,211018,3890.0,40840.0,48870.0,59370.0,71220.0,88500.0,"Substance Abuse, Behavioral Disorder, and Mental Health Counselors"
18140,211021,3200.0,46690.0,48870.0,58460.0,60980.0,75940.0,"Child, Family, and School Social Workers"
18140,211022,1680.0,46740.0,53510.0,65280.0,78070.0,88380.0,Healthcare Social Workers
18140,211023,1050.0,36870.0,40260.0,47820.0,65440.0,108870.0,Mental Health and Substance Abuse Social Workers
18140,211091,480.0,42310.0,48340.0,66370.0,85030.0,97230.0,Health Education Specialists
18140,211092,480.0,51930.0,62060.0,73690.0,73690.0,86280.0,Probation Officers and Correctional Treatment Specialists
18140,211093,2430.0,30550.0,36520.0,42190.0,48080.0,54170.0,Social and Human Service Assistants
18140,230000,8590.0,51060.0,63460.0,100700.0,155270.0,211160.0,Legal Occupations
18140,231011,4960.0,79510.0,101100.0,137810.0,186870.0,235150.0,Lawyers
18140,232011,2260.0,47090.0,59450.0,60430.0,78200.0,98030.0,Paralegals and Legal Assistants
18140,250000,66530.0,30110.0,39820.0,61280.0,82930.0,103290.0,Educational Instruction and Library Occupations
18140,251011,750.0,38660.0,60490.0,80670.0,133720.0,222830.0,"Business Teachers, Postsecondary"
18140,251071,1400.0,50030.0,50030.0,79060.0,128100.0,217500.0,"Health Specialties Teachers, Postsecondary"
18140,251121,650.0,31170.0,60740.0,80700.0,103560.0,121820.0,"Art, Drama, and Music Teachers, Postsecondary"
18140,251194,530.0,41580.0,49170.0,62690.0,84450.0,112950.0,"Career/Technical Education Teachers, Postsecondary"
18140,251199,1010.0,38180.0,57260.0,74940.0,97270.0,122860.0,"Postsecondary Teachers, All Other"
18140,252011,4890.0,27610.0,29880.0,35370.0,36720.0,43990.0,"Preschool Teachers, Except Special Education"
18140,252021,9950.0,48760.0,61000.0,78150.0,100310.0,102050.0,"Elementary School Teachers, Except Special Education"
18140,252031,9210.0,51340.0,62560.0,81400.0,102190.0,118650.0,"Secondary School Teachers, Except Special and Career/Technical Education"
18140,252052,2330.0,49380.0,60520.0,75710.0,98690.0,103570.0,"Special Education Teachers, Kindergarten and Elementary School"
18140,253021,2000.0,24880.0,29070.0,36870.0,48370.0,78400.0,Self-Enrichment Teachers
18140,253031,3390.0,29970.0,37240.0,37940.0,47470.0,47470.0,"Substitute Teachers, Short-Term"
18140,253099,,38460.0,38460.0,43600.0,57010.0,78770.0,"Teachers and Instructors, All Other"
18140,254022,850.0,48620.0,57990.0,65120.0,82980.0,104430.0,Librarians and Media Collections Specialists
18140,254031,870.0,34800.0,38410.0,39070.0,49520.0,51070.0,Library Technicians
18140,259045,8270.0,27170.0,29240.0,35900.0,44660.0,47930.0,"Teaching Assistants, Except Postsecondary"
18140,270000,13130.0,32070.0,42090.0,57780.0,79450.0,104790.0,"Arts, Design, Entertainment, Sports, and Media Occupations"
18140,271024,1470.0,42430.0,51150.0,64000.0,83240.0,102710.0,Graphic Designers
18140,271026,1250.0,29870.0,36860.0,40370.0,49550.0,63770.0,Merchandise Displayers and Window Trimmers
18140,272012,370.0,48530.0,59690.0,76930.0,94650.0,122170.0,Producers and Directors
18140,272022,2900.0,29190.0,33610.0,48490.0,62310.0,84540.0,Coaches and Scouts
18140,273011,130.0,28440.0,34640.0,44810.0,52580.0,108080.0,Broadcast Announcers and Radio Disc Jockeys
18140,273031,1840.0,45190.0,55360.0,73280.0,96170.0,124430.0,Public Relations Specialists
18140,273092,80.0,59530.0,67330.0,67330.0,77420.0,77420.0,Court Reporters and Simultaneous Captioners
18140,274011,300.0,37440.0,40510.0,50320.0,66730.0,80590.0,Audio and Video Technicians
18140,274012,90.0,30620.0,31200.0,54290.0,89380.0,100560.0,Broadcast Technicians
18140,290000,82180.0,47030.0,63860.0,81780.0,102750.0,147080.0,Healthcare Practitioners and Technical Occupations
18140,291021,780.0,64100.0,65260.0,166180.0,204610.0,306960.0,"Dentists, General"
18140,291031,680.0,38700.0,61610.0,71200.0,80540.0,93410.0,Dietitians and Nutritionists
18140,291051,2610.0,50450.0,127700.0,133960.0,156190.0,166620.0,Pharmacists
18140,291071,1140.0,97820.0,119930.0,137550.0,212220.0,212220.0,Physician Assistants
18140,291122,1370.0,65060.0,82090.0,98920.0,106970.0,119710.0,Occupational Therapists
18140,291123,2030.0,79060.0,83110.0,105130.0,113370.0,124110.0,Physical Therapists
18140,291126,1220.0,68300.0,79670.0,81860.0,96070.0,98700.0,Respiratory Therapists
18140,291127,1390.0,65460.0,78010.0,96460.0,108280.0,120200.0,Speech-Language Pathologists
18140,291131,850.0,47990.0,78360.0,123270.0,142380.0,208390.0,Veterinarians
18140,291141,30510.0,67720.0,80070.0,83900.0,101360.0,105770.0,Registered Nurses
18140,291171,3140.0,99960.0,102750.0,124580.0,133750.0,150250.0,Nurse Practitioners
18140,291216,,203200.0,249990.0,249990.0,249990.0,461360.0,General Internal Medicine Physicians
18140,291229,3830.0,70830.0,105600.0,214760.0,365610.0,465130.0,"Physicians, All Other"
18140,291292,1700.0,81780.0,90620.0,96880.0,99330.0,99730.0,Dental Hygienists
18140,292010,2520.0,39470.0,46810.0,62240.0,78930.0,95100.0,Clinical Laboratory Technologists and Technicians
18140,292032,530.0,64930.0,80950.0,84200.0,99450.0,101800.0,Diagnostic Medical Sonographers
18140,292034,1780.0,57700.0,65780.0,80200.0,91860.0,100710.0,Radiologic Technologists and Technicians
18140,292035,380.0,76550.0,81490.0,90530.0,101860.0,103280.0,Magnetic Resonance Imaging Technologists
18140,292042,760.0,36910.0,39010.0,41520.0,46960.0,55470.0,Emergency Medical Technicians
18140,292052,3480.0,36100.0,37150.0,45240.0,49100.0,61760.0,Pharmacy Technicians
18140,292053,650.0,32060.0,36510.0,38620.0,46850.0,49560.0,Psychiatric Technicians
18140,292055,750.0,50110.0,60760.0,64120.0,78510.0,84650.0,Surgical Technologists
18140,292056,1050.0,35310.0,46610.0,49260.0,58300.0,64300.0,Veterinary Technologists and Technicians
18140,292061,7270.0,51480.0,56860.0,61910.0,68590.0,76200.0,Licensed Practical and Licensed Vocational Nurses
18140,292072,1380.0,40300.0,47170.0,51230.0,65320.0,80470.0,Medical Records Specialists
18140,292081,590.0,36310.0,40380.0,50730.0,59150.0,65560.0,"Opticians, Dispensing"
18140,292099,1600.0,38870.0,39880.0,45790.0,51020.0,68890.0,"Health Technologists and Technicians, All Other"
18140,310000,52030.0,29850.0,33960.0,38040.0,44760.0,48790.0,Healthcare Support Occupations
18140,311120,27580.0,28850.0,30590.0,34880.0,37630.0,42110.0,Home Health and Personal Care Aides
18140,311131,10020.0,37510.0,38230.0,42970.0,46030.0,47230.0,Nursing Assistants
18140,311133,360.0,37230.0,37750.0,47160.0,47160.0,54000.0,Psychiatric Aides
18140,312021,1100.0,56280.0,59720.0,69480.0,79380.0,96250.0,Physical Therapist Assistants
18140,319011,390.0,40690.0,47560.0,57580.0,60880.0,77030.0,Massage Therapists
18140,319091,2560.0,37730.0,45650.0,48760.0,57290.0,78500.0,Dental Assistants
18140,319092,5850.0,37810.0,38250.0,44140.0,46550.0,49950.0,Medical Assistants
18140,319093,550.0,37120.0,38480.0,45820.0,49180.0,58300.0,Medical Equipment Preparers
18140,319096,1100.0,30200.0,36160.0,37280.0,43360.0,47490.0,Veterinary Assistants and Laboratory Animal Caretakers
18140,330000,27840.0,30200.0,35900.0,54370.0,78010.0,103210.0,Protective Service Occupations
18140,331012,960.0,67080.0,93980.0,121750.0,131250.0,154800.0,First-Line Supervisors of Police and Detectives
18140,331091,530.0,39300.0,47550.0,51470.0,63170.0,80100.0,First-Line Supervisors of Security Workers
18140,332011,4130.0,35720.0,46240.0,61780.0,96530.0,96530.0,Firefighters
18140,333012,2540.0,48090.0,49480.0,58040.0,67350.0,68060.0,Correctional Officers and Jailers
18140,333051,5190.0,60450.0,71150.0,100890.0,103210.0,111420.0,Police and Sheriff's Patrol Officers
18140,339032,9300.0,29600.0,33520.0,35800.0,44880.0,54370.0,Security Guards
18140,339091,960.0,33280.0,37420.0,61690.0,61690.0,61690.0,Crossing Guards and Flaggers
18140,350000,95180.0,24230.0,28450.0,33540.0,38210.0,48340.0,Food Preparation and Serving Related Occupations
18140,351011,750.0,40600.0,47010.0,59830.0,75630.0,96770.0,Chefs and Head Cooks
18140,351012,10780.0,27590.0,36200.0,37790.0,46160.0,57990.0,First-Line Supervisors of Food Preparation and Serving Workers
18140,352011,2210.0,23070.0,23330.0,25290.0,33540.0,36060.0,"Cooks, Fast Food"
18140,352012,4020.0,30870.0,36280.0,38100.0,45370.0,47410.0,"Cooks, Institution and Cafeteria"
18140,352014,8600.0,28960.0,31200.0,36590.0,38680.0,45910.0,"Cooks, Restaurant"
18140,352015,1100.0,28440.0,31480.0,35200.0,39660.0,45050.0,"Cooks, Short Order"
18140,352021,3210.0,28890.0,31200.0,36930.0,39730.0,46670.0,Food Preparation Workers
18140,353011,5030.0,23670.0,28560.0,37000.0,49730.0,75010.0,Bartenders
18140,353023,31590.0,23580.0,28030.0,28670.0,30550.0,35210.0,Fast Food and Counter Workers
18140,353031,15900.0,24370.0,29620.0,37490.0,49400.0,63250.0,Waiters and Waitresses
18140,359011,2860.0,22730.0,27110.0,30000.0,35370.0,38580.0,Dining Room and Cafeteria Attendants and Bartender Helpers
18140,359021,2860.0,24230.0,27500.0,33690.0,35660.0,37570.0,Dishwashers
18140,359031,2880.0,23650.0,26510.0,27650.0,33600.0,39000.0,"Hosts and Hostesses, Restaurant, Lounge, and Coffee Shop"
18140,370000,28990.0,29240.0,33230.0,37550.0,45590.0,51840.0,Building and Grounds Cleaning and Maintenance Occupations
18140,371011,1170.0,35760.0,38640.0,47670.0,62070.0,67470.0,First-Line Supervisors of Housekeeping and Janitorial Workers
18140,371012,870.0,46880.0,48420.0,58390.0,62930.0,78240.0,"First-Line Supervisors of Landscaping, Lawn Service, and Groundskeeping Workers"
18140,372011,14130.0,29340.0,32170.0,37310.0,44620.0,49360.0,"Janitors and Cleaners, Except Maids and Housekeeping Cleaners"
18140,372012,5170.0,28210.0,29690.0,33770.0,35900.0,37590.0,Maids and Housekeeping Cleaners
18140,373011,6820.0,31870.0,37930.0,39100.0,45990.0,49230.0,Landscaping and Groundskeeping Workers
18140,390000,19230.0,25180.0,28830.0,33530.0,44120.0,59780.0,Personal Care and Service Occupations
18140,391014,920.0,35030.0,41360.0,50040.0,63420.0,80990.0,"First-Line Supervisors of Entertainment and Recreation Workers, Except Gambling Services"
18140,391022,470.0,32190.0,36720.0,42050.0,56160.0,75690.0,First-Line Supervisors of Personal Service Workers
18140,392011,170.0,28230.0,28280.0,34290.0,47160.0,72120.0,Animal Trainers
18140,392021,2100.0,27860.0,29220.0,30920.0,36300.0,56840.0,Animal Caretakers
18140,393091,2310.0,23170.0,24410.0,27540.0,31120.0,35700.0,Amusement and Recreation Attendants
18140,395012,2420.0,23580.0,28890.0,36260.0,59420.0,78040.0,"Hairdressers, Hairstylists, and Cosmetologists"
18140,399011,2580.0,26070.0,29060.0,30280.0,38420.0,44080.0,Childcare Workers
18140,399031,2110.0,26410.0,30010.0,37410.0,53240.0,61630.0,Exercise Trainers and Group Fitness Instructors
18140,399032,2550.0,28880.0,31280.0,33690.0,37220.0,48520.0,Recreation Workers
18140,399041,590.0,31270.0,37900.0,41930.0,45650.0,47600.0,Residential Advisors
18140,410000,85890.0,27740.0,30000.0,37220.0,59170.0,91090.0,Sales and Related Occupations
18140,411011,6910.0,33160.0,38170.0,47150.0,61180.0,74780.0,First-Line Supervisors of Retail Sales Workers
18140,411012,1040.0,47840.0,60780.0,83590.0,118560.0,170360.0,First-Line Supervisors of Non-Retail Sales Workers
18140,412011,17790.0,26100.0,28570.0,30140.0,34480.0,36910.0,Cashiers
18140,412021,1990.0,24120.0,32320.0,39180.0,54400.0,79250.0,Counter and Rental Clerks
18140,412022,1740.0,28710.0,29440.0,37910.0,48220.0,60840.0,Parts Salespersons
18140,412031,26850.0,26470.0,29100.0,33780.0,37230.0,46780.0,Retail Salespersons
18140,413011,550.0,35740.0,37520.0,51890.0,76380.0,95800.0,Advertising Sales Agents
18140,413021,3250.0,35440.0,44710.0,51220.0,78680.0,104140.0,Insurance Sales Agents
18140,413031,3850.0,50280.0,57550.0,77030.0,100560.0,171320.0,"Securities, Commodities, and Financial Services Sales Agents"
18140,413091,8350.0,35760.0,43660.0,59390.0,82720.0,130000.0,"Sales Representatives of Services, Except Advertising, Insurance, Financial Services, and Travel"
18140,414011,1370.0,52590.0,62170.0,105260.0,149460.0,203520.0,"Sales Representatives, Wholesale and Manufacturing, Technical and Scientific Products"
18140,414012,8900.0,39450.0,51060.0,67410.0,98640.0,136650.0,"Sales Representatives, Wholesale and Manufacturing, Except Technical and Scientific Products"
18140,419022,1520.0,29990.0,29990.0,41970.0,50050.0,63400.0,Real Estate Sales Agents
18140,430000,121850.0,32180.0,39040.0,47890.0,59660.0,75030.0,Office and Administrative Support Occupations
18140,431011,9480.0,47260.0,56850.0,66970.0,80230.0,99050.0,First-Line Supervisors of Office and Administrative Support Workers
18140,433011,1890.0,31970.0,42010.0,48200.0,60490.0,62200.0,Bill and Account Collectors
18140,433021,3750.0,40070.0,44660.0,47320.0,51500.0,61890.0,Billing and Posting Clerks
18140,433031,9000.0,38240.0,45760.0,51170.0,59810.0,68900.0,"Bookkeeping, Accounting, and Auditing Clerks"
18140,433051,1200.0,45840.0,47620.0,59010.0,69450.0,82160.0,Payroll and Timekeeping Clerks
18140,433071,2020.0,35320.0,36150.0,37840.0,46190.0,49580.0,Tellers
18140,434031,1530.0,34490.0,40670.0,49240.0,62030.0,77450.0,"Court, Municipal, and License Clerks"
18140,434051,18550.0,33190.0,38200.0,46350.0,52000.0,62340.0,Customer Service Representatives
18140,434061,680.0,42080.0,49160.0,59420.0,68790.0,93600.0,"Eligibility Interviewers, Government Programs"
18140,434071,400.0,27760.0,30630.0,44730.0,53520.0,59080.0,File Clerks
18140,434081,1430.0,29240.0,29860.0,33730.0,34460.0,36670.0,"Hotel, Motel, and Resort Desk Clerks"
18140,434111,1420.0,37090.0,38990.0,44640.0,48560.0,57030.0,"Interviewers, Except Eligibility and Loan"
18140,434121,700.0,24650.0,28380.0,36290.0,37770.0,45660.0,"Library Assistants, Clerical"
18140,434131,1210.0,39300.0,47510.0,50040.0,60620.0,75660.0,Loan Interviewers and Clerks
18140,434161,530.0,38230.0,45900.0,50700.0,59460.0,66020.0,"Human Resources Assistants, Except Payroll and Timekeeping"
18140,434171,5960.0,27560.0,30610.0,36910.0,42490.0,48890.0,Receptionists and Information Clerks
18140,434199,310.0,41370.0,46180.0,51600.0,62550.0,69280.0,"Information and Record Clerks, All Other"
18140,435031,690.0,45970.0,53130.0,62490.0,70680.0,76810.0,Public Safety Telecommunicators
18140,435032,1220.0,39110.0,46820.0,51640.0,63890.0,76980.0,"Dispatchers, Except Police, Fire, and Ambulance"
18140,435041,390.0,40080.0,46420.0,47430.0,59340.0,78550.0,"Meter Readers, Utilities"
18140,435051,360.0,42600.0,55350.0,60530.0,67540.0,75030.0,Postal Service Clerks
18140,435052,1920.0,42390.0,52520.0,62070.0,78460.0,81040.0,Postal Service Mail Carriers
18140,435061,3390.0,40950.0,48420.0,59530.0,72110.0,81650.0,"Production, Planning, and Expediting Clerks"
18140,435071,6300.0,36600.0,39530.0,46290.0,51280.0,61760.0,"Shipping, Receiving, and Inventory Clerks"
18140,436011,3250.0,52580.0,64400.0,75880.0,94330.0,108080.0,Executive Secretaries and Executive Administrative Assistants
18140,436012,690.0,45700.0,49390.0,60420.0,74330.0,78150.0,Legal Secretaries and Administrative Assistants
18140,436013,5490.0,37960.0,39520.0,46220.0,47960.0,54840.0,Medical Secretaries and Administrative Assistants
18140,436014,9570.0,34040.0,39460.0,47870.0,55680.0,63190.0,"Secretaries and Administrative Assistants, Except Legal, Medical, and Executive"
18140,439021,810.0,31960.0,38030.0,43560.0,48310.0,56980.0,Data Entry Keyers
18140,439041,1770.0,41570.0,48020.0,49670.0,61480.0,65800.0,Insurance Claims and Policy Processing Clerks
18140,439061,18110.0,26790.0,32130.0,44830.0,55240.0,64600.0,"Office Clerks, General"
18140,450000,870.0,29370.0,33880.0,40710.0,56180.0,71900.0,"Farming, Fishing, and Forestry Occupations"
18140,470000,39220.0,44700.0,50990.0,66830.0,80730.0,98310.0,Construction and Extraction Occupations
18140,471011,5420.0,61010.0,73100.0,82360.0,98310.0,113610.0,First-Line Supervisors of Construction Trades and Extraction Workers
18140,472031,3620.0,47270.0,57420.0,66480.0,78400.0,82630.0,Carpenters
18140,472051,1000.0,46620.0,50800.0,64910.0,77350.0,84050.0,Cement Masons and Concrete Finishers
18140,472061,5590.0,38490.0,47760.0,60540.0,77340.0,81250.0,Construction Laborers
18140,472073,3290.0,50610.0,62050.0,78950.0,95780.0,99390.0,Operating Engineers and Other Construction Equipment Operators
18140,472111,7210.0,46090.0,50300.0,64700.0,79970.0,94410.0,Electricians
18140,472141,980.0,38270.0,46850.0,51810.0,65410.0,77110.0,"Painters, Construction and Maintenance"
18140,472152,3060.0,40820.0,49340.0,63260.0,85370.0,103000.0,"Plumbers, Pipefitters, and Steamfitters"
18140,472181,700.0,42670.0,46450.0,49420.0,62430.0,73420.0,Roofers
18140,474011,870.0,53920.0,62550.0,76930.0,87220.0,103810.0,Construction and Building Inspectors
18140,474051,800.0,37280.0,45520.0,49840.0,60880.0,68510.0,Highway Maintenance Workers
18140,490000,39880.0,38030.0,47430.0,61010.0,76700.0,95260.0,"Installation, Maintenance, and Repair Occupations"
18140,491011,3630.0,50030.0,62130.0,80800.0,98380.0,119070.0,"First-Line Supervisors of Mechanics, Installers, and Repairers"
18140,492011,380.0,37000.0,39470.0,48160.0,60620.0,88550.0,"Computer, Automated Teller, and Office Machine Repairers"
18140,492022,790.0,33330.0,51290.0,61380.0,81030.0,100770.0,"Telecommunications Equipment Installers and Repairers, Except Line Installers"
18140,492098,490.0,47010.0,57590.0,63060.0,73110.0,76940.0,Security and Fire Alarm Systems Installers
18140,493021,1100.0,38470.0,47150.0,51180.0,61860.0,95030.0,Automotive Body and Related Repairers
18140,493023,3920.0,34420.0,38310.0,56150.0,70720.0,85590.0,Automotive Service Technicians and Mechanics
18140,493031,2690.0,46680.0,51750.0,62190.0,73370.0,80350.0,Bus and Truck Mechanics and Diesel Engine Specialists
18140,493042,1080.0,49830.0,60460.0,67920.0,78700.0,89420.0,"Mobile Heavy Equipment Mechanics, Except Engines"
18140,493093,600.0,33060.0,36030.0,44680.0,47820.0,58190.0,Tire Repairers and Changers
18140,499012,270.0,47940.0,58210.0,79340.0,94330.0,98220.0,"Control and Valve Installers and Repairers, Except Mechanical Door"
18140,499021,3000.0,40680.0,49030.0,64440.0,80870.0,100590.0,"Heating, Air Conditioning, and Refrigeration Mechanics and Installers"
18140,499041,2670.0,49220.0,59630.0,70410.0,80450.0,92910.0,Industrial Machinery Mechanics
18140,499052,950.0,48690.0,53380.0,64000.0,76690.0,94270.0,Telecommunications Line Installers and Repairers
18140,499062,710.0,38670.0,43800.0,49510.0,64030.0,81320.0,Medical Equipment Repairers
18140,499071,10970.0,35860.0,45870.0,52800.0,63410.0,76700.0,"Maintenance and Repair Workers, General"
18140,510000,55070.0,33280.0,38480.0,47440.0,59160.0,71730.0,Production Occupations
18140,511011,3790.0,49690.0,59240.0,74090.0,84330.0,101940.0,First-Line Supervisors of Production and Operating Workers
18140,512090,13640.0,32320.0,37130.0,46540.0,50740.0,66160.0,Miscellaneous Assemblers and Fabricators
18140,513011,1530.0,22920.0,28710.0,36430.0,39200.0,47090.0,Bakers
18140,513021,800.0,29610.0,31280.0,38790.0,48930.0,50890.0,Butchers and Meat Cutters
18140,514021,430.0,38620.0,40300.0,47090.0,55120.0,61700.0,"Extruding and Drawing Machine Setters, Operators, and Tenders, Metal and Plastic"
18140,514031,1070.0,38170.0,38880.0,44890.0,50640.0,62020.0,"Cutting, Punching, and Press Machine Setters, Operators, and Tenders, Metal and Plastic"
18140,514041,1150.0,38850.0,45830.0,57940.0,65760.0,77320.0,Machinists
18140,514081,920.0,36220.0,39480.0,46580.0,54700.0,63220.0,"Multiple Machine Tool Setters, Operators, and Tenders, Metal and Plastic"
18140,514121,2190.0,40100.0,47400.0,51260.0,60140.0,70470.0,"Welders, Cutters, Solderers, and Brazers"
18140,515112,1230.0,32470.0,38110.0,46950.0,55170.0,61450.0,Printing Press Operators
18140,516011,1120.0,27250.0,28880.0,30410.0,36510.0,38100.0,Laundry and Dry-Cleaning Workers
18140,518031,730.0,48420.0,55010.0,63700.0,70510.0,78950.0,Water and Wastewater Treatment Plant and System Operators
18140,519032,270.0,36680.0,40900.0,48270.0,58000.0,59800.0,"Cutting and Slicing Machine Setters, Operators, and Tenders"
18140,519061,4380.0,35770.0,39450.0,47130.0,59280.0,72910.0,"Inspectors, Testers, Sorters, Samplers, and Weighers"
18140,519111,2930.0,35360.0,39370.0,45600.0,56990.0,79530.0,Packaging and Filling Machine Operators and Tenders
18140,519161,1630.0,37220.0,42890.0,50150.0,60640.0,64390.0,Computer Numerically Controlled Tool Operators
18140,519195,210.0,38510.0,40420.0,44290.0,50070.0,65510.0,"Molders, Shapers, and Casters, Except Metal and Plastic"
18140,519199,1660.0,27810.0,35630.0,38770.0,47760.0,52690.0,"Production Workers, All Other"
18140,530000,118690.0,31610.0,37340.0,43980.0,53670.0,71390.0,Transportation and Material Moving Occupations
18140,531047,5570.0,46510.0,51000.0,62260.0,77810.0,86150.0,"First-Line Supervisors of Transportation and Material Moving Workers, Except Aircraft Cargo Handling"
18140,533031,3620.0,22640.0,26260.0,36730.0,46200.0,56750.0,Driver/Sales Workers
18140,533032,16110.0,46510.0,51710.0,61720.0,75300.0,90080.0,Heavy and Tractor-Trailer Truck Drivers
18140,533033,7210.0,27930.0,35800.0,43800.0,47030.0,67250.0,Light Truck Drivers
18140,533051,910.0,27120.0,35290.0,47380.0,48530.0,92170.0,"Bus Drivers, School"
18140,533053,1710.0,28610.0,30210.0,34860.0,39710.0,51650.0,Shuttle Drivers and Chauffeurs
18140,536031,600.0,29390.0,34860.0,35490.0,36740.0,42290.0,Automotive and Watercraft Service Attendants
18140,537051,11910.0,39010.0,45010.0,46780.0,61540.0,66900.0,Industrial Truck and Tractor Operators
18140,537061,2240.0,28910.0,29660.0,35750.0,38720.0,45340.0,Cleaners of Vehicles and Equipment
18140,537062,25800.0,32520.0,36880.0,41200.0,45890.0,52370.0,"Laborers and Freight, Stock, and Material Movers, Hand"
18140,537064,6050.0,31610.0,33040.0,38090.0,40920.0,47100.0,"Packers and Packagers, Hand"
18140,537065,30130.0,31300.0,35680.0,39040.0,45140.0,50480.0,Stockers and Order Fillers
18140,113061,560.0,93360.0,113300.0,141490.0,178890.0,221230.0,Purchasing Managers
18140,119031,840.0,37750.0,45950.0,49950.0,61290.0,76480.0,"Education and Childcare Administrators, Preschool and Daycare"
18140,119033,1370.0,62900.0,73560.0,100600.0,135720.0,211470.0,"Education Administrators, Postsecondary"
18140,171022,290.0,49720.0,60930.0,77320.0,99850.0,119930.0,Surveyors
18140,173022,290.0,50750.0,59290.0,72700.0,80620.0,95950.0,Civil Engineering Technologists and Technicians
18140,211094,610.0,44330.0,54260.0,64810.0,75380.0,75380.0,Community Health Workers
18140,252012,730.0,51400.0,63950.0,79470.0,97220.0,100720.0,"Kindergarten Teachers, Except Special Education"
18140,252022,6640.0,47300.0,48850.0,64410.0,102460.0,103080.0,"Middle School Teachers, Except Special and Career/Technical Education"
18140,252057,1370.0,50010.0,60200.0,61420.0,80090.0,102350.0,"Special Education Teachers, Middle School"
18140,252058,2170.0,39910.0,53180.0,72860.0,85590.0,101920.0,"Special Education Teachers, Secondary School"
18140,259031,910.0,51220.0,61150.0,77830.0,98260.0,106950.0,Instructional Coordinators
18140,259099,360.0,23980.0,37530.0,53790.0,63720.0,86720.0,"Educational Instruction and Library Workers, All Other"
18140,274021,310.0,23880.0,33590.0,41390.0,62450.0,83130.0,Photographers
18140,292043,530.0,39700.0,45180.0,47130.0,56720.0,69280.0,Paramedics
18140,292057,300.0,35140.0,36830.0,40980.0,49460.0,53430.0,Ophthalmic Medical Technicians
18140,299021,730.0,51000.0,74460.0,83580.0,102540.0,118870.0,Health Information Technologists and Medical Registrars
18140,299091,430.0,50530.0,55830.0,61420.0,67890.0,75690.0,Athletic Trainers
18140,312011,610.0,38020.0,58030.0,63480.0,75300.0,84670.0,Occupational Therapy Assistants
18140,319097,550.0,37790.0,38870.0,41330.0,47750.0,49550.0,Phlebotomists
18140,333021,540.0,56840.0,65350.0,79000.0,106120.0,142020.0,Detectives and Criminal Investigators
18140,339092,1280.0,23810.0,27510.0,29260.0,35730.0,41330.0,"Lifeguards, Ski Patrol, and Other Recreational Protective Service Workers"
18140,353041,2550.0,27040.0,29310.0,32250.0,37510.0,39880.0,"Food Servers, Nonrestaurant"
18140,393031,700.0,24750.0,27060.0,28350.0,30540.0,34670.0,"Ushers, Lobby Attendants, and Ticket Takers"
18140,395094,340.0,37410.0,38470.0,39150.0,52870.0,77040.0,Skincare Specialists
18140,397010,130.0,26310.0,31190.0,37030.0,45760.0,45760.0,Tour and Travel Guides
18140,433061,220.0,40220.0,46070.0,52120.0,60930.0,69970.0,Procurement Clerks
18140,435021,280.0,33220.0,35320.0,38790.0,44810.0,45880.0,Couriers and Messengers
18140,435111,750.0,32780.0,36140.0,46970.0,62080.0,63980.0,"Weighers, Measurers, Checkers, and Samplers, Recordkeeping"
18140,472042,170.0,47400.0,55720.0,65560.0,74360.0,76890.0,"Floor Layers, Except Carpet, Wood, and Hard Tiles"
18140,472211,760.0,46690.0,57840.0,77760.0,84450.0,96950.0,Sheet Metal Workers
18140,493041,130.0,30080.0,49420.0,56900.0,63500.0,102810.0,Farm Equipment Mechanics and Service Technicians
18140,499043,400.0,44100.0,49680.0,62140.0,84170.0,90830.0,"Maintenance Workers, Machinery"
18140,499044,180.0,49880.0,60900.0,69920.0,81270.0,89130.0,Millwrights
18140,499051,1260.0,50820.0,61860.0,81760.0,101990.0,110300.0,Electrical Power-Line Installers and Repairers
18140,499098,360.0,34490.0,36440.0,44050.0,54530.0,66290.0,"Helpers--Installation, Maintenance, and Repair Workers"
18140,499099,730.0,38050.0,44740.0,48230.0,60130.0,68220.0,"Installation, Maintenance, and Repair Workers, All Other"
18140,513092,820.0,35610.0,38500.0,47630.0,51070.0,59670.0,Food Batchmakers
18140,514072,910.0,38190.0,44490.0,47120.0,49740.0,64180.0,"Molding, Coremaking, and Casting Machine Setters, Operators, and Tenders, Metal and Plastic"
18140,514111,310.0,39190.0,46120.0,59350.0,71350.0,78950.0,Tool and Die Makers
18140,516021,240.0,29870.0,29870.0,29870.0,33730.0,36960.0,"Pressers, Textile, Garment, and Related Materials"
18140,516031,610.0,29530.0,32670.0,35420.0,39890.0,47490.0,Sewing Machine Operators
18140,519011,1310.0,46470.0,50140.0,60260.0,65790.0,74340.0,Chemical Equipment Operators and Tenders
18140,519124,1140.0,36720.0,42200.0,48460.0,58310.0,70590.0,"Coating, Painting, and Spraying Machine Setters, Operators, and Tenders"
18140,519162,130.0,47880.0,49840.0,64230.0,74280.0,82790.0,Computer Numerically Controlled Tool Programmers
18140,519196,730.0,40110.0,46050.0,48340.0,60010.0,78290.0,"Paper Goods Machine Setters, Operators, and Tenders"
18140,519198,840.0,34540.0,35320.0,37990.0,46060.0,54830.0,Helpers--Production Workers
18140,533052,700.0,45030.0,48250.0,73790.0,73790.0,73790.0,"Bus Drivers, Transit and Intercity"
18140,536021,1140.0,29120.0,29740.0,29960.0,34940.0,37510.0,Parking Attendants
18140,537063,560.0,38170.0,47740.0,60410.0,60500.0,60730.0,Machine Feeders and Offbearers
18140,537081,930.0,37500.0,48430.0,57510.0,61670.0,63380.0,Refuse and Recyclable Material Collectors
18140,119039,360.0,45150.0,55810.0,83710.0,106390.0,128210.0,"Education Administrators, All Other"
18140,131075,720.0,62960.0,77570.0,96100.0,104430.0,131100.0,Labor Relations Specialists
18140,132041,1060.0,58350.0,64430.0,80500.0,101950.0,131940.0,Credit Analysts
18140,132053,1170.0,60390.0,64130.0,79370.0,104550.0,129860.0,Insurance Underwriters
18140,132061,930.0,59670.0,61980.0,81000.0,103630.0,129490.0,Financial Examiners
18140,132071,180.0,45490.0,46200.0,54880.0,72820.0,102750.0,Credit Counselors
18140,132081,380.0,55580.0,63460.0,76110.0,88150.0,104230.0,"Tax Examiners and Collectors, and Revenue Agents"
18140,132099,1190.0,57350.0,76500.0,83160.0,105980.0,128270.0,"Financial Specialists, All Other"
18140,151212,1650.0,75820.0,97990.0,122600.0,154270.0,174670.0,Information Security Analysts
18140,151243,470.0,97800.0,112580.0,135840.0,163060.0,175570.0,Database Architects
18140,151253,780.0,64490.0,82070.0,103110.0,122000.0,134950.0,Software Quality Assurance Analysts and Testers
18140,152031,670.0,52000.0,57520.0,104970.0,128950.0,135500.0,Operations Research Analysts
18140,152041,60.0,57270.0,70230.0,78040.0,109950.0,147240.0,Statisticians
18140,172081,130.0,76330.0,102670.0,127190.0,127190.0,147250.0,Environmental Engineers
18140,172171,60.0,79010.0,98580.0,99260.0,138010.0,138010.0,Petroleum Engineers
18140,172199,990.0,63980.0,80250.0,99180.0,126250.0,137690.0,"Engineers, All Other"
18140,173023,750.0,50930.0,59240.0,60260.0,75250.0,93790.0,Electrical and Electronic Engineering Technologists and Technicians
18140,173027,280.0,48820.0,64110.0,80330.0,95920.0,97740.0,Mechanical Engineering Technologists and Technicians
18140,173029,160.0,47880.0,58640.0,76830.0,95140.0,110970.0,"Engineering Technologists and Technicians, Except Drafters, All Other"
18140,191031,120.0,44920.0,49070.0,66110.0,79890.0,110970.0,Conservation Scientists
18140,193034,300.0,73070.0,84000.0,100730.0,122630.0,166020.0,School Psychologists
18140,194042,160.0,47250.0,49170.0,52310.0,58490.0,73460.0,"Environmental Science and Protection Technicians, Including Health"
18140,194092,160.0,50970.0,67100.0,78170.0,110410.0,125120.0,Forensic Science Technicians
18140,194099,310.0,41360.0,45880.0,48840.0,54720.0,77730.0,"Life, Physical, and Social Science Technicians, All Other"
18140,211019,50.0,35200.0,35930.0,46930.0,60640.0,66620.0,"Counselors, All Other"
18140,211029,750.0,39530.0,48070.0,59690.0,74400.0,95560.0,"Social Workers, All Other"
18140,211099,360.0,33390.0,43680.0,74800.0,93720.0,104290.0,"Community and Social Service Specialists, All Other"
18140,212011,450.0,38970.0,51380.0,60820.0,67840.0,76490.0,Clergy
18140,231023,240.0,40020.0,63940.0,104000.0,157410.0,218960.0,"Judges, Magistrate Judges, and Magistrates"
18140,232093,460.0,46530.0,48450.0,60970.0,71550.0,89690.0,"Title Examiners, Abstractors, and Searchers"
18140,232099,180.0,41040.0,59840.0,65600.0,88210.0,169670.0,"Legal Support Workers, All Other"
18140,251042,250.0,46420.0,63120.0,80200.0,102970.0,131180.0,"Biological Science Teachers, Postsecondary"
18140,251072,880.0,23340.0,61050.0,79040.0,99360.0,121320.0,"Nursing Instructors and Teachers, Postsecondary"
18140,251081,430.0,22260.0,47700.0,61390.0,86840.0,108680.0,"Education Teachers, Postsecondary"
18140,252032,230.0,57890.0,67740.0,84820.0,97950.0,106020.0,"Career/Technical Education Teachers, Secondary School"
18140,252059,190.0,38290.0,38290.0,49430.0,57660.0,79680.0,"Special Education Teachers, All Other"
18140,253011,160.0,31010.0,47070.0,47190.0,73970.0,76460.0,"Adult Basic Education, Adult Secondary Education, and English as a Second Language Instructors"
18140,253041,1000.0,27140.0,37180.0,39820.0,58640.0,83640.0,Tutors
18140,271023,350.0,30970.0,30970.0,39260.0,43470.0,48430.0,Floral Designers
18140,273043,240.0,54470.0,62140.0,76490.0,83260.0,104500.0,Writers and Authors
18140,291151,450.0,221440.0,221450.0,231810.0,324790.0,373700.0,Nurse Anesthetists
18140,291215,420.0,67790.0,67790.0,111400.0,224800.0,317130.0,Family Medicine Physicians
18140,291224,,99330.0,132300.0,269430.0,269430.0,418060.0,Radiologists
18140,291249,180.0,232960.0,609440.0,609450.0,774490.0,821140.0,"Surgeons, All Other"
18140,292033,100.0,81790.0,92070.0,103510.0,105350.0,112520.0,Nuclear Medicine Technologists
18140,319099,,22260.0,38580.0,46060.0,62550.0,103850.0,"Healthcare Support Workers, All Other"
18140,331021,620.0,62100.0,76310.0,85230.0,126930.0,138360.0,First-Line Supervisors of Firefighting and Prevention Workers
18140,332021,150.0,42920.0,45060.0,63460.0,75750.0,99150.0,Fire Inspectors and Investigators
18140,339099,220.0,30200.0,38700.0,46800.0,76510.0,128980.0,"Protective Service Workers, All Other"
18140,372021,500.0,36930.0,37300.0,40460.0,47180.0,59480.0,Pest Control Workers
18140,394021,290.0,27660.0,32080.0,35530.0,39780.0,47710.0,Funeral Attendants
18140,419011,130.0,29710.0,32210.0,36720.0,37000.0,54870.0,Demonstrators and Product Promoters
18140,419021,,48980.0,61880.0,61880.0,91660.0,124530.0,Real Estate Brokers
18140,419099,360.0,26850.0,35360.0,41490.0,56400.0,68680.0,"Sales and Related Workers, All Other"
18140,433099,,46660.0,47610.0,48120.0,57340.0,76270.0,"Financial Clerks, All Other"
18140,435053,900.0,47170.0,50770.0,58470.0,69510.0,75280.0,"Postal Service Mail Sorters, Processors, and Processing Machine Operators"
18140,439051,500.0,35330.0,37870.0,39680.0,46700.0,51290.0,"Mail Clerks and Mail Machine Operators, Except Postal Service"
18140,439199,830.0,28450.0,28450.0,28450.0,38520.0,53140.0,"Office and Administrative Support Workers, All Other"
18140,472021,430.0,47500.0,60340.0,73550.0,82690.0,124340.0,Brickmasons and Blockmasons
18140,492094,380.0,41060.0,46290.0,59430.0,75450.0,91260.0,"Electrical and Electronics Repairers, Commercial and Industrial Equipment"
18140,493011,870.0,55480.0,68870.0,74210.0,103640.0,162310.0,Aircraft Mechanics and Service Technicians
18140,512028,2020.0,36190.0,39910.0,46970.0,48540.0,56470.0,"Electrical, Electronic, and Electromechanical Assemblers, Except Coil Winders, Tapers, and Finishers"
18140,518092,70.0,58560.0,59450.0,81700.0,100270.0,105020.0,Gas Plant Operators
18140,519023,680.0,36520.0,45580.0,50350.0,63440.0,77410.0,"Mixing and Blending Machine Setters, Operators, and Tenders"
18140,537011,180.0,38210.0,38210.0,38210.0,44510.0,48480.0,Conveyor Operators and Tenders
18140,537121,50.0,37530.0,44470.0,57030.0,57710.0,60320.0,"Tank Car, Truck, and Ship Loaders"
18140,112011,40.0,80350.0,87790.0,131050.0,176820.0,180060.0,Advertising and Promotions Managers
18140,112032,310.0,56930.0,92380.0,123970.0,161760.0,231240.0,Public Relations Managers
18140,112033,300.0,66120.0,82690.0,101310.0,140170.0,177460.0,Fundraising Managers
18140,113111,80.0,101100.0,121810.0,147100.0,175590.0,229360.0,Compensation and Benefits Managers
18140,113131,260.0,84750.0,100760.0,123690.0,161840.0,192120.0,Training and Development Managers
18140,119072,210.0,31990.0,45240.0,57890.0,79990.0,95920.0,"Entertainment and Recreation Managers, Except Gambling"
18140,119081,340.0,38000.0,45480.0,54030.0,77800.0,103130.0,Lodging Managers
18140,119131,60.0,91500.0,95830.0,98800.0,103520.0,113900.0,Postmasters and Mail Superintendents
18140,119179,,46420.0,57900.0,59460.0,75410.0,82780.0,"Personal Service Managers, All Other"
18140,131032,110.0,49430.0,51270.0,63180.0,82210.0,100910.0,"Insurance Appraisers, Auto Damage"
18140,132031,180.0,61990.0,68040.0,93780.0,118480.0,131960.0,Budget Analysts
18140,132054,630.0,67500.0,80140.0,100350.0,132850.0,164950.0,Financial Risk Specialists
18140,151254,350.0,49990.0,64000.0,83860.0,109580.0,132800.0,Web Developers
18140,151255,620.0,56490.0,71170.0,96010.0,133940.0,167010.0,Web and Digital Interface Designers
18140,152011,300.0,64030.0,84710.0,106540.0,139820.0,168520.0,Actuaries
18140,171012,180.0,51430.0,58620.0,64660.0,91470.0,119860.0,Landscape Architects
18140,171021,130.0,50410.0,63940.0,79560.0,89600.0,97030.0,Cartographers and Photogrammetrists
18140,172041,170.0,76940.0,90930.0,110860.0,148310.0,168790.0,Chemical Engineers
18140,172061,90.0,79410.0,95970.0,120950.0,181910.0,217380.0,Computer Hardware Engineers
18140,172072,390.0,77860.0,100330.0,110970.0,129490.0,159120.0,"Electronics Engineers, Except Computer"
18140,172111,,88710.0,103740.0,126780.0,139720.0,180590.0,"Health and Safety Engineers, Except Mining Safety Engineers and Inspectors"
18140,172131,220.0,79390.0,84550.0,104370.0,137300.0,169290.0,Materials Engineers
18140,173012,120.0,50010.0,60370.0,83700.0,94670.0,102660.0,Electrical and Electronics Drafters
18140,173013,350.0,51350.0,57830.0,76480.0,82520.0,94910.0,Mechanical Drafters
18140,173019,70.0,36930.0,43310.0,55630.0,66250.0,85300.0,"Drafters, All Other"
18140,173024,50.0,50520.0,50560.0,64260.0,78210.0,99510.0,Electro-Mechanical and Mechatronics Technologists and Technicians
18140,173025,180.0,40420.0,52290.0,62600.0,83520.0,83520.0,Environmental Engineering Technologists and Technicians
18140,173028,170.0,50310.0,59520.0,79950.0,101530.0,101550.0,Calibration Technologists and Technicians
18140,191012,90.0,48570.0,48570.0,79560.0,112920.0,132790.0,Food Scientists and Technologists
18140,191013,50.0,39150.0,43880.0,60970.0,82770.0,101640.0,Soil and Plant Scientists
18140,191022,170.0,48560.0,54540.0,78030.0,105270.0,135270.0,Microbiologists
18140,191029,170.0,52120.0,68410.0,82010.0,103320.0,120200.0,"Biological Scientists, All Other"
18140,191041,100.0,62060.0,69970.0,80980.0,104560.0,110350.0,Epidemiologists
18140,192012,70.0,62090.0,106830.0,170400.0,218520.0,271830.0,Physicists
18140,192032,80.0,51180.0,81320.0,104430.0,111740.0,129090.0,Materials Scientists
18140,192042,120.0,58140.0,66730.0,84140.0,104230.0,129080.0,"Geoscientists, Except Hydrologists and Geographers"
18140,192099,140.0,58160.0,65530.0,78440.0,94830.0,108790.0,"Physical Scientists, All Other"
18140,193099,570.0,53270.0,66790.0,83100.0,101560.0,120020.0,"Social Scientists and Related Workers, All Other"
18140,194013,40.0,53650.0,72210.0,86300.0,86300.0,86300.0,Food Science Technicians
18140,211013,100.0,41750.0,42690.0,81500.0,161080.0,161080.0,Marriage and Family Therapists
18140,212021,100.0,28650.0,40500.0,48470.0,62290.0,73570.0,"Directors, Religious Activities and Education"
18140,212099,80.0,22380.0,34790.0,39110.0,47120.0,47120.0,"Religious Workers, All Other"
18140,231021,390.0,55580.0,63880.0,77330.0,79000.0,116520.0,"Administrative Law Judges, Adjudicators, and Hearing Officers"
18140,251021,300.0,39390.0,75480.0,99820.0,131020.0,167160.0,"Computer Science Teachers, Postsecondary"
18140,251022,400.0,48620.0,63790.0,94620.0,104390.0,130750.0,"Mathematical Science Teachers, Postsecondary"
18140,251032,260.0,58150.0,79180.0,104610.0,129540.0,165430.0,"Engineering Teachers, Postsecondary"
18140,251052,120.0,50340.0,63990.0,81190.0,102330.0,128310.0,"Chemistry Teachers, Postsecondary"
18140,251054,80.0,22260.0,76100.0,101060.0,132200.0,132200.0,"Physics Teachers, Postsecondary"
18140,251065,90.0,61150.0,66840.0,80090.0,104690.0,126940.0,"Political Science Teachers, Postsecondary"
18140,251066,320.0,38020.0,63210.0,81220.0,105530.0,127290.0,"Psychology Teachers, Postsecondary"
18140,251067,110.0,38350.0,60430.0,84010.0,97910.0,130840.0,"Sociology Teachers, Postsecondary"
18140,251111,90.0,36390.0,78090.0,78650.0,104330.0,104330.0,"Criminal Justice and Law Enforcement Teachers, Postsecondary"
18140,251113,170.0,22260.0,52940.0,59610.0,77010.0,100950.0,"Social Work Teachers, Postsecondary"
18140,251122,320.0,37320.0,62350.0,81160.0,93000.0,104740.0,"Communications Teachers, Postsecondary"
18140,251123,520.0,48920.0,61810.0,63590.0,97330.0,103830.0,"English Language and Literature Teachers, Postsecondary"
18140,251124,210.0,38240.0,58890.0,79980.0,99960.0,105310.0,"Foreign Language and Literature Teachers, Postsecondary"
18140,251125,110.0,32800.0,63360.0,82440.0,100120.0,134050.0,"History Teachers, Postsecondary"
18140,251126,130.0,39040.0,60440.0,78140.0,100170.0,129140.0,"Philosophy and Religion Teachers, Postsecondary"
18140,251193,80.0,49290.0,60950.0,77270.0,98020.0,102830.0,"Recreation and Fitness Studies Teachers, Postsecondary"
18140,252023,,76740.0,81870.0,103580.0,104010.0,119550.0,"Career/Technical Education Teachers, Middle School"
18140,252051,120.0,49750.0,51020.0,61290.0,82650.0,109700.0,"Special Education Teachers, Preschool"
18140,254012,50.0,31990.0,48230.0,72780.0,84590.0,98150.0,Curators
18140,254013,50.0,33040.0,40010.0,47570.0,57590.0,60260.0,Museum Technicians and Conservators
18140,259044,830.0,30990.0,48710.0,48710.0,57950.0,57950.0,"Teaching Assistants, Postsecondary"
18140,271011,250.0,67030.0,81250.0,101990.0,126660.0,158290.0,Art Directors
18140,271013,50.0,24190.0,32070.0,34870.0,47200.0,64040.0,"Fine Artists, Including Painters, Sculptors, and Illustrators"
18140,271021,240.0,54300.0,58950.0,77640.0,106020.0,123090.0,Commercial and Industrial Designers
18140,271025,670.0,49490.0,54400.0,62180.0,91340.0,122650.0,Interior Designers
18140,271027,60.0,47990.0,55180.0,59550.0,63970.0,76700.0,Set and Exhibit Designers
18140,272023,100.0,26590.0,31200.0,58240.0,58240.0,69220.0,"Umpires, Referees, and Other Sports Officials"
18140,272041,60.0,48990.0,50060.0,58490.0,71250.0,100050.0,Music Directors and Composers
18140,272042,250.0,,,,,,Musicians and Singers
18140,272099,50.0,,,,,,"Entertainers and Performers, Sports and Related Workers, All Other"
18140,273023,210.0,36760.0,43700.0,49030.0,71250.0,101910.0,"News Analysts, Reporters, and Journalists"
18140,273041,360.0,45800.0,58810.0,77810.0,101090.0,133060.0,Editors
18140,273042,240.0,55730.0,65990.0,78870.0,103960.0,140460.0,Technical Writers
18140,273091,560.0,39620.0,48590.0,55380.0,79920.0,93090.0,Interpreters and Translators
18140,274015,40.0,37440.0,47480.0,55740.0,57350.0,61990.0,Lighting Technicians
18140,274031,120.0,48430.0,57500.0,72540.0,76240.0,111550.0,"Camera Operators, Television, Video, and Film"
18140,274032,70.0,,,,,,Film and Video Editors
18140,291011,340.0,58710.0,78950.0,80090.0,101090.0,167710.0,Chiropractors
18140,291041,260.0,67350.0,117740.0,133370.0,165990.0,211980.0,Optometrists
18140,291081,40.0,72600.0,105200.0,128600.0,193150.0,205890.0,Podiatrists
18140,291124,160.0,79050.0,80630.0,100720.0,104110.0,130780.0,Radiation Therapists
18140,291125,90.0,47540.0,49600.0,60590.0,67100.0,75860.0,Recreational Therapists
18140,291128,60.0,49600.0,50900.0,51230.0,61060.0,69470.0,Exercise Physiologists
18140,291129,100.0,49980.0,61190.0,90720.0,128610.0,171410.0,"Therapists, All Other"
18140,291181,260.0,59010.0,66730.0,75400.0,100240.0,104790.0,Audiologists
18140,291211,,173860.0,408620.0,441230.0,529670.0,615240.0,Anesthesiologists
18140,291212,70.0,,,,,,Cardiologists
18140,291214,,133030.0,133050.0,331600.0,385170.0,523860.0,Emergency Medicine Physicians
18140,291218,490.0,102160.0,122390.0,179810.0,181520.0,181520.0,Obstetricians and Gynecologists
18140,291222,70.0,99630.0,227370.0,285280.0,339890.0,445210.0,"Physicians, Pathologists"
18140,291223,120.0,105830.0,149990.0,220940.0,288990.0,314250.0,Psychiatrists
18140,291299,150.0,59230.0,65900.0,84860.0,125940.0,178020.0,"Healthcare Diagnosing or Treating Practitioners, All Other"
18140,292031,320.0,45850.0,50040.0,79950.0,101030.0,103490.0,Cardiovascular Technologists and Technicians
18140,292051,160.0,36880.0,40550.0,50920.0,57580.0,60360.0,Dietetic Technicians
18140,292091,90.0,41410.0,49680.0,62550.0,104600.0,107670.0,Orthotists and Prosthetists
18140,292092,50.0,45760.0,60970.0,71120.0,76750.0,80150.0,Hearing Aid Specialists
18140,299093,180.0,39380.0,39730.0,46270.0,83880.0,101580.0,Surgical Assistants
18140,299099,50.0,37610.0,45720.0,61510.0,109950.0,131960.0,"Healthcare Practitioners and Technical Workers, All Other"
18140,311132,500.0,36170.0,36730.0,37360.0,39700.0,45420.0,Orderlies
18140,312022,250.0,22290.0,26820.0,39990.0,40260.0,42640.0,Physical Therapist Aides
18140,319094,180.0,28190.0,28190.0,38870.0,48260.0,51170.0,Medical Transcriptionists
18140,319095,100.0,33560.0,34710.0,38470.0,48410.0,58190.0,Pharmacy Aides
18140,331011,90.0,44730.0,59460.0,81740.0,98200.0,105270.0,First-Line Supervisors of Correctional Officers
18140,331099,80.0,37440.0,47520.0,74130.0,84860.0,97720.0,"First-Line Supervisors of Protective Service Workers, All Other"
18140,333011,310.0,47650.0,50500.0,50500.0,61520.0,77190.0,Bailiffs
18140,339011,30.0,31200.0,37140.0,45220.0,47670.0,62330.0,Animal Control Workers
18140,339021,390.0,40050.0,45690.0,51780.0,79500.0,102810.0,Private Detectives and Investigators
18140,339093,290.0,45780.0,52120.0,63750.0,68020.0,70140.0,Transportation Security Screeners
18140,339094,160.0,27380.0,27660.0,32830.0,63330.0,63340.0,School Bus Monitors
18140,359099,820.0,23620.0,27010.0,27080.0,28970.0,37090.0,"Food Preparation and Serving Related Workers, All Other"
18140,373012,70.0,37180.0,40560.0,55830.0,56100.0,58240.0,"Pesticide Handlers, Sprayers, and Applicators, Vegetation"
18140,373013,210.0,39310.0,48110.0,50330.0,55920.0,60760.0,Tree Trimmers and Pruners
18140,393092,30.0,38700.0,46150.0,55310.0,60110.0,63090.0,Costume Attendants
18140,393093,120.0,23840.0,28530.0,36020.0,37980.0,47470.0,"Locker Room, Coatroom, and Dressing Room Attendants"
18140,394031,180.0,33440.0,47330.0,59480.0,78520.0,83150.0,"Morticians, Undertakers, and Funeral Arrangers"
18140,395092,480.0,27340.0,30330.0,37670.0,46630.0,54350.0,Manicurists and Pedicurists
18140,396012,100.0,29580.0,32180.0,35980.0,37500.0,45800.0,Concierges
18140,399099,300.0,26650.0,28500.0,29240.0,33840.0,37220.0,"Personal Care and Service Workers, All Other"
18140,413041,160.0,36150.0,38030.0,45100.0,60080.0,62860.0,Travel Agents
18140,419031,160.0,67820.0,83630.0,117110.0,129990.0,159910.0,Sales Engineers
18140,419041,760.0,31080.0,31170.0,37460.0,37640.0,43830.0,Telemarketers
18140,432011,250.0,30780.0,33450.0,35170.0,38220.0,46130.0,"Switchboard Operators, Including Answering Service"
18140,432021,30.0,33920.0,35040.0,37890.0,40350.0,46780.0,Telephone Operators
18140,434011,310.0,60040.0,61290.0,67800.0,81130.0,84990.0,Brokerage Clerks
18140,434041,170.0,52000.0,53760.0,57610.0,64810.0,73000.0,"Credit Authorizers, Checkers, and Clerks"
18140,434151,650.0,33210.0,39560.0,46990.0,55900.0,65090.0,Order Clerks
18140,434181,230.0,35170.0,35170.0,38590.0,51800.0,76860.0,Reservation and Transportation Ticket Agents and Travel Clerks
18140,435011,640.0,41750.0,48330.0,50210.0,62900.0,81390.0,Cargo and Freight Agents
18140,439071,200.0,,,,,,"Office Machine Operators, Except Computer"
18140,451011,60.0,36920.0,49080.0,59410.0,83910.0,97860.0,"First-Line Supervisors of Farming, Fishing, and Forestry Workers"
18140,452011,40.0,46400.0,68020.0,70140.0,76500.0,82080.0,Agricultural Inspectors
18140,452091,50.0,39520.0,48410.0,51050.0,52120.0,57910.0,Agricultural Equipment Operators
18140,452092,320.0,28540.0,33740.0,38630.0,44210.0,54420.0,"Farmworkers and Laborers, Crop, Nursery, and Greenhouse"
18140,452093,210.0,29400.0,29460.0,34220.0,35590.0,63370.0,"Farmworkers, Farm, Ranch, and Aquacultural Animals"
18140,472041,80.0,42210.0,46950.0,48650.0,65540.0,74000.0,Carpet Installers
18140,472044,130.0,37870.0,43730.0,47050.0,57600.0,63090.0,Tile and Stone Setters
18140,472071,490.0,38710.0,50230.0,62490.0,79610.0,94190.0,"Paving, Surfacing, and Tamping Equipment Operators"
18140,472081,570.0,48140.0,56410.0,65450.0,71580.0,74400.0,Drywall and Ceiling Tile Installers
18140,472121,390.0,47110.0,49220.0,61010.0,64070.0,75540.0,Glaziers
18140,472131,380.0,38130.0,48260.0,80000.0,80010.0,80020.0,"Insulation Workers, Floor, Ceiling, and Wall"
18140,472132,230.0,49240.0,60070.0,76590.0,84730.0,84730.0,"Insulation Workers, Mechanical"
18140,472151,430.0,63940.0,71560.0,71560.0,76270.0,89640.0,Pipelayers
18140,472221,370.0,50960.0,63120.0,76920.0,79190.0,132650.0,Structural Iron and Steel Workers
18140,473013,220.0,37220.0,40470.0,44670.0,50610.0,55120.0,Helpers--Electricians
18140,473015,200.0,35030.0,37660.0,41030.0,48000.0,58140.0,"Helpers--Pipelayers, Plumbers, Pipefitters, and Steamfitters"
18140,473019,40.0,34040.0,36560.0,41210.0,48240.0,55570.0,"Helpers, Construction Trades, All Other"
18140,474041,140.0,45110.0,46430.0,46730.0,64320.0,69040.0,Hazardous Materials Removal Workers
18140,474090,230.0,43640.0,47780.0,62430.0,82270.0,88710.0,Miscellaneous Construction and Related Workers
18140,475022,130.0,46730.0,50940.0,57870.0,64090.0,98990.0,"Excavating and Loading Machine and Dragline Operators, Surface Mining"
18140,492021,100.0,38480.0,47220.0,67980.0,105240.0,110930.0,"Radio, Cellular, and Tower Equipment Installers and Repairers"
18140,492092,70.0,36950.0,48900.0,61190.0,68700.0,79840.0,"Electric Motor, Power Tool, and Related Repairers"
18140,492095,190.0,63590.0,75200.0,105150.0,116590.0,122140.0,"Electrical and Electronics Repairers, Powerhouse, Substation, and Relay"
18140,493022,480.0,37820.0,47630.0,61900.0,61900.0,72220.0,Automotive Glass Installers and Repairers
18140,493052,70.0,34770.0,36820.0,44280.0,48540.0,62980.0,Motorcycle Mechanics
18140,493053,200.0,36190.0,40750.0,48920.0,55470.0,62100.0,Outdoor Power Equipment and Other Small Engine Mechanics
18140,499011,180.0,40860.0,49000.0,59780.0,63680.0,68040.0,Mechanical Door Repairers
18140,499031,200.0,36640.0,38480.0,46550.0,62400.0,75740.0,Home Appliance Repairers
18140,499069,80.0,58490.0,58490.0,68870.0,84320.0,101350.0,"Precision Instrument and Equipment Repairers, All Other"
18140,499091,240.0,24310.0,34910.0,38650.0,45500.0,55560.0,"Coin, Vending, and Amusement Machine Servicers and Repairers"
18140,499094,60.0,38700.0,38910.0,49890.0,61720.0,67080.0,Locksmiths and Safe Repairers
18140,512041,230.0,44030.0,45650.0,50340.0,58430.0,61640.0,Structural Metal Fabricators and Fitters
18140,513022,200.0,37040.0,37410.0,37600.0,45900.0,47920.0,"Meat, Poultry, and Fish Cutters and Trimmers"
18140,513093,90.0,34740.0,40650.0,40650.0,45800.0,45800.0,Food Cooking Machine Operators and Tenders
18140,513099,100.0,33060.0,36470.0,39890.0,41460.0,46470.0,"Food Processing Workers, All Other"
18140,514033,460.0,37150.0,39260.0,44650.0,49000.0,62200.0,"Grinding, Lapping, Polishing, & Buffing Machine Tool Setters, Operators, & Tenders, Metal & Plastic"
18140,514035,70.0,46790.0,50850.0,50860.0,57200.0,66500.0,"Milling and Planing Machine Setters, Operators, and Tenders, Metal and Plastic"
18140,514051,70.0,40710.0,48490.0,59950.0,62310.0,73540.0,Metal-Refining Furnace Operators and Tenders
18140,514071,40.0,44070.0,46130.0,46970.0,61360.0,75860.0,Foundry Mold and Coremakers
18140,514122,180.0,38190.0,40290.0,45830.0,50350.0,59560.0,"Welding, Soldering, and Brazing Machine Setters, Operators, and Tenders"
18140,514191,40.0,46480.0,53870.0,62530.0,64820.0,71220.0,"Heat Treating Equipment Setters, Operators, and Tenders, Metal and Plastic"
18140,514193,90.0,43020.0,46790.0,48610.0,50100.0,59450.0,"Plating Machine Setters, Operators, and Tenders, Metal and Plastic"
18140,515111,180.0,39720.0,45860.0,49650.0,58920.0,64510.0,Prepress Technicians and Workers
18140,515113,260.0,31150.0,36910.0,43840.0,50320.0,56380.0,Print Binding and Finishing Workers
18140,516052,,31010.0,34120.0,39080.0,42450.0,53050.0,"Tailors, Dressmakers, and Custom Sewers"
18140,516062,,33810.0,42960.0,43680.0,43680.0,44500.0,"Textile Cutting Machine Setters, Operators, and Tenders"
18140,517011,220.0,37300.0,40450.0,49000.0,59150.0,61150.0,Cabinetmakers and Bench Carpenters
18140,517041,140.0,34690.0,37200.0,43480.0,47620.0,55480.0,"Sawing Machine Setters, Operators, and Tenders, Wood"
18140,517042,160.0,34670.0,36740.0,43770.0,49630.0,59020.0,"Woodworking Machine Setters, Operators, and Tenders, Except Sawing"
18140,518012,50.0,76390.0,85350.0,102760.0,107080.0,121720.0,Power Distributors and Dispatchers
18140,518013,130.0,75660.0,78200.0,110030.0,111720.0,120270.0,Power Plant Operators
18140,518021,120.0,60600.0,65440.0,79680.0,82150.0,90200.0,Stationary Engineers and Boiler Operators
18140,518099,30.0,51710.0,61700.0,68690.0,74280.0,79770.0,"Plant and System Operators, All Other"
18140,519012,210.0,34810.0,42170.0,49920.0,57290.0,66010.0,"Separating, Filtering, Clarifying, Precipitating, and Still Machine Setters, Operators, and Tenders"
18140,519021,160.0,36910.0,43330.0,48860.0,58880.0,77830.0,"Crushing, Grinding, and Polishing Machine Setters, Operators, and Tenders"
18140,519041,360.0,37650.0,41190.0,47830.0,53500.0,61340.0,"Extruding, Forming, Pressing, and Compacting Machine Setters, Operators, and Tenders"
18140,519051,220.0,36330.0,38800.0,46160.0,61110.0,86450.0,"Furnace, Kiln, Oven, Drier, and Kettle Operators and Tenders"
18140,519071,70.0,34080.0,34080.0,47890.0,61820.0,93600.0,Jewelers and Precious Stone and Metal Workers
18140,519081,220.0,38930.0,43770.0,52570.0,72520.0,76780.0,Dental Laboratory Technicians
18140,519191,60.0,36300.0,40010.0,45090.0,57050.0,57960.0,Adhesive Bonding Machine Operators and Tenders
18140,519192,110.0,36040.0,39420.0,45100.0,50920.0,56660.0,"Cleaning, Washing, and Metal Pickling Equipment Operators and Tenders"
18140,519194,,38480.0,43300.0,63860.0,75650.0,75660.0,Etchers and Engravers
18140,532012,1410.0,60300.0,92980.0,175690.0,216270.0,216270.0,Commercial Pilots
18140,532022,80.0,48850.0,60070.0,60830.0,60860.0,78540.0,Airfield Operations Specialists
18140,533099,410.0,23550.0,25920.0,30860.0,45750.0,76670.0,"Motor Vehicle Operators, All Other"
18140,536051,80.0,60150.0,65600.0,87550.0,128270.0,147260.0,Transportation Inspectors
18140,536099,40.0,35010.0,36440.0,60320.0,60320.0,60540.0,"Transportation Workers, All Other"
18140,537021,120.0,45720.0,52570.0,66710.0,98530.0,104250.0,Crane and Tower Operators
18140,537199,30.0,30790.0,30790.0,33950.0,40960.0,49340.0,"Material Moving Workers, All Other"
18140,172011,270.0,83440.0,101120.0,125500.0,169890.0,202890.0,Aerospace Engineers
18140,191023,50.0,46900.0,58840.0,75400.0,82280.0,108100.0,Zoologists and Wildlife Biologists
18140,191032,40.0,58160.0,65340.0,71340.0,82450.0,86710.0,Foresters
18140,192043,170.0,63000.0,75280.0,98200.0,110030.0,131960.0,Hydrologists
18140,193041,100.0,68040.0,71680.0,82820.0,95280.0,102610.0,Sociologists
18140,251051,30.0,64340.0,80480.0,101380.0,129490.0,165430.0,"Atmospheric, Earth, Marine, and Space Sciences Teachers, Postsecondary"
18140,251053,40.0,36680.0,60350.0,82560.0,130010.0,158030.0,"Environmental Science Teachers, Postsecondary"
18140,251063,70.0,64540.0,100600.0,127420.0,168060.0,168890.0,"Economics Teachers, Postsecondary"
18140,254011,30.0,49960.0,49960.0,59730.0,72380.0,79080.0,Archivists
18140,271019,40.0,57630.0,63750.0,84860.0,105490.0,124970.0,"Artists and Related Workers, All Other"
18140,271029,30.0,30630.0,37190.0,38430.0,55360.0,99170.0,"Designers, All Other"
18140,272021,60.0,,,,,,Athletes and Sports Competitors
18140,274099,50.0,44470.0,60490.0,92580.0,117120.0,120200.0,"Media and Communication Equipment Workers, All Other"
18140,291161,50.0,110430.0,120950.0,134380.0,142380.0,143250.0,Nurse Midwives
18140,292036,40.0,105630.0,129970.0,144370.0,160500.0,171870.0,Medical Dosimetrists
18140,454011,40.0,31870.0,31870.0,47730.0,62850.0,62850.0,Forest and Conservation Workers
18140,475071,60.0,57800.0,57800.0,66940.0,75040.0,75040.0,"Roustabouts, Oil and Gas"
18140,499061,,83840.0,88790.0,88860.0,88860.0,88860.0,Camera and Photographic Equipment Repairers
18140,514052,40.0,37960.0,46100.0,66040.0,74430.0,74430.0,"Pourers and Casters, Metal"
18140,516091,70.0,45600.0,60260.0,61440.0,63840.0,73320.0,"Extruding and Forming Machine Setters, Operators, and Tenders, Synthetic and Glass Fibers"
18140,518093,30.0,62310.0,66140.0,93600.0,108980.0,112160.0,"Petroleum Pump System Operators, Refinery Operators, and Gaugers"
18140,519082,60.0,39940.0,45640.0,47010.0,58330.0,98960.0,Medical Appliance Technicians
18140,519151,40.0,30110.0,30200.0,30600.0,52790.0,67630.0,Photographic Process Workers and Processing Machine Operators
18140,532031,290.0,62440.0,62440.0,83450.0,95510.0,95510.0,Flight Attendants
18140,536041,,69040.0,75420.0,75420.0,75420.0,78210.0,Traffic Technicians
19430,000000,372660.0,29070.0,36810.0,49980.0,79270.0,117210.0,All Occupations
19430,110000,25840.0,52230.0,73010.0,103590.0,152730.0,207160.0,Management Occupations
19430,111011,200.0,100010.0,124870.0,210670.0,375280.0,562350.0,Chief Executives
19430,111021,10180.0,45980.0,61570.0,98030.0,152570.0,218010.0,General and Operations Managers
19430,112021,580.0,69950.0,98450.0,117250.0,158690.0,211140.0,Marketing Managers
19430,112022,1400.0,74830.0,98500.0,133450.0,174990.0,230190.0,Sales Managers
19430,113012,420.0,59400.0,72180.0,97860.0,123700.0,176750.0,Administrative Services Managers
19430,113013,330.0,59810.0,73750.0,97270.0,121840.0,159000.0,Facilities Managers
19430,113021,1110.0,100590.0,123590.0,160040.0,195680.0,235290.0,Computer and Information Systems Managers
19430,113031,1290.0,80800.0,104350.0,137140.0,177950.0,240880.0,Financial Managers
19430,113051,910.0,73560.0,83170.0,104180.0,133450.0,164330.0,Industrial Production Managers
19430,113071,600.0,58090.0,74880.0,97980.0,125940.0,166040.0,"Transportation, Storage, and Distribution Managers"
19430,113121,360.0,84430.0,99590.0,128300.0,163990.0,206770.0,Human Resources Managers
19430,119021,960.0,65990.0,79930.0,98070.0,125220.0,155190.0,Construction Managers
19430,119032,740.0,66390.0,96960.0,102400.0,124250.0,131030.0,"Education Administrators, Kindergarten through Secondary"
19430,119041,660.0,109490.0,134200.0,163700.0,198460.0,222110.0,Architectural and Engineering Managers
19430,119051,690.0,49400.0,54990.0,62380.0,69390.0,79030.0,Food Service Managers
19430,119111,1800.0,67950.0,82060.0,103560.0,134070.0,194330.0,Medical and Health Services Managers
19430,119121,100.0,70120.0,110300.0,134800.0,160600.0,223910.0,Natural Sciences Managers
19430,119141,730.0,45040.0,50060.0,58440.0,68690.0,97210.0,"Property, Real Estate, and Community Association Managers"
19430,119151,320.0,45200.0,55230.0,71920.0,93610.0,118670.0,Social and Community Service Managers
19430,119199,570.0,64770.0,101110.0,137780.0,164080.0,195190.0,"Managers, All Other"
19430,130000,25860.0,48150.0,63030.0,85980.0,116440.0,140900.0,Business and Financial Operations Occupations
19430,131020,2850.0,52120.0,66360.0,94520.0,120640.0,142480.0,Buyers and Purchasing Agents
19430,131031,330.0,47150.0,49090.0,61440.0,86900.0,104170.0,"Claims Adjusters, Examiners, and Investigators"
19430,131041,610.0,45960.0,52600.0,68120.0,93480.0,117890.0,Compliance Officers
19430,131051,590.0,50520.0,60660.0,79020.0,99570.0,124060.0,Cost Estimators
19430,131071,2160.0,45560.0,55010.0,69030.0,93000.0,119890.0,Human Resources Specialists
19430,131081,1460.0,59950.0,82110.0,105060.0,127520.0,145500.0,Logisticians
19430,131082,2270.0,59850.0,76140.0,98130.0,131270.0,165170.0,Project Management Specialists
19430,131111,2060.0,63850.0,77850.0,101150.0,124300.0,147660.0,Management Analysts
19430,131121,320.0,36030.0,44300.0,55970.0,71760.0,84310.0,"Meeting, Convention, and Event Planners"
19430,131131,250.0,43770.0,50620.0,63020.0,78590.0,100080.0,Fundraisers
19430,131141,130.0,46640.0,57780.0,74220.0,102740.0,115110.0,"Compensation, Benefits, and Job Analysis Specialists"
19430,131151,1260.0,26940.0,34050.0,59470.0,84380.0,107400.0,Training and Development Specialists
19430,131161,1420.0,38330.0,48370.0,64100.0,83500.0,107980.0,Market Research Analysts and Marketing Specialists
19430,131199,4370.0,57220.0,76690.0,102660.0,128090.0,148600.0,"Business Operations Specialists, All Other"
19430,132011,2640.0,51140.0,62210.0,79030.0,104230.0,133500.0,Accountants and Auditors
19430,132020,40.0,43070.0,49500.0,60320.0,80230.0,100560.0,Property Appraisers and Assessors
19430,132051,310.0,58830.0,63980.0,82000.0,104650.0,140390.0,Financial and Investment Analysts
19430,132052,400.0,54640.0,68090.0,96270.0,129760.0,188230.0,Personal Financial Advisors
19430,132072,440.0,34130.0,46630.0,66070.0,99150.0,126040.0,Loan Officers
19430,150000,12820.0,52500.0,70350.0,99690.0,128770.0,161450.0,Computer and Mathematical Occupations
19430,151211,1350.0,61030.0,79130.0,100360.0,127140.0,145950.0,Computer Systems Analysts
19430,151231,410.0,45740.0,52330.0,65900.0,81220.0,105490.0,Computer Network Support Specialists
19430,151232,2110.0,38790.0,48080.0,58870.0,68100.0,82460.0,Computer User Support Specialists
19430,151241,360.0,85470.0,102080.0,129430.0,158850.0,180670.0,Computer Network Architects
19430,151242,110.0,46890.0,63900.0,90290.0,121830.0,154280.0,Database Administrators
19430,151244,950.0,62980.0,78960.0,95680.0,116770.0,136690.0,Network and Computer Systems Administrators
19430,151251,200.0,59140.0,65510.0,96350.0,110580.0,131640.0,Computer Programmers
19430,151252,3910.0,77330.0,90020.0,106910.0,136090.0,170180.0,Software Developers
19430,151299,1110.0,64640.0,96280.0,116580.0,135430.0,153340.0,"Computer Occupations, All Other"
19430,152051,310.0,59650.0,72410.0,94620.0,123480.0,155000.0,Data Scientists
19430,170000,11570.0,60780.0,78730.0,102570.0,140190.0,170040.0,Architecture and Engineering Occupations
19430,171011,190.0,61510.0,75650.0,102550.0,146920.0,182110.0,"Architects, Except Landscape and Naval"
19430,172031,40.0,78980.0,86980.0,108410.0,129630.0,140750.0,Bioengineers and Biomedical Engineers
19430,172051,850.0,52610.0,77640.0,95270.0,127150.0,159760.0,Civil Engineers
19430,172071,660.0,75350.0,83840.0,103720.0,132890.0,160760.0,Electrical Engineers
19430,172112,1720.0,67540.0,80230.0,99550.0,124290.0,135670.0,Industrial Engineers
19430,172141,1180.0,71980.0,80120.0,101180.0,126150.0,152780.0,Mechanical Engineers
19430,173011,200.0,48710.0,56050.0,63200.0,77960.0,83860.0,Architectural and Civil Drafters
19430,173026,390.0,46710.0,52310.0,62140.0,76980.0,87470.0,Industrial Engineering Technologists and Technicians
19430,173031,110.0,45850.0,48170.0,59970.0,75340.0,83700.0,Surveying and Mapping Technicians
19430,190000,3230.0,49990.0,67450.0,99690.0,130160.0,157210.0,"Life, Physical, and Social Science Occupations"
19430,191042,150.0,67280.0,79330.0,103650.0,135550.0,159340.0,"Medical Scientists, Except Epidemiologists"
19430,192031,230.0,62120.0,81850.0,104510.0,140960.0,164050.0,Chemists
19430,192041,140.0,60890.0,68240.0,81350.0,95120.0,108100.0,"Environmental Scientists and Specialists, Including Health"
19430,193033,110.0,69050.0,93840.0,115690.0,124140.0,141390.0,Clinical and Counseling Psychologists
19430,193039,120.0,102230.0,121040.0,133850.0,154160.0,171450.0,"Psychologists, All Other"
19430,193051,60.0,57400.0,61850.0,87190.0,110090.0,127560.0,Urban and Regional Planners
19430,194021,80.0,35270.0,45200.0,50660.0,61480.0,78690.0,Biological Technicians
19430,194031,110.0,38590.0,46470.0,52470.0,69250.0,84280.0,Chemical Technicians
19430,195011,400.0,56340.0,70890.0,88990.0,120290.0,143730.0,Occupational Health and Safety Specialists
19430,195012,80.0,56400.0,62520.0,68820.0,76350.0,79160.0,Occupational Health and Safety Technicians
19430,210000,6420.0,37560.0,45650.0,56810.0,69280.0,84720.0,Community and Social Service Occupations
19430,211012,980.0,45040.0,48670.0,60650.0,79200.0,98580.0,"Educational, Guidance, and Career Counselors and Advisors"
19430,211015,,35860.0,38840.0,45650.0,61240.0,91210.0,Rehabilitation Counselors
19430,211018,1090.0,38760.0,48920.0,59790.0,72960.0,84870.0,"Substance Abuse, Behavioral Disorder, and Mental Health Counselors"
19430,211021,910.0,41140.0,47390.0,49630.0,61160.0,76210.0,"Child, Family, and School Social Workers"
19430,211022,1090.0,43630.0,51540.0,63080.0,77560.0,84720.0,Healthcare Social Workers
19430,211023,400.0,34980.0,38580.0,44100.0,57350.0,75610.0,Mental Health and Substance Abuse Social Workers
19430,211091,90.0,42640.0,53730.0,68160.0,77810.0,81900.0,Health Education Specialists
19430,211092,390.0,40990.0,50860.0,57950.0,63480.0,74780.0,Probation Officers and Correctional Treatment Specialists
19430,211093,630.0,31070.0,35860.0,38170.0,45900.0,49390.0,Social and Human Service Assistants
19430,230000,1810.0,46310.0,62250.0,83240.0,133330.0,203030.0,Legal Occupations
19430,231011,1040.0,68510.0,81510.0,104170.0,170930.0,213580.0,Lawyers
19430,232011,470.0,40490.0,46940.0,58680.0,73260.0,94580.0,Paralegals and Legal Assistants
19430,250000,23490.0,30250.0,42810.0,61110.0,81320.0,98030.0,Educational Instruction and Library Occupations
19430,251011,300.0,47320.0,47580.0,77590.0,97760.0,156340.0,"Business Teachers, Postsecondary"
19430,251071,480.0,46320.0,46320.0,66190.0,98270.0,170620.0,"Health Specialties Teachers, Postsecondary"
19430,251121,420.0,47340.0,58280.0,78140.0,97800.0,127120.0,"Art, Drama, and Music Teachers, Postsecondary"
19430,251194,350.0,45750.0,46990.0,60390.0,76460.0,96860.0,"Career/Technical Education Teachers, Postsecondary"
19430,251199,560.0,36930.0,51280.0,78230.0,100500.0,130200.0,"Postsecondary Teachers, All Other"
19430,252011,1570.0,28540.0,29210.0,35050.0,37910.0,53000.0,"Preschool Teachers, Except Special Education"
19430,252021,3430.0,48310.0,62170.0,80360.0,92480.0,96350.0,"Elementary School Teachers, Except Special Education"
19430,252031,3040.0,49200.0,60540.0,78970.0,96450.0,99860.0,"Secondary School Teachers, Except Special and Career/Technical Education"
19430,252052,430.0,47540.0,63990.0,75240.0,93390.0,100610.0,"Special Education Teachers, Kindergarten and Elementary School"
19430,253021,620.0,24890.0,28220.0,37160.0,46680.0,60470.0,Self-Enrichment Teachers
19430,253031,700.0,29660.0,33730.0,34980.0,38960.0,40200.0,"Substitute Teachers, Short-Term"
19430,253099,130.0,45780.0,62060.0,76150.0,91080.0,124400.0,"Teachers and Instructors, All Other"
19430,254022,390.0,39000.0,47110.0,60980.0,74970.0,91160.0,Librarians and Media Collections Specialists
19430,254031,190.0,29780.0,31690.0,39240.0,47770.0,59300.0,Library Technicians
19430,259045,3320.0,27230.0,29330.0,36980.0,45420.0,48700.0,"Teaching Assistants, Except Postsecondary"
19430,270000,4090.0,30180.0,38140.0,53410.0,76700.0,106430.0,"Arts, Design, Entertainment, Sports, and Media Occupations"
19430,271024,480.0,39920.0,49940.0,61030.0,80450.0,102070.0,Graphic Designers
19430,271026,520.0,28610.0,33950.0,35880.0,43290.0,53840.0,Merchandise Displayers and Window Trimmers
19430,272012,100.0,45410.0,51900.0,64230.0,85770.0,103580.0,Producers and Directors
19430,272022,770.0,28960.0,30410.0,44500.0,57620.0,78560.0,Coaches and Scouts
19430,273011,40.0,26300.0,31720.0,45400.0,54000.0,75280.0,Broadcast Announcers and Radio Disc Jockeys
19430,273031,460.0,43520.0,52600.0,63900.0,87500.0,125000.0,Public Relations Specialists
19430,274011,90.0,36750.0,39400.0,44320.0,64330.0,79940.0,Audio and Video Technicians
19430,274012,30.0,24960.0,30220.0,36970.0,64850.0,101060.0,Broadcast Technicians
19430,290000,31490.0,47090.0,63030.0,80500.0,101120.0,145770.0,Healthcare Practitioners and Technical Occupations
19430,291021,180.0,79750.0,129380.0,181990.0,270740.0,319280.0,"Dentists, General"
19430,291031,210.0,50160.0,60870.0,69530.0,76880.0,85420.0,Dietitians and Nutritionists
19430,291051,830.0,100330.0,127040.0,136110.0,154940.0,163100.0,Pharmacists
19430,291071,510.0,104900.0,116390.0,138400.0,143320.0,173680.0,Physician Assistants
19430,291122,530.0,74480.0,82800.0,103840.0,116670.0,131180.0,Occupational Therapists
19430,291123,780.0,80140.0,87660.0,103330.0,114910.0,135020.0,Physical Therapists
19430,291126,610.0,64850.0,77440.0,81420.0,93100.0,97000.0,Respiratory Therapists
19430,291127,490.0,69820.0,81020.0,96920.0,104690.0,121930.0,Speech-Language Pathologists
19430,291131,220.0,74740.0,98780.0,129030.0,159330.0,207930.0,Veterinarians
19430,291141,11640.0,71180.0,79380.0,82510.0,99740.0,103230.0,Registered Nurses
19430,291171,980.0,95680.0,104560.0,118210.0,128960.0,153670.0,Nurse Practitioners
19430,291216,,64280.0,64280.0,107480.0,136750.0,317540.0,General Internal Medicine Physicians
19430,291229,1740.0,62820.0,149990.0,315380.0,393240.0,472310.0,"Physicians, All Other"
19430,291292,620.0,79300.0,81930.0,84500.0,97440.0,97450.0,Dental Hygienists
19430,292010,1430.0,38830.0,44610.0,60140.0,78620.0,89820.0,Clinical Laboratory Technologists and Technicians
19430,292032,280.0,64930.0,79770.0,84020.0,97900.0,99170.0,Diagnostic Medical Sonographers
19430,292034,710.0,62600.0,66820.0,78750.0,85420.0,97480.0,Radiologic Technologists and Technicians
19430,292035,150.0,64210.0,79290.0,87190.0,93940.0,98910.0,Magnetic Resonance Imaging Technologists
19430,292042,360.0,36600.0,38170.0,38830.0,47640.0,53000.0,Emergency Medical Technicians
19430,292052,1260.0,35870.0,36720.0,45000.0,48980.0,57960.0,Pharmacy Technicians
19430,292053,240.0,30870.0,37510.0,38900.0,40660.0,46410.0,Psychiatric Technicians
19430,292055,290.0,48730.0,60530.0,64640.0,80310.0,96980.0,Surgical Technologists
19430,292056,360.0,35630.0,46230.0,47610.0,51540.0,60250.0,Veterinary Technologists and Technicians
19430,292061,3140.0,49890.0,56880.0,61770.0,64710.0,73520.0,Licensed Practical and Licensed Vocational Nurses
19430,292072,320.0,38220.0,43830.0,48470.0,60940.0,73940.0,Medical Records Specialists
19430,292081,200.0,35790.0,43150.0,51030.0,60630.0,65560.0,"Opticians, Dispensing"
19430,292099,560.0,36320.0,39990.0,48520.0,61920.0,75700.0,"Health Technologists and Technicians, All Other"
19430,310000,17500.0,30210.0,35390.0,37620.0,44040.0,49990.0,Healthcare Support Occupations
19430,311120,7070.0,28810.0,30290.0,34980.0,36510.0,37960.0,Home Health and Personal Care Aides
19430,311131,4970.0,36430.0,37400.0,41670.0,43700.0,44940.0,Nursing Assistants
19430,312021,510.0,51160.0,59870.0,64930.0,78060.0,85550.0,Physical Therapist Assistants
19430,319011,130.0,40280.0,46550.0,56720.0,61390.0,71530.0,Massage Therapists
19430,319091,840.0,37180.0,46080.0,48710.0,62490.0,72780.0,Dental Assistants
19430,319092,1890.0,35840.0,38320.0,43610.0,46320.0,53490.0,Medical Assistants
19430,319093,350.0,38370.0,40160.0,43720.0,47580.0,56610.0,Medical Equipment Preparers
19430,319096,320.0,30000.0,34620.0,36020.0,36820.0,45440.0,Veterinary Assistants and Laboratory Animal Caretakers
19430,330000,7020.0,30550.0,36340.0,55720.0,75650.0,91920.0,Protective Service Occupations
19430,331012,390.0,83490.0,92870.0,98230.0,112410.0,124890.0,First-Line Supervisors of Police and Detectives
19430,331091,130.0,37820.0,47440.0,49930.0,60860.0,77220.0,First-Line Supervisors of Security Workers
19430,332011,1260.0,34430.0,39230.0,57400.0,65380.0,78110.0,Firefighters
19430,333012,410.0,47130.0,48090.0,53270.0,60970.0,68060.0,Correctional Officers and Jailers
19430,333051,1440.0,59390.0,64680.0,76310.0,80800.0,91670.0,Police and Sheriff's Patrol Officers
19430,339032,2040.0,29510.0,33900.0,36510.0,47620.0,61470.0,Security Guards
19430,350000,33420.0,23690.0,27240.0,29930.0,36500.0,46630.0,Food Preparation and Serving Related Occupations
19430,351011,210.0,35360.0,41210.0,47580.0,64510.0,79150.0,Chefs and Head Cooks
19430,351012,3820.0,29560.0,33460.0,36680.0,46160.0,56340.0,First-Line Supervisors of Food Preparation and Serving Workers
19430,352011,580.0,24500.0,25390.0,26950.0,35110.0,36080.0,"Cooks, Fast Food"
19430,352012,1510.0,28740.0,31780.0,36680.0,39580.0,45290.0,"Cooks, Institution and Cafeteria"
19430,352014,2960.0,28920.0,30910.0,35700.0,36890.0,43360.0,"Cooks, Restaurant"
19430,352015,,23350.0,25470.0,28200.0,34590.0,35570.0,"Cooks, Short Order"
19430,352021,1060.0,26910.0,28800.0,33110.0,36780.0,43190.0,Food Preparation Workers
19430,353011,1680.0,22870.0,24790.0,29830.0,42680.0,62870.0,Bartenders
19430,353023,11860.0,23440.0,26840.0,27680.0,29480.0,34830.0,Fast Food and Counter Workers
19430,353031,4700.0,23680.0,29070.0,36600.0,49080.0,63370.0,Waiters and Waitresses
19430,359011,1010.0,24110.0,24960.0,30020.0,35770.0,38560.0,Dining Room and Cafeteria Attendants and Bartender Helpers
19430,359021,1040.0,23050.0,25930.0,29580.0,33280.0,35810.0,Dishwashers
19430,359031,1020.0,22520.0,23860.0,26990.0,30060.0,36550.0,"Hosts and Hostesses, Restaurant, Lounge, and Coffee Shop"
19430,370000,10100.0,28480.0,30420.0,36670.0,44550.0,51860.0,Building and Grounds Cleaning and Maintenance Occupations
19430,371011,400.0,35430.0,38930.0,46610.0,59750.0,62140.0,First-Line Supervisors of Housekeeping and Janitorial Workers
19430,371012,310.0,43680.0,48720.0,58350.0,59330.0,76150.0,"First-Line Supervisors of Landscaping, Lawn Service, and Groundskeeping Workers"
19430,372011,5040.0,28440.0,29840.0,35910.0,43110.0,49120.0,"Janitors and Cleaners, Except Maids and Housekeeping Cleaners"
19430,372012,1920.0,27660.0,29010.0,31900.0,35270.0,37160.0,Maids and Housekeeping Cleaners
19430,373011,2080.0,30050.0,36380.0,37880.0,45340.0,51340.0,Landscaping and Groundskeeping Workers
19430,390000,6330.0,23390.0,26950.0,31050.0,41550.0,55310.0,Personal Care and Service Occupations
19430,391014,270.0,31930.0,38850.0,47230.0,61360.0,78550.0,"First-Line Supervisors of Entertainment and Recreation Workers, Except Gambling Services"
19430,391022,180.0,29890.0,35090.0,39260.0,50120.0,82430.0,First-Line Supervisors of Personal Service Workers
19430,392021,530.0,24330.0,27580.0,29400.0,35820.0,47370.0,Animal Caretakers
19430,393091,820.0,22450.0,23510.0,26200.0,28870.0,33810.0,Amusement and Recreation Attendants
19430,395012,790.0,22860.0,27140.0,30590.0,52370.0,75860.0,"Hairdressers, Hairstylists, and Cosmetologists"
19430,399011,700.0,23120.0,25340.0,29140.0,32340.0,37350.0,Childcare Workers
19430,399031,730.0,23180.0,27020.0,36580.0,47690.0,58150.0,Exercise Trainers and Group Fitness Instructors
19430,399032,720.0,26170.0,29030.0,33130.0,39060.0,50760.0,Recreation Workers
19430,399041,230.0,23100.0,32600.0,36830.0,43900.0,55310.0,Residential Advisors
19430,410000,28720.0,25520.0,28460.0,35540.0,51120.0,81510.0,Sales and Related Occupations
19430,411011,2540.0,30940.0,36100.0,46930.0,58580.0,69520.0,First-Line Supervisors of Retail Sales Workers
19430,411012,430.0,46590.0,59920.0,78710.0,101530.0,148740.0,First-Line Supervisors of Non-Retail Sales Workers
19430,412011,7300.0,23870.0,26940.0,28750.0,32040.0,36000.0,Cashiers
19430,412021,600.0,23810.0,29500.0,37710.0,47670.0,75790.0,Counter and Rental Clerks
19430,412022,740.0,27560.0,28180.0,36090.0,47080.0,57830.0,Parts Salespersons
19430,412031,9170.0,24350.0,27850.0,30360.0,36670.0,45600.0,Retail Salespersons
19430,413011,90.0,30240.0,44200.0,55210.0,84770.0,104210.0,Advertising Sales Agents
19430,413021,760.0,34370.0,43660.0,59420.0,79430.0,118540.0,Insurance Sales Agents
19430,413031,420.0,40170.0,49190.0,60480.0,96800.0,133790.0,"Securities, Commodities, and Financial Services Sales Agents"
19430,413091,2270.0,37120.0,42980.0,61640.0,90530.0,128300.0,"Sales Representatives of Services, Except Advertising, Insurance, Financial Services, and Travel"
19430,414011,230.0,50890.0,68090.0,92400.0,130420.0,170360.0,"Sales Representatives, Wholesale and Manufacturing, Technical and Scientific Products"
19430,414012,3290.0,39260.0,50600.0,67880.0,97220.0,134880.0,"Sales Representatives, Wholesale and Manufacturing, Except Technical and Scientific Products"
19430,419022,180.0,30510.0,38640.0,43570.0,69860.0,92770.0,Real Estate Sales Agents
19430,430000,38020.0,31220.0,37980.0,46160.0,57370.0,69850.0,Office and Administrative Support Occupations
19430,431011,2820.0,45000.0,52920.0,64510.0,78190.0,93510.0,First-Line Supervisors of Office and Administrative Support Workers
19430,433011,270.0,26770.0,38290.0,47190.0,57380.0,63180.0,Bill and Account Collectors
19430,433021,1080.0,38420.0,39370.0,46210.0,52660.0,62930.0,Billing and Posting Clerks
19430,433031,2570.0,36370.0,42340.0,48970.0,58950.0,66820.0,"Bookkeeping, Accounting, and Auditing Clerks"
19430,433051,320.0,39140.0,46440.0,60100.0,73800.0,89330.0,Payroll and Timekeeping Clerks
19430,433071,950.0,36740.0,37840.0,43940.0,46920.0,47150.0,Tellers
19430,434031,510.0,34340.0,39420.0,47010.0,50490.0,63990.0,"Court, Municipal, and License Clerks"
19430,434051,4880.0,32140.0,37730.0,44970.0,50140.0,60590.0,Customer Service Representatives
19430,434061,500.0,45570.0,49050.0,49050.0,61500.0,71860.0,"Eligibility Interviewers, Government Programs"
19430,434071,120.0,22260.0,31400.0,44180.0,48340.0,61460.0,File Clerks
19430,434081,430.0,27650.0,29520.0,30510.0,33320.0,34580.0,"Hotel, Motel, and Resort Desk Clerks"
19430,434111,410.0,36900.0,38640.0,40510.0,46030.0,54990.0,"Interviewers, Except Eligibility and Loan"
19430,434121,460.0,24110.0,25000.0,30220.0,39890.0,50330.0,"Library Assistants, Clerical"
19430,434131,280.0,41170.0,46780.0,48970.0,60850.0,61340.0,Loan Interviewers and Clerks
19430,434161,150.0,36340.0,44230.0,52040.0,60800.0,72870.0,"Human Resources Assistants, Except Payroll and Timekeeping"
19430,434171,2140.0,24980.0,29490.0,35360.0,39240.0,44840.0,Receptionists and Information Clerks
19430,434199,220.0,44620.0,50560.0,55950.0,62170.0,67350.0,"Information and Record Clerks, All Other"
19430,435031,320.0,39420.0,48480.0,59550.0,65900.0,74600.0,Public Safety Telecommunicators
19430,435032,420.0,31930.0,42260.0,49180.0,60220.0,77090.0,"Dispatchers, Except Police, Fire, and Ambulance"
19430,435041,40.0,,,,,,"Meter Readers, Utilities"
19430,435051,190.0,42600.0,58470.0,63650.0,69160.0,75030.0,Postal Service Clerks
19430,435052,910.0,43120.0,51130.0,62070.0,81040.0,81040.0,Postal Service Mail Carriers
19430,435061,1370.0,40220.0,42480.0,54080.0,69720.0,81660.0,"Production, Planning, and Expediting Clerks"
19430,435071,2130.0,35730.0,38510.0,45570.0,49010.0,59810.0,"Shipping, Receiving, and Inventory Clerks"
19430,436011,610.0,48980.0,52920.0,64000.0,78680.0,92240.0,Executive Secretaries and Executive Administrative Assistants
19430,436012,270.0,35970.0,39760.0,50100.0,62130.0,71540.0,Legal Secretaries and Administrative Assistants
19430,436013,1740.0,36560.0,37960.0,42730.0,45550.0,48490.0,Medical Secretaries and Administrative Assistants
19430,436014,3640.0,33570.0,38270.0,46310.0,53550.0,62620.0,"Secretaries and Administrative Assistants, Except Legal, Medical, and Executive"
19430,439021,230.0,27960.0,37430.0,43500.0,54890.0,59270.0,Data Entry Keyers
19430,439041,260.0,38490.0,43920.0,49090.0,58060.0,63390.0,Insurance Claims and Policy Processing Clerks
19430,439061,5980.0,27600.0,35120.0,42840.0,51890.0,62380.0,"Office Clerks, General"
19430,450000,200.0,27230.0,31800.0,38360.0,47450.0,57900.0,"Farming, Fishing, and Forestry Occupations"
19430,470000,10380.0,39610.0,48340.0,61460.0,77580.0,95350.0,Construction and Extraction Occupations
19430,471011,1220.0,59690.0,71510.0,80220.0,96480.0,106660.0,First-Line Supervisors of Construction Trades and Extraction Workers
19430,472031,950.0,36710.0,47910.0,58330.0,65740.0,76960.0,Carpenters
19430,472051,260.0,43740.0,49170.0,62580.0,77350.0,78760.0,Cement Masons and Concrete Finishers
19430,472061,1390.0,37070.0,45770.0,53000.0,72800.0,78480.0,Construction Laborers
19430,472073,710.0,47270.0,54000.0,64050.0,85200.0,97770.0,Operating Engineers and Other Construction Equipment Operators
19430,472111,1920.0,38920.0,48630.0,61870.0,78950.0,98230.0,Electricians
19430,472141,300.0,36710.0,39520.0,47310.0,58230.0,70090.0,"Painters, Construction and Maintenance"
19430,472152,1130.0,46680.0,50630.0,62940.0,81460.0,99180.0,"Plumbers, Pipefitters, and Steamfitters"
19430,472181,320.0,39600.0,46170.0,51410.0,61940.0,73360.0,Roofers
19430,474011,170.0,51630.0,66990.0,79730.0,98380.0,102670.0,Construction and Building Inspectors
19430,474051,330.0,41500.0,47850.0,59810.0,63510.0,78490.0,Highway Maintenance Workers
19430,490000,12830.0,36300.0,45710.0,59620.0,74650.0,89610.0,"Installation, Maintenance, and Repair Occupations"
19430,491011,1160.0,49210.0,61210.0,79340.0,96780.0,112420.0,"First-Line Supervisors of Mechanics, Installers, and Repairers"
19430,492011,100.0,35960.0,36630.0,48560.0,58370.0,68490.0,"Computer, Automated Teller, and Office Machine Repairers"
19430,492022,300.0,46720.0,49380.0,62630.0,80410.0,102650.0,"Telecommunications Equipment Installers and Repairers, Except Line Installers"
19430,492098,160.0,46840.0,48630.0,62500.0,72100.0,76630.0,Security and Fire Alarm Systems Installers
19430,493021,330.0,36620.0,44310.0,48390.0,59170.0,77790.0,Automotive Body and Related Repairers
19430,493023,1570.0,33550.0,36070.0,47100.0,63960.0,79520.0,Automotive Service Technicians and Mechanics
19430,493031,810.0,47740.0,54510.0,62730.0,74110.0,79040.0,Bus and Truck Mechanics and Diesel Engine Specialists
19430,493042,360.0,47160.0,58670.0,62960.0,75810.0,80540.0,"Mobile Heavy Equipment Mechanics, Except Engines"
19430,493093,280.0,28930.0,36860.0,39110.0,46490.0,56640.0,Tire Repairers and Changers
19430,499012,90.0,50710.0,67800.0,77920.0,84170.0,92290.0,"Control and Valve Installers and Repairers, Except Mechanical Door"
19430,499021,1090.0,38630.0,48420.0,62500.0,78190.0,96620.0,"Heating, Air Conditioning, and Refrigeration Mechanics and Installers"
19430,499041,900.0,46610.0,57410.0,62620.0,74980.0,86420.0,Industrial Machinery Mechanics
19430,499052,170.0,47630.0,51340.0,51340.0,74510.0,80410.0,Telecommunications Line Installers and Repairers
19430,499062,160.0,37470.0,40700.0,49600.0,61830.0,81500.0,Medical Equipment Repairers
19430,499071,3670.0,34130.0,42270.0,50710.0,64240.0,76540.0,"Maintenance and Repair Workers, General"
19430,510000,27730.0,34470.0,37580.0,45890.0,56670.0,65670.0,Production Occupations
19430,511011,2010.0,48890.0,59790.0,68080.0,80310.0,98610.0,First-Line Supervisors of Production and Operating Workers
19430,512090,5770.0,35240.0,36970.0,39940.0,47610.0,51960.0,Miscellaneous Assemblers and Fabricators
19430,513011,540.0,24320.0,27730.0,30250.0,36670.0,44170.0,Bakers
19430,513021,330.0,27350.0,30040.0,38330.0,47700.0,52430.0,Butchers and Meat Cutters
19430,514021,280.0,37310.0,38810.0,44730.0,49860.0,57630.0,"Extruding and Drawing Machine Setters, Operators, and Tenders, Metal and Plastic"
19430,514031,870.0,35490.0,37420.0,43250.0,48140.0,58650.0,"Cutting, Punching, and Press Machine Setters, Operators, and Tenders, Metal and Plastic"
19430,514041,1360.0,37910.0,46330.0,59050.0,63280.0,74970.0,Machinists
19430,514081,530.0,37120.0,39650.0,46490.0,51830.0,61230.0,"Multiple Machine Tool Setters, Operators, and Tenders, Metal and Plastic"
19430,514121,820.0,37460.0,45250.0,50390.0,59570.0,69670.0,"Welders, Cutters, Solderers, and Brazers"
19430,515112,450.0,31570.0,37190.0,45760.0,48300.0,59030.0,Printing Press Operators
19430,516011,720.0,26880.0,28750.0,33440.0,36980.0,41240.0,Laundry and Dry-Cleaning Workers
19430,518031,410.0,46770.0,50330.0,61050.0,65670.0,75230.0,Water and Wastewater Treatment Plant and System Operators
19430,519032,160.0,37550.0,39510.0,45830.0,48840.0,56050.0,"Cutting and Slicing Machine Setters, Operators, and Tenders"
19430,519061,1960.0,35370.0,38010.0,46700.0,58720.0,67480.0,"Inspectors, Testers, Sorters, Samplers, and Weighers"
19430,519111,610.0,31410.0,37390.0,39770.0,46700.0,59290.0,Packaging and Filling Machine Operators and Tenders
19430,519161,2110.0,37580.0,40150.0,48150.0,59990.0,64910.0,Computer Numerically Controlled Tool Operators
19430,519195,230.0,37970.0,37970.0,37970.0,45520.0,47940.0,"Molders, Shapers, and Casters, Except Metal and Plastic"
19430,519199,580.0,28770.0,35310.0,38340.0,48850.0,50350.0,"Production Workers, All Other"
19430,530000,33780.0,29580.0,35670.0,42850.0,55560.0,68980.0,Transportation and Material Moving Occupations
19430,531047,1600.0,43610.0,48440.0,62710.0,77070.0,83340.0,"First-Line Supervisors of Transportation and Material Moving Workers, Except Aircraft Cargo Handling"
19430,533031,1770.0,22260.0,24740.0,29580.0,47230.0,60570.0,Driver/Sales Workers
19430,533032,4660.0,41670.0,49680.0,59490.0,69660.0,75400.0,Heavy and Tractor-Trailer Truck Drivers
19430,533033,2580.0,27370.0,33590.0,42200.0,48270.0,92950.0,Light Truck Drivers
19430,533051,220.0,30060.0,34900.0,45200.0,45360.0,84600.0,"Bus Drivers, School"
19430,533053,510.0,26620.0,28460.0,31450.0,36360.0,42810.0,Shuttle Drivers and Chauffeurs
19430,536031,250.0,29140.0,32940.0,34730.0,36580.0,39020.0,Automotive and Watercraft Service Attendants
19430,537051,3440.0,37960.0,42220.0,45120.0,61130.0,62430.0,Industrial Truck and Tractor Operators
19430,537061,850.0,27080.0,28630.0,34990.0,38290.0,44710.0,Cleaners of Vehicles and Equipment
19430,537062,6510.0,30410.0,36070.0,40280.0,45760.0,54320.0,"Laborers and Freight, Stock, and Material Movers, Hand"
19430,537064,640.0,29930.0,32660.0,35360.0,40900.0,46790.0,"Packers and Packagers, Hand"
19430,537065,8770.0,29460.0,32090.0,36750.0,46250.0,60760.0,Stockers and Order Fillers
19430,113061,200.0,89590.0,110550.0,132470.0,153080.0,195190.0,Purchasing Managers
19430,119031,210.0,39000.0,43130.0,50990.0,61210.0,90490.0,"Education and Childcare Administrators, Preschool and Daycare"
19430,119033,660.0,60740.0,62770.0,79750.0,123400.0,166760.0,"Education Administrators, Postsecondary"
19430,132082,,36400.0,38460.0,48030.0,74850.0,75040.0,Tax Preparers
19430,171022,60.0,50370.0,58370.0,73290.0,90250.0,105340.0,Surveyors
19430,173022,120.0,47780.0,52370.0,66310.0,78240.0,97800.0,Civil Engineering Technologists and Technicians
19430,211094,70.0,34610.0,42200.0,50230.0,69410.0,76740.0,Community Health Workers
19430,252012,220.0,42020.0,59080.0,75920.0,79950.0,92820.0,"Kindergarten Teachers, Except Special Education"
19430,252022,2280.0,47840.0,57610.0,74420.0,84570.0,95730.0,"Middle School Teachers, Except Special and Career/Technical Education"
19430,252057,320.0,47570.0,62190.0,76600.0,94730.0,97050.0,"Special Education Teachers, Middle School"
19430,252058,620.0,53580.0,61930.0,79140.0,93400.0,99580.0,"Special Education Teachers, Secondary School"
19430,259031,280.0,41510.0,53420.0,61820.0,98470.0,117820.0,Instructional Coordinators
19430,259099,200.0,25180.0,37450.0,54370.0,61160.0,71820.0,"Educational Instruction and Library Workers, All Other"
19430,274021,130.0,23000.0,30510.0,36790.0,49660.0,75830.0,Photographers
19430,292043,180.0,38110.0,49370.0,52760.0,63400.0,71690.0,Paramedics
19430,292057,120.0,34390.0,36650.0,38540.0,39760.0,47090.0,Ophthalmic Medical Technicians
19430,299021,60.0,38480.0,41410.0,46270.0,60780.0,69970.0,Health Information Technologists and Medical Registrars
19430,299091,150.0,53590.0,59090.0,63490.0,65390.0,71250.0,Athletic Trainers
19430,312011,270.0,54710.0,60700.0,70020.0,77460.0,82110.0,Occupational Therapy Assistants
19430,319097,750.0,37380.0,37620.0,40250.0,46200.0,48240.0,Phlebotomists
19430,333021,150.0,61530.0,73370.0,83620.0,127520.0,159390.0,Detectives and Criminal Investigators
19430,339092,350.0,22570.0,22890.0,25580.0,28170.0,29080.0,"Lifeguards, Ski Patrol, and Other Recreational Protective Service Workers"
19430,353041,1150.0,26170.0,28230.0,31200.0,35930.0,36110.0,"Food Servers, Nonrestaurant"
19430,393031,290.0,23320.0,24470.0,27420.0,30090.0,32670.0,"Ushers, Lobby Attendants, and Ticket Takers"
19430,395094,100.0,28300.0,36080.0,42400.0,49300.0,63150.0,Skincare Specialists
19430,397010,80.0,22260.0,22260.0,31180.0,36380.0,44620.0,Tour and Travel Guides
19430,433061,120.0,39520.0,45760.0,53540.0,59350.0,67390.0,Procurement Clerks
19430,435021,180.0,31060.0,36300.0,36910.0,39380.0,44430.0,Couriers and Messengers
19430,435111,110.0,38010.0,45230.0,49560.0,61730.0,70530.0,"Weighers, Measurers, Checkers, and Samplers, Recordkeeping"
19430,472211,220.0,44970.0,59600.0,72330.0,81500.0,85700.0,Sheet Metal Workers
19430,493041,30.0,33920.0,46840.0,53430.0,72850.0,72850.0,Farm Equipment Mechanics and Service Technicians
19430,499043,210.0,37820.0,38330.0,44410.0,67930.0,72830.0,"Maintenance Workers, Machinery"
19430,499044,50.0,48160.0,58650.0,70540.0,75770.0,88650.0,Millwrights
19430,499051,200.0,66590.0,76920.0,90290.0,105530.0,106050.0,Electrical Power-Line Installers and Repairers
19430,499098,90.0,30870.0,36190.0,41630.0,45410.0,47250.0,"Helpers--Installation, Maintenance, and Repair Workers"
19430,499099,160.0,37870.0,44390.0,48370.0,58640.0,62030.0,"Installation, Maintenance, and Repair Workers, All Other"
19430,513092,380.0,30020.0,31310.0,37180.0,48700.0,61060.0,Food Batchmakers
19430,514072,640.0,32210.0,35200.0,41110.0,45040.0,56160.0,"Molding, Coremaking, and Casting Machine Setters, Operators, and Tenders, Metal and Plastic"
19430,514111,390.0,45490.0,49750.0,61020.0,70370.0,76050.0,Tool and Die Makers
19430,516021,60.0,27840.0,28330.0,32920.0,35390.0,37130.0,"Pressers, Textile, Garment, and Related Materials"
19430,516031,430.0,31990.0,32110.0,36630.0,40180.0,43050.0,Sewing Machine Operators
19430,519011,230.0,46440.0,51110.0,61530.0,66100.0,74970.0,Chemical Equipment Operators and Tenders
19430,519124,510.0,37500.0,43390.0,48230.0,53000.0,59080.0,"Coating, Painting, and Spraying Machine Setters, Operators, and Tenders"
19430,519162,180.0,49030.0,60330.0,71600.0,80720.0,100610.0,Computer Numerically Controlled Tool Programmers
19430,519196,140.0,37470.0,44860.0,47010.0,48500.0,59140.0,"Paper Goods Machine Setters, Operators, and Tenders"
19430,519198,190.0,33330.0,33990.0,36900.0,43950.0,47760.0,Helpers--Production Workers
19430,533052,270.0,41700.0,44540.0,67420.0,67420.0,67420.0,"Bus Drivers, Transit and Intercity"
19430,536021,110.0,28930.0,29210.0,31110.0,35570.0,40540.0,Parking Attendants
19430,537063,290.0,37760.0,37760.0,46000.0,47870.0,58340.0,Machine Feeders and Offbearers
19430,537081,320.0,26160.0,44720.0,49010.0,58360.0,63900.0,Refuse and Recyclable Material Collectors
19430,119039,290.0,61310.0,66100.0,104100.0,146180.0,195190.0,"Education Administrators, All Other"
19430,131075,230.0,49610.0,72930.0,81230.0,98200.0,104830.0,Labor Relations Specialists
19430,132041,60.0,54480.0,59940.0,78710.0,112140.0,132140.0,Credit Analysts
19430,132061,90.0,46100.0,62310.0,81680.0,82430.0,101860.0,Financial Examiners
19430,132071,130.0,44560.0,47610.0,58090.0,58810.0,61330.0,Credit Counselors
19430,132081,30.0,56400.0,69030.0,81790.0,119500.0,134800.0,"Tax Examiners and Collectors, and Revenue Agents"
19430,132099,1040.0,74300.0,95680.0,110740.0,125760.0,145950.0,"Financial Specialists, All Other"
19430,151212,510.0,68050.0,77580.0,111430.0,165320.0,191080.0,Information Security Analysts
19430,151243,120.0,73350.0,102530.0,129100.0,150560.0,165670.0,Database Architects
19430,151253,400.0,55930.0,63250.0,81950.0,100650.0,123130.0,Software Quality Assurance Analysts and Testers
19430,152031,410.0,66580.0,94140.0,122570.0,149360.0,174300.0,Operations Research Analysts
19430,152041,30.0,58770.0,85350.0,116440.0,130400.0,144730.0,Statisticians
19430,172081,50.0,80510.0,90830.0,119000.0,128630.0,142080.0,Environmental Engineers
19430,172199,1650.0,92890.0,115480.0,142080.0,169310.0,190840.0,"Engineers, All Other"
19430,173023,410.0,49060.0,57060.0,61840.0,76140.0,95480.0,Electrical and Electronic Engineering Technologists and Technicians
19430,173027,160.0,46600.0,48470.0,68700.0,80720.0,93220.0,Mechanical Engineering Technologists and Technicians
19430,173029,150.0,48300.0,56470.0,80290.0,92020.0,108580.0,"Engineering Technologists and Technicians, Except Drafters, All Other"
19430,191031,50.0,50340.0,52080.0,62460.0,76690.0,78350.0,Conservation Scientists
19430,193034,120.0,69350.0,80800.0,103450.0,119620.0,129820.0,School Psychologists
19430,194042,60.0,41470.0,52890.0,59290.0,67760.0,78770.0,"Environmental Science and Protection Technicians, Including Health"
19430,194099,110.0,36970.0,49210.0,58580.0,86900.0,93890.0,"Life, Physical, and Social Science Technicians, All Other"
19430,211029,260.0,39520.0,45620.0,64630.0,92020.0,104170.0,"Social Workers, All Other"
19430,212011,160.0,37450.0,43580.0,58610.0,65870.0,83680.0,Clergy
19430,231023,130.0,38250.0,51530.0,104760.0,171380.0,213440.0,"Judges, Magistrate Judges, and Magistrates"
19430,251042,150.0,46940.0,60190.0,77580.0,98910.0,123760.0,"Biological Science Teachers, Postsecondary"
19430,251072,380.0,48700.0,59070.0,76410.0,83260.0,96060.0,"Nursing Instructors and Teachers, Postsecondary"
19430,252032,480.0,61110.0,62640.0,81630.0,94370.0,100890.0,"Career/Technical Education Teachers, Secondary School"
19430,253011,30.0,44310.0,50620.0,60420.0,74770.0,81920.0,"Adult Basic Education, Adult Secondary Education, and English as a Second Language Instructors"
19430,253041,370.0,22260.0,30160.0,40790.0,49140.0,67210.0,Tutors
19430,271023,140.0,29260.0,30720.0,35740.0,38300.0,45760.0,Floral Designers
19430,273043,60.0,22260.0,55880.0,64690.0,82750.0,87740.0,Writers and Authors
19430,291151,150.0,70430.0,185950.0,242420.0,293200.0,310890.0,Nurse Anesthetists
19430,291215,180.0,75130.0,75130.0,222190.0,269170.0,276630.0,Family Medicine Physicians
19430,291249,90.0,64990.0,65120.0,70500.0,429560.0,682520.0,"Surgeons, All Other"
19430,292033,50.0,80020.0,88680.0,100060.0,100660.0,101690.0,Nuclear Medicine Technologists
19430,319099,110.0,35320.0,41830.0,53540.0,65040.0,72700.0,"Healthcare Support Workers, All Other"
19430,331021,290.0,56390.0,72700.0,82390.0,98000.0,119210.0,First-Line Supervisors of Firefighting and Prevention Workers
19430,332021,40.0,43400.0,63270.0,86290.0,131230.0,131230.0,Fire Inspectors and Investigators
19430,339099,110.0,35480.0,36860.0,45390.0,48270.0,57840.0,"Protective Service Workers, All Other"
19430,372021,170.0,36550.0,37720.0,39310.0,46300.0,59210.0,Pest Control Workers
19430,419011,50.0,,,,,,Demonstrators and Product Promoters
19430,419021,,49600.0,62100.0,86290.0,103150.0,126520.0,Real Estate Brokers
19430,419099,110.0,24750.0,26880.0,34060.0,43140.0,63620.0,"Sales and Related Workers, All Other"
19430,433099,140.0,48320.0,48320.0,48340.0,55750.0,59460.0,"Financial Clerks, All Other"
19430,435053,150.0,47440.0,53290.0,58470.0,66750.0,75280.0,"Postal Service Mail Sorters, Processors, and Processing Machine Operators"
19430,439051,100.0,25440.0,31220.0,38460.0,45950.0,53870.0,"Mail Clerks and Mail Machine Operators, Except Postal Service"
19430,439199,340.0,29540.0,29540.0,34690.0,45910.0,56580.0,"Office and Administrative Support Workers, All Other"
19430,472021,80.0,39330.0,50560.0,66140.0,78340.0,79050.0,Brickmasons and Blockmasons
19430,474031,60.0,45150.0,45810.0,47700.0,58030.0,60100.0,Fence Erectors
19430,492094,60.0,27030.0,60130.0,76920.0,80410.0,85280.0,"Electrical and Electronics Repairers, Commercial and Industrial Equipment"
19430,493011,200.0,59410.0,63570.0,77580.0,82260.0,97170.0,Aircraft Mechanics and Service Technicians
19430,512028,840.0,33550.0,36740.0,44160.0,51500.0,58950.0,"Electrical, Electronic, and Electromechanical Assemblers, Except Coil Winders, Tapers, and Finishers"
19430,519023,130.0,38200.0,40030.0,47470.0,58120.0,60650.0,"Mixing and Blending Machine Setters, Operators, and Tenders"
19430,112032,90.0,62700.0,82540.0,119290.0,165270.0,259590.0,Public Relations Managers
19430,112033,100.0,61200.0,78420.0,100540.0,130530.0,161550.0,Fundraising Managers
19430,113131,50.0,73110.0,101800.0,117820.0,158840.0,199990.0,Training and Development Managers
19430,119072,60.0,44230.0,46790.0,61970.0,78330.0,104620.0,"Entertainment and Recreation Managers, Except Gambling"
19430,119081,110.0,36610.0,43890.0,47210.0,74930.0,88560.0,Lodging Managers
19430,132031,150.0,63810.0,77510.0,95200.0,109120.0,128370.0,Budget Analysts
19430,132054,40.0,64730.0,86300.0,104190.0,124340.0,143990.0,Financial Risk Specialists
19430,151221,160.0,87870.0,109660.0,137300.0,157710.0,175260.0,Computer and Information Research Scientists
19430,151254,150.0,53880.0,57470.0,69230.0,96680.0,101960.0,Web Developers
19430,151255,190.0,,,,,,Web and Digital Interface Designers
19430,171021,40.0,62860.0,83130.0,106000.0,127360.0,127490.0,Cartographers and Photogrammetrists
19430,172041,50.0,76290.0,99870.0,123860.0,158000.0,171140.0,Chemical Engineers
19430,172061,220.0,76690.0,92440.0,121030.0,144190.0,171830.0,Computer Hardware Engineers
19430,172072,1040.0,87300.0,110990.0,135000.0,160700.0,178840.0,"Electronics Engineers, Except Computer"
19430,172111,60.0,94740.0,111900.0,135130.0,149530.0,171890.0,"Health and Safety Engineers, Except Mining Safety Engineers and Inspectors"
19430,172131,260.0,81200.0,105590.0,137290.0,162430.0,183850.0,Materials Engineers
19430,173013,100.0,48510.0,53050.0,63580.0,75060.0,89770.0,Mechanical Drafters
19430,173021,170.0,60670.0,61690.0,78590.0,96100.0,99630.0,Aerospace Engineering and Operations Technologists and Technicians
19430,173025,80.0,38310.0,38930.0,44960.0,65030.0,77160.0,Environmental Engineering Technologists and Technicians
19430,173028,70.0,44920.0,47550.0,61720.0,74190.0,75690.0,Calibration Technologists and Technicians
19430,191022,40.0,49790.0,60660.0,62090.0,88300.0,100570.0,Microbiologists
19430,191029,70.0,63380.0,101940.0,126960.0,152070.0,183140.0,"Biological Scientists, All Other"
19430,192012,130.0,100300.0,125150.0,151050.0,171790.0,235090.0,Physicists
19430,192099,120.0,96600.0,120060.0,142080.0,162090.0,181040.0,"Physical Scientists, All Other"
19430,193099,680.0,67600.0,98050.0,120220.0,142080.0,161470.0,"Social Scientists and Related Workers, All Other"
19430,212021,60.0,34190.0,39020.0,49730.0,64270.0,85310.0,"Directors, Religious Activities and Education"
19430,212099,40.0,29020.0,37670.0,41970.0,44570.0,57300.0,"Religious Workers, All Other"
19430,251021,110.0,47090.0,47090.0,76350.0,98360.0,124710.0,"Computer Science Teachers, Postsecondary"
19430,251022,180.0,47430.0,47430.0,76580.0,97540.0,122410.0,"Mathematical Science Teachers, Postsecondary"
19430,251032,70.0,47310.0,47310.0,74040.0,101970.0,125220.0,"Engineering Teachers, Postsecondary"
19430,251052,70.0,49200.0,60690.0,76770.0,100920.0,121860.0,"Chemistry Teachers, Postsecondary"
19430,251065,60.0,46030.0,46030.0,76560.0,95830.0,126760.0,"Political Science Teachers, Postsecondary"
19430,251066,160.0,47690.0,47690.0,64670.0,93360.0,101880.0,"Psychology Teachers, Postsecondary"
19430,251067,70.0,47750.0,47750.0,62860.0,82700.0,99350.0,"Sociology Teachers, Postsecondary"
19430,251111,50.0,46650.0,46650.0,46650.0,76720.0,98220.0,"Criminal Justice and Law Enforcement Teachers, Postsecondary"
19430,251122,120.0,48200.0,48870.0,76030.0,81020.0,98870.0,"Communications Teachers, Postsecondary"
19430,251123,230.0,47730.0,47850.0,59930.0,79610.0,100050.0,"English Language and Literature Teachers, Postsecondary"
19430,251125,90.0,47070.0,47070.0,79810.0,100330.0,131120.0,"History Teachers, Postsecondary"
19430,251126,90.0,49350.0,60210.0,77730.0,98440.0,125160.0,"Philosophy and Religion Teachers, Postsecondary"
19430,252023,70.0,51090.0,51100.0,56830.0,82650.0,101780.0,"Career/Technical Education Teachers, Middle School"
19430,252051,80.0,48420.0,59030.0,79370.0,83520.0,108460.0,"Special Education Teachers, Preschool"
19430,254012,40.0,46480.0,61750.0,94740.0,122570.0,130190.0,Curators
19430,254013,80.0,38630.0,41830.0,48610.0,67600.0,104230.0,Museum Technicians and Conservators
19430,271011,50.0,51770.0,77530.0,89520.0,127740.0,166030.0,Art Directors
19430,271021,100.0,49050.0,56780.0,70150.0,81620.0,107670.0,Commercial and Industrial Designers
19430,271025,80.0,47540.0,50780.0,60770.0,78540.0,96450.0,Interior Designers
19430,271027,40.0,23290.0,36950.0,92020.0,99690.0,108410.0,Set and Exhibit Designers
19430,272023,50.0,23020.0,23030.0,26400.0,56110.0,56110.0,"Umpires, Referees, and Other Sports Officials"
19430,272041,30.0,35800.0,51440.0,63850.0,82200.0,125740.0,Music Directors and Composers
19430,272042,160.0,,,,,,Musicians and Singers
19430,273041,120.0,44120.0,59230.0,78690.0,105460.0,119540.0,Editors
19430,273042,190.0,48770.0,52070.0,64380.0,93240.0,110320.0,Technical Writers
19430,273091,130.0,46970.0,57380.0,64010.0,83580.0,93820.0,Interpreters and Translators
19430,291011,70.0,43760.0,56130.0,76180.0,94190.0,161540.0,Chiropractors
19430,291041,70.0,65350.0,98620.0,139000.0,167550.0,201490.0,Optometrists
19430,291081,30.0,57930.0,64000.0,119270.0,161260.0,242170.0,Podiatrists
19430,291124,,62480.0,76640.0,79280.0,102680.0,104160.0,Radiation Therapists
19430,291128,,41710.0,45020.0,59650.0,62090.0,62090.0,Exercise Physiologists
19430,291181,60.0,63300.0,78480.0,88480.0,105940.0,116020.0,Audiologists
19430,291211,,167460.0,393570.0,455300.0,605890.0,605890.0,Anesthesiologists
19430,291212,100.0,,,,,,Cardiologists
19430,291213,100.0,,,,,,Dermatologists
19430,291214,200.0,63880.0,226470.0,454760.0,454760.0,550390.0,Emergency Medicine Physicians
19430,291217,60.0,,,,,,Neurologists
19430,291221,40.0,196470.0,209790.0,209790.0,209790.0,317580.0,"Pediatricians, General"
19430,291223,40.0,64660.0,64660.0,65270.0,267680.0,280340.0,Psychiatrists
19430,291242,50.0,64850.0,64850.0,70610.0,81400.0,466750.0,"Orthopedic Surgeons, Except Pediatric"
19430,291299,90.0,81150.0,92560.0,110680.0,131930.0,196050.0,"Healthcare Diagnosing or Treating Practitioners, All Other"
19430,292031,120.0,34920.0,45580.0,84550.0,99680.0,100980.0,Cardiovascular Technologists and Technicians
19430,292051,70.0,25070.0,31630.0,37020.0,41600.0,52790.0,Dietetic Technicians
19430,292091,50.0,45300.0,51800.0,59390.0,94970.0,106360.0,Orthotists and Prosthetists
19430,299093,60.0,48960.0,65010.0,84750.0,93200.0,104260.0,Surgical Assistants
19430,299099,40.0,37370.0,37390.0,60670.0,81290.0,126400.0,"Healthcare Practitioners and Technical Workers, All Other"
19430,312022,40.0,28260.0,32220.0,35920.0,37010.0,44120.0,Physical Therapist Aides
19430,319095,30.0,33570.0,34310.0,38690.0,43640.0,55630.0,Pharmacy Aides
19430,333011,90.0,45580.0,48320.0,55890.0,74240.0,76200.0,Bailiffs
19430,339021,70.0,35810.0,38690.0,48510.0,63270.0,78420.0,Private Detectives and Investigators
19430,339093,50.0,63380.0,65500.0,69720.0,69720.0,76040.0,Transportation Security Screeners
19430,339094,50.0,26830.0,26950.0,27450.0,34580.0,61000.0,School Bus Monitors
19430,359099,360.0,22750.0,24390.0,28030.0,29700.0,36780.0,"Food Preparation and Serving Related Workers, All Other"
19430,373013,140.0,37810.0,37810.0,44990.0,50700.0,54280.0,Tree Trimmers and Pruners
19430,395092,390.0,24280.0,28450.0,35600.0,46300.0,48130.0,Manicurists and Pedicurists
19430,399099,150.0,28670.0,29030.0,29030.0,30620.0,34340.0,"Personal Care and Service Workers, All Other"
19430,413041,60.0,39120.0,43080.0,59090.0,60870.0,62460.0,Travel Agents
19430,419031,140.0,72850.0,80590.0,99690.0,124440.0,153910.0,Sales Engineers
19430,419041,270.0,29120.0,36240.0,36260.0,37920.0,42300.0,Telemarketers
19430,432011,60.0,32600.0,33870.0,39870.0,39870.0,41620.0,"Switchboard Operators, Including Answering Service"
19430,434011,40.0,49190.0,52990.0,61290.0,70820.0,78740.0,Brokerage Clerks
19430,434151,250.0,28010.0,29250.0,40330.0,48690.0,61940.0,Order Clerks
19430,434181,,33940.0,33940.0,34710.0,50340.0,81280.0,Reservation and Transportation Ticket Agents and Travel Clerks
19430,435011,40.0,40220.0,44810.0,59980.0,70410.0,81710.0,Cargo and Freight Agents
19430,439022,30.0,37760.0,46930.0,54430.0,57160.0,57160.0,Word Processors and Typists
19430,439071,40.0,27970.0,34980.0,34980.0,40130.0,48030.0,"Office Machine Operators, Except Computer"
19430,452092,110.0,26810.0,30020.0,38220.0,45700.0,47150.0,"Farmworkers and Laborers, Crop, Nursery, and Greenhouse"
19430,472044,50.0,39960.0,44320.0,46190.0,58760.0,71910.0,Tile and Stone Setters
19430,472071,70.0,33280.0,44610.0,50640.0,59010.0,72800.0,"Paving, Surfacing, and Tamping Equipment Operators"
19430,472081,200.0,42330.0,48200.0,61420.0,70720.0,70940.0,Drywall and Ceiling Tile Installers
19430,472121,130.0,45800.0,49010.0,62490.0,73510.0,74670.0,Glaziers
19430,472221,90.0,46590.0,62250.0,74650.0,74880.0,85670.0,Structural Iron and Steel Workers
19430,473012,50.0,37390.0,45690.0,45690.0,50450.0,54910.0,Helpers--Carpenters
19430,473013,60.0,35810.0,37190.0,45660.0,48070.0,50650.0,Helpers--Electricians
19430,473015,80.0,35460.0,38980.0,45660.0,54490.0,56000.0,"Helpers--Pipelayers, Plumbers, Pipefitters, and Steamfitters"
19430,473019,50.0,39520.0,39520.0,42230.0,42980.0,54800.0,"Helpers, Construction Trades, All Other"
19430,474090,90.0,39560.0,44840.0,48270.0,60590.0,102810.0,Miscellaneous Construction and Related Workers
19430,475022,60.0,40280.0,49210.0,60950.0,73530.0,95350.0,"Excavating and Loading Machine and Dragline Operators, Surface Mining"
19430,493053,70.0,29470.0,32830.0,45140.0,51220.0,61490.0,Outdoor Power Equipment and Other Small Engine Mechanics
19430,499011,70.0,47200.0,48740.0,58280.0,75860.0,75860.0,Mechanical Door Repairers
19430,499031,30.0,39820.0,46890.0,57600.0,63090.0,73160.0,Home Appliance Repairers
19430,499069,40.0,65050.0,80410.0,81220.0,97610.0,120420.0,"Precision Instrument and Equipment Repairers, All Other"
19430,512021,80.0,45650.0,46820.0,48680.0,55360.0,58360.0,"Coil Winders, Tapers, and Finishers"
19430,512041,50.0,38650.0,45820.0,55600.0,59640.0,61050.0,Structural Metal Fabricators and Fitters
19430,513023,110.0,35010.0,36710.0,48030.0,48030.0,48030.0,Slaughterers and Meat Packers
19430,513099,190.0,31200.0,40790.0,44760.0,45210.0,45210.0,"Food Processing Workers, All Other"
19430,514023,100.0,39620.0,45720.0,46850.0,55180.0,56280.0,"Rolling Machine Setters, Operators, and Tenders, Metal and Plastic"
19430,514033,520.0,34910.0,37160.0,43960.0,50760.0,60660.0,"Grinding, Lapping, Polishing, & Buffing Machine Tool Setters, Operators, & Tenders, Metal & Plastic"
19430,514034,120.0,38080.0,41980.0,46330.0,61190.0,63460.0,"Lathe and Turning Machine Tool Setters, Operators, and Tenders, Metal and Plastic"
19430,514035,50.0,42870.0,48980.0,49320.0,60120.0,62140.0,"Milling and Planing Machine Setters, Operators, and Tenders, Metal and Plastic"
19430,514051,30.0,30230.0,39210.0,48460.0,51000.0,59440.0,Metal-Refining Furnace Operators and Tenders
19430,514071,40.0,38900.0,39060.0,48190.0,49520.0,61200.0,Foundry Mold and Coremakers
19430,514122,80.0,36140.0,38960.0,46560.0,50010.0,59490.0,"Welding, Soldering, and Brazing Machine Setters, Operators, and Tenders"
19430,514191,90.0,39570.0,39570.0,48670.0,54010.0,60220.0,"Heat Treating Equipment Setters, Operators, and Tenders, Metal and Plastic"
19430,514193,290.0,37530.0,46330.0,46790.0,55120.0,58770.0,"Plating Machine Setters, Operators, and Tenders, Metal and Plastic"
19430,514194,30.0,42550.0,53540.0,64350.0,64350.0,65270.0,"Tool Grinders, Filers, and Sharpeners"
19430,515111,50.0,37680.0,45100.0,50370.0,56070.0,58820.0,Prepress Technicians and Workers
19430,515113,120.0,30370.0,35250.0,40200.0,47890.0,55590.0,Print Binding and Finishing Workers
19430,516052,30.0,30300.0,33280.0,34750.0,42070.0,43210.0,"Tailors, Dressmakers, and Custom Sewers"
19430,517011,120.0,38770.0,43460.0,49050.0,56970.0,60190.0,Cabinetmakers and Bench Carpenters
19430,517041,40.0,35360.0,36900.0,41950.0,45220.0,47680.0,"Sawing Machine Setters, Operators, and Tenders, Wood"
19430,517042,80.0,35110.0,35120.0,40820.0,45350.0,50070.0,"Woodworking Machine Setters, Operators, and Tenders, Except Sawing"
19430,518021,50.0,63770.0,68990.0,72090.0,77580.0,78140.0,Stationary Engineers and Boiler Operators
19430,518099,30.0,50760.0,53310.0,66170.0,80410.0,112130.0,"Plant and System Operators, All Other"
19430,519012,80.0,36060.0,37350.0,44650.0,53190.0,55180.0,"Separating, Filtering, Clarifying, Precipitating, and Still Machine Setters, Operators, and Tenders"
19430,519022,40.0,36800.0,37580.0,45070.0,56620.0,63120.0,"Grinding and Polishing Workers, Hand"
19430,519041,180.0,36310.0,38520.0,41070.0,46820.0,53830.0,"Extruding, Forming, Pressing, and Compacting Machine Setters, Operators, and Tenders"
19430,519051,90.0,39570.0,39570.0,46350.0,47450.0,67620.0,"Furnace, Kiln, Oven, Drier, and Kettle Operators and Tenders"
19430,519081,80.0,37580.0,40000.0,49600.0,67380.0,76040.0,Dental Laboratory Technicians
19430,532012,70.0,61560.0,61560.0,120910.0,173830.0,220050.0,Commercial Pilots
19430,533011,30.0,30900.0,30970.0,35980.0,36440.0,44110.0,"Ambulance Drivers and Attendants, Except Emergency Medical Technicians"
19430,533099,140.0,22950.0,23450.0,27900.0,42690.0,64040.0,"Motor Vehicle Operators, All Other"
19430,536032,60.0,27060.0,34340.0,45720.0,87830.0,87830.0,Aircraft Service Attendants
19430,536051,30.0,57180.0,62230.0,89330.0,120220.0,136240.0,Transportation Inspectors
19430,537021,90.0,44410.0,52410.0,83040.0,102030.0,102030.0,Crane and Tower Operators
19430,172011,1400.0,82460.0,99070.0,129410.0,164040.0,182420.0,Aerospace Engineers
19430,519082,70.0,44660.0,45240.0,45240.0,45260.0,56900.0,Medical Appliance Technicians
19430,193093,30.0,58640.0,58640.0,58640.0,126920.0,141430.0,Historians
19430,194071,,33420.0,37080.0,37080.0,46630.0,48840.0,Forest and Conservation Technicians
19430,493092,50.0,36050.0,38840.0,57720.0,74690.0,75480.0,Recreational Vehicle Service Technicians
19430,512031,50.0,44420.0,60980.0,76480.0,76480.0,78480.0,Engine and Other Machine Assemblers
19430,514199,80.0,39960.0,44660.0,49120.0,49120.0,62400.0,"Metal Workers and Plastic Workers, All Other"
21060,000000,51540.0,27430.0,34260.0,46810.0,65660.0,97320.0,All Occupations
21060,110000,3280.0,45800.0,63480.0,98350.0,129960.0,169620.0,Management Occupations
21060,111011,40.0,71950.0,100780.0,158670.0,226610.0,385430.0,Chief Executives
21060,111021,1420.0,37510.0,50300.0,76770.0,120980.0,163560.0,General and Operations Managers
21060,112021,50.0,77920.0,92550.0,133220.0,157740.0,208400.0,Marketing Managers
21060,112022,120.0,62460.0,88410.0,121830.0,165230.0,211410.0,Sales Managers
21060,113012,50.0,48710.0,88610.0,110900.0,135110.0,158460.0,Administrative Services Managers
21060,113013,30.0,71820.0,86830.0,107740.0,121940.0,209000.0,Facilities Managers
21060,113021,130.0,93610.0,109080.0,125260.0,166330.0,186670.0,Computer and Information Systems Managers
21060,113031,160.0,91100.0,103330.0,125340.0,157540.0,204040.0,Financial Managers
21060,113051,200.0,72540.0,83660.0,102240.0,130210.0,163940.0,Industrial Production Managers
21060,113071,30.0,53850.0,62030.0,94820.0,136700.0,159990.0,"Transportation, Storage, and Distribution Managers"
21060,113121,80.0,40300.0,81960.0,105000.0,155250.0,190420.0,Human Resources Managers
21060,119021,60.0,50950.0,72190.0,92360.0,121610.0,159270.0,Construction Managers
21060,119032,130.0,80050.0,81640.0,101150.0,106710.0,107400.0,"Education Administrators, Kindergarten through Secondary"
21060,119041,40.0,112940.0,123790.0,138110.0,156240.0,191330.0,Architectural and Engineering Managers
21060,119051,50.0,58100.0,60340.0,71490.0,91550.0,120710.0,Food Service Managers
21060,119111,170.0,51640.0,78350.0,106330.0,123320.0,231230.0,Medical and Health Services Managers
21060,119141,90.0,37500.0,45800.0,47480.0,60180.0,106330.0,"Property, Real Estate, and Community Association Managers"
21060,119151,50.0,44460.0,49210.0,64690.0,86520.0,122930.0,Social and Community Service Managers
21060,119199,80.0,85810.0,119430.0,133470.0,153570.0,166000.0,"Managers, All Other"
21060,130000,3630.0,49230.0,62450.0,78560.0,99510.0,119430.0,Business and Financial Operations Occupations
21060,131020,220.0,41660.0,54080.0,73730.0,94190.0,115920.0,Buyers and Purchasing Agents
21060,131031,50.0,59080.0,71280.0,82200.0,93640.0,112260.0,"Claims Adjusters, Examiners, and Investigators"
21060,131041,120.0,40180.0,49330.0,63280.0,93640.0,110260.0,Compliance Officers
21060,131051,50.0,40560.0,48060.0,69300.0,100240.0,115290.0,Cost Estimators
21060,131071,1060.0,54710.0,67200.0,78850.0,100420.0,119430.0,Human Resources Specialists
21060,131081,170.0,58510.0,69240.0,88610.0,112260.0,134330.0,Logisticians
21060,131082,160.0,49530.0,61720.0,77260.0,95490.0,126880.0,Project Management Specialists
21060,131111,220.0,74880.0,86260.0,100420.0,115920.0,129960.0,Management Analysts
21060,131151,130.0,38830.0,49750.0,62120.0,78820.0,94860.0,Training and Development Specialists
21060,131161,130.0,40980.0,49230.0,64460.0,79960.0,98310.0,Market Research Analysts and Marketing Specialists
21060,131199,600.0,56300.0,69240.0,83780.0,103380.0,119430.0,"Business Operations Specialists, All Other"
21060,132011,250.0,49860.0,58480.0,74020.0,97690.0,120090.0,Accountants and Auditors
21060,132051,40.0,47260.0,64370.0,90260.0,94590.0,99520.0,Financial and Investment Analysts
21060,132072,130.0,34510.0,47820.0,64090.0,96940.0,121750.0,Loan Officers
21060,150000,1400.0,48420.0,67940.0,90360.0,112400.0,133470.0,Computer and Mathematical Occupations
21060,151211,90.0,57580.0,67940.0,79040.0,118120.0,136660.0,Computer Systems Analysts
21060,151231,40.0,53520.0,66560.0,72030.0,95940.0,100180.0,Computer Network Support Specialists
21060,151232,260.0,34650.0,43940.0,59140.0,69100.0,89110.0,Computer User Support Specialists
21060,151241,50.0,68000.0,75860.0,78920.0,116340.0,161570.0,Computer Network Architects
21060,151244,60.0,53750.0,63800.0,84240.0,99850.0,105260.0,Network and Computer Systems Administrators
21060,151252,180.0,60380.0,78630.0,95980.0,121150.0,139600.0,Software Developers
21060,151299,450.0,77000.0,90830.0,106330.0,119430.0,133470.0,"Computer Occupations, All Other"
21060,170000,1030.0,57460.0,72870.0,98880.0,120690.0,123210.0,Architecture and Engineering Occupations
21060,172051,50.0,,,,,,Civil Engineers
21060,172071,30.0,71470.0,75620.0,97970.0,110300.0,119770.0,Electrical Engineers
21060,172112,190.0,70580.0,76440.0,97550.0,116150.0,123520.0,Industrial Engineers
21060,172141,450.0,80350.0,85990.0,102590.0,120690.0,120690.0,Mechanical Engineers
21060,173026,50.0,33660.0,49310.0,57460.0,71360.0,75270.0,Industrial Engineering Technologists and Technicians
21060,190000,300.0,52530.0,64160.0,78850.0,97470.0,119200.0,"Life, Physical, and Social Science Occupations"
21060,195011,70.0,54790.0,73120.0,88610.0,103380.0,114460.0,Occupational Health and Safety Specialists
21060,210000,880.0,34110.0,42620.0,57630.0,73830.0,83300.0,Community and Social Service Occupations
21060,211012,100.0,42790.0,61110.0,82770.0,83300.0,106330.0,"Educational, Guidance, and Career Counselors and Advisors"
21060,211018,260.0,37070.0,45510.0,58720.0,76280.0,89590.0,"Substance Abuse, Behavioral Disorder, and Mental Health Counselors"
21060,211021,210.0,38820.0,46080.0,62130.0,73830.0,80660.0,"Child, Family, and School Social Workers"
21060,211022,30.0,43430.0,48030.0,61450.0,75060.0,77930.0,Healthcare Social Workers
21060,211023,40.0,33880.0,37090.0,42860.0,48390.0,60950.0,Mental Health and Substance Abuse Social Workers
21060,211093,130.0,29060.0,30850.0,34110.0,39320.0,47630.0,Social and Human Service Assistants
21060,230000,240.0,45420.0,57140.0,71870.0,108890.0,152920.0,Legal Occupations
21060,231011,120.0,59850.0,71350.0,97770.0,129140.0,161890.0,Lawyers
21060,232011,80.0,35620.0,46100.0,60540.0,72890.0,81330.0,Paralegals and Legal Assistants
21060,250000,3090.0,29100.0,30260.0,48650.0,62510.0,76030.0,Educational Instruction and Library Occupations
21060,252011,170.0,22960.0,27390.0,34290.0,47250.0,48290.0,"Preschool Teachers, Except Special Education"
21060,252021,470.0,46840.0,46840.0,61840.0,64940.0,73820.0,"Elementary School Teachers, Except Special Education"
21060,252031,320.0,48610.0,48610.0,61560.0,76030.0,76030.0,"Secondary School Teachers, Except Special and Career/Technical Education"
21060,252052,110.0,47010.0,47010.0,60910.0,62510.0,74030.0,"Special Education Teachers, Kindergarten and Elementary School"
21060,253021,40.0,22120.0,22120.0,26830.0,48740.0,59480.0,Self-Enrichment Teachers
21060,253099,220.0,44780.0,50000.0,50000.0,66420.0,90080.0,"Teachers and Instructors, All Other"
21060,254022,40.0,63950.0,63950.0,76920.0,77170.0,77170.0,Librarians and Media Collections Specialists
21060,259045,740.0,25300.0,29100.0,29100.0,29100.0,37030.0,"Teaching Assistants, Except Postsecondary"
21060,270000,310.0,29350.0,37190.0,57020.0,76510.0,98780.0,"Arts, Design, Entertainment, Sports, and Media Occupations"
21060,271024,40.0,30360.0,43590.0,48540.0,70300.0,96100.0,Graphic Designers
21060,271026,30.0,29350.0,36130.0,37190.0,63080.0,70800.0,Merchandise Displayers and Window Trimmers
21060,273031,90.0,46820.0,58960.0,67200.0,91560.0,106330.0,Public Relations Specialists
21060,290000,2550.0,37420.0,51060.0,77240.0,95150.0,132460.0,Healthcare Practitioners and Technical Occupations
21060,291051,100.0,102380.0,128000.0,132620.0,147840.0,160790.0,Pharmacists
21060,291122,40.0,65090.0,83730.0,95550.0,107440.0,127430.0,Occupational Therapists
21060,291123,80.0,58600.0,79250.0,104280.0,116080.0,126200.0,Physical Therapists
21060,291126,40.0,63780.0,64600.0,74040.0,74190.0,92360.0,Respiratory Therapists
21060,291127,50.0,63340.0,63340.0,79380.0,99210.0,108900.0,Speech-Language Pathologists
21060,291141,870.0,63530.0,77240.0,77930.0,92280.0,105250.0,Registered Nurses
21060,291171,90.0,99170.0,102030.0,115540.0,130640.0,156060.0,Nurse Practitioners
21060,291229,60.0,145430.0,233550.0,301500.0,471960.0,594650.0,"Physicians, All Other"
21060,291292,70.0,56680.0,56680.0,64620.0,76810.0,81700.0,Dental Hygienists
21060,292010,60.0,37720.0,37920.0,49520.0,76040.0,86760.0,Clinical Laboratory Technologists and Technicians
21060,292034,50.0,41690.0,62360.0,69240.0,73510.0,92860.0,Radiologic Technologists and Technicians
21060,292052,210.0,30150.0,35510.0,37150.0,45330.0,55430.0,Pharmacy Technicians
21060,292061,200.0,49710.0,53770.0,61080.0,64040.0,76440.0,Licensed Practical and Licensed Vocational Nurses
21060,292072,110.0,36960.0,43010.0,44480.0,60810.0,71280.0,Medical Records Specialists
21060,292081,30.0,31980.0,37260.0,45070.0,61210.0,63450.0,"Opticians, Dispensing"
21060,310000,1950.0,29270.0,34560.0,38290.0,44910.0,53070.0,Healthcare Support Occupations
21060,311120,830.0,27530.0,30800.0,35810.0,44740.0,46330.0,Home Health and Personal Care Aides
21060,311131,450.0,31230.0,35470.0,38030.0,43230.0,44910.0,Nursing Assistants
21060,312021,50.0,30210.0,51680.0,60560.0,74130.0,81990.0,Physical Therapist Assistants
21060,319091,140.0,36000.0,43990.0,46410.0,58690.0,83200.0,Dental Assistants
21060,319092,240.0,34490.0,36860.0,38530.0,43300.0,46020.0,Medical Assistants
21060,330000,1000.0,29220.0,34450.0,49440.0,59960.0,76800.0,Protective Service Occupations
21060,331012,80.0,64950.0,71360.0,76800.0,87190.0,107890.0,First-Line Supervisors of Police and Detectives
21060,332011,130.0,33390.0,33390.0,34030.0,56620.0,64940.0,Firefighters
21060,333051,340.0,44990.0,58350.0,59030.0,67560.0,80790.0,Police and Sheriff's Patrol Officers
21060,339032,140.0,26090.0,29470.0,34450.0,46090.0,50940.0,Security Guards
21060,350000,5080.0,20020.0,23020.0,28050.0,33700.0,41670.0,Food Preparation and Serving Related Occupations
21060,351012,530.0,29120.0,30360.0,35800.0,43610.0,55290.0,First-Line Supervisors of Food Preparation and Serving Workers
21060,352011,660.0,21290.0,21970.0,23870.0,26860.0,29700.0,"Cooks, Fast Food"
21060,352012,360.0,28230.0,30150.0,30260.0,34360.0,37730.0,"Cooks, Institution and Cafeteria"
21060,352014,370.0,23470.0,28050.0,30120.0,35720.0,37270.0,"Cooks, Restaurant"
21060,352021,490.0,21170.0,22700.0,23600.0,28890.0,35760.0,Food Preparation Workers
21060,353011,130.0,15080.0,16210.0,26620.0,47300.0,69130.0,Bartenders
21060,353023,1330.0,21680.0,23300.0,27260.0,29150.0,30680.0,Fast Food and Counter Workers
21060,353031,760.0,16150.0,18260.0,30270.0,47460.0,60300.0,Waiters and Waitresses
21060,359011,110.0,15410.0,19110.0,25720.0,28390.0,34640.0,Dining Room and Cafeteria Attendants and Bartender Helpers
21060,359021,110.0,20790.0,23790.0,27870.0,29860.0,34150.0,Dishwashers
21060,359031,140.0,17720.0,21550.0,25370.0,27570.0,30350.0,"Hosts and Hostesses, Restaurant, Lounge, and Coffee Shop"
21060,370000,1330.0,24460.0,28670.0,34540.0,39100.0,47450.0,Building and Grounds Cleaning and Maintenance Occupations
21060,371011,80.0,32240.0,37140.0,39720.0,47550.0,56290.0,First-Line Supervisors of Housekeeping and Janitorial Workers
21060,372011,600.0,27750.0,29920.0,34540.0,39100.0,47450.0,"Janitors and Cleaners, Except Maids and Housekeeping Cleaners"
21060,372012,380.0,22970.0,25610.0,28770.0,35070.0,36710.0,Maids and Housekeeping Cleaners
21060,373011,180.0,27750.0,31300.0,36140.0,42020.0,48340.0,Landscaping and Groundskeeping Workers
21060,390000,610.0,22190.0,24800.0,30350.0,39660.0,49980.0,Personal Care and Service Occupations
21060,392021,120.0,22760.0,27920.0,29730.0,38130.0,46720.0,Animal Caretakers
21060,395012,70.0,22280.0,27380.0,28390.0,41580.0,76790.0,"Hairdressers, Hairstylists, and Cosmetologists"
21060,399011,90.0,22090.0,23480.0,28940.0,31150.0,38840.0,Childcare Workers
21060,399031,60.0,23130.0,23130.0,38550.0,55890.0,58520.0,Exercise Trainers and Group Fitness Instructors
21060,399032,70.0,22240.0,32140.0,35460.0,41740.0,47150.0,Recreation Workers
21060,410000,4700.0,22520.0,27320.0,31700.0,45480.0,70280.0,Sales and Related Occupations
21060,411011,560.0,28500.0,30850.0,38850.0,55390.0,68010.0,First-Line Supervisors of Retail Sales Workers
21060,411012,50.0,47630.0,58040.0,61750.0,81730.0,118660.0,First-Line Supervisors of Non-Retail Sales Workers
21060,412011,1340.0,21970.0,23500.0,28270.0,30950.0,34610.0,Cashiers
21060,412021,60.0,28740.0,34110.0,41590.0,57550.0,65880.0,Counter and Rental Clerks
21060,412022,130.0,24720.0,28720.0,36120.0,49860.0,58250.0,Parts Salespersons
21060,412031,1570.0,22100.0,24520.0,28650.0,35200.0,43590.0,Retail Salespersons
21060,413021,150.0,30300.0,36440.0,48270.0,64930.0,101970.0,Insurance Sales Agents
21060,413031,90.0,38340.0,47350.0,48920.0,76990.0,97870.0,"Securities, Commodities, and Financial Services Sales Agents"
21060,413091,230.0,33410.0,40070.0,51360.0,78010.0,103860.0,"Sales Representatives of Services, Except Advertising, Insurance, Financial Services, and Travel"
21060,414011,70.0,52230.0,65270.0,78060.0,87670.0,147990.0,"Sales Representatives, Wholesale and Manufacturing, Technical and Scientific Products"
21060,414012,360.0,33790.0,46790.0,58540.0,83570.0,123010.0,"Sales Representatives, Wholesale and Manufacturing, Except Technical and Scientific Products"
21060,430000,6260.0,30110.0,35600.0,41320.0,51630.0,62210.0,Office and Administrative Support Occupations
21060,431011,370.0,37730.0,48420.0,59340.0,75020.0,90530.0,First-Line Supervisors of Office and Administrative Support Workers
21060,433021,110.0,34760.0,37730.0,39240.0,48330.0,52510.0,Billing and Posting Clerks
21060,433031,560.0,30480.0,36730.0,43830.0,53710.0,63420.0,"Bookkeeping, Accounting, and Auditing Clerks"
21060,433051,50.0,49940.0,51630.0,59390.0,63400.0,78560.0,Payroll and Timekeeping Clerks
21060,433071,200.0,29710.0,32130.0,37070.0,39870.0,45560.0,Tellers
21060,434031,80.0,34250.0,35980.0,38290.0,43830.0,48690.0,"Court, Municipal, and License Clerks"
21060,434051,1020.0,30470.0,36390.0,37480.0,47250.0,56840.0,Customer Service Representatives
21060,434081,130.0,21800.0,26680.0,28700.0,33090.0,37070.0,"Hotel, Motel, and Resort Desk Clerks"
21060,434131,140.0,37510.0,38480.0,46460.0,48310.0,59620.0,Loan Interviewers and Clerks
21060,434161,240.0,47940.0,51630.0,54950.0,60210.0,64940.0,"Human Resources Assistants, Except Payroll and Timekeeping"
21060,434171,250.0,24390.0,28900.0,33020.0,37630.0,44410.0,Receptionists and Information Clerks
21060,434199,90.0,38600.0,40520.0,49940.0,54950.0,63270.0,"Information and Record Clerks, All Other"
21060,435031,50.0,39520.0,41770.0,45570.0,48920.0,58390.0,Public Safety Telecommunicators
21060,435032,50.0,32270.0,40640.0,53290.0,64540.0,71530.0,"Dispatchers, Except Police, Fire, and Ambulance"
21060,435051,30.0,42600.0,56020.0,63640.0,69850.0,75030.0,Postal Service Clerks
21060,435052,140.0,42390.0,43120.0,57910.0,78460.0,83740.0,Postal Service Mail Carriers
21060,435061,210.0,40060.0,40060.0,49610.0,62230.0,77120.0,"Production, Planning, and Expediting Clerks"
21060,435071,520.0,31070.0,31070.0,40650.0,47740.0,54830.0,"Shipping, Receiving, and Inventory Clerks"
21060,436011,40.0,46010.0,53070.0,64320.0,76320.0,89060.0,Executive Secretaries and Executive Administrative Assistants
21060,436012,70.0,29230.0,30110.0,36230.0,44170.0,55570.0,Legal Secretaries and Administrative Assistants
21060,436013,520.0,29840.0,34740.0,36920.0,44610.0,49830.0,Medical Secretaries and Administrative Assistants
21060,436014,470.0,31000.0,36750.0,42340.0,49890.0,57200.0,"Secretaries and Administrative Assistants, Except Legal, Medical, and Executive"
21060,439061,650.0,26520.0,31410.0,36970.0,46090.0,55820.0,"Office Clerks, General"
21060,470000,1610.0,35660.0,39040.0,48420.0,60900.0,78530.0,Construction and Extraction Occupations
21060,471011,150.0,43610.0,53230.0,63730.0,78090.0,98380.0,First-Line Supervisors of Construction Trades and Extraction Workers
21060,472031,190.0,35500.0,43750.0,49070.0,60740.0,69250.0,Carpenters
21060,472061,220.0,30820.0,35940.0,38740.0,46220.0,53260.0,Construction Laborers
21060,472073,110.0,43080.0,47300.0,50960.0,59220.0,79870.0,Operating Engineers and Other Construction Equipment Operators
21060,472111,300.0,37600.0,45480.0,54460.0,60940.0,72340.0,Electricians
21060,472152,180.0,41500.0,47040.0,59250.0,78930.0,93340.0,"Plumbers, Pipefitters, and Steamfitters"
21060,474011,40.0,47470.0,65050.0,77580.0,86260.0,97070.0,Construction and Building Inspectors
21060,474051,100.0,37280.0,37350.0,42490.0,45340.0,51650.0,Highway Maintenance Workers
21060,490000,2650.0,33800.0,41360.0,56160.0,69840.0,83140.0,"Installation, Maintenance, and Repair Occupations"
21060,491011,320.0,51510.0,65770.0,83140.0,92330.0,129990.0,"First-Line Supervisors of Mechanics, Installers, and Repairers"
21060,493021,50.0,29000.0,36180.0,49880.0,55100.0,100510.0,Automotive Body and Related Repairers
21060,493023,350.0,30790.0,35750.0,41630.0,53920.0,73010.0,Automotive Service Technicians and Mechanics
21060,493031,130.0,37960.0,47470.0,53290.0,56610.0,62780.0,Bus and Truck Mechanics and Diesel Engine Specialists
21060,493042,50.0,49020.0,51870.0,60780.0,71610.0,74460.0,"Mobile Heavy Equipment Mechanics, Except Engines"
21060,493093,50.0,27040.0,28420.0,35570.0,38500.0,43320.0,Tire Repairers and Changers
21060,499012,30.0,37580.0,46460.0,47640.0,56400.0,63440.0,"Control and Valve Installers and Repairers, Except Mechanical Door"
21060,499021,160.0,34190.0,44710.0,55740.0,61150.0,78450.0,"Heating, Air Conditioning, and Refrigeration Mechanics and Installers"
21060,499041,230.0,44090.0,48300.0,62450.0,72810.0,78500.0,Industrial Machinery Mechanics
21060,499052,50.0,41330.0,46330.0,64710.0,78850.0,78850.0,Telecommunications Line Installers and Repairers
21060,499071,640.0,28770.0,36680.0,45300.0,58050.0,69840.0,"Maintenance and Repair Workers, General"
21060,510000,5880.0,35070.0,40440.0,49540.0,59900.0,67510.0,Production Occupations
21060,511011,380.0,45100.0,58190.0,71620.0,82190.0,95300.0,First-Line Supervisors of Production and Operating Workers
21060,512090,2140.0,35920.0,46140.0,50510.0,58430.0,60280.0,Miscellaneous Assemblers and Fabricators
21060,513021,40.0,23880.0,31670.0,38180.0,48370.0,51920.0,Butchers and Meat Cutters
21060,514041,70.0,38020.0,42950.0,57480.0,63970.0,66330.0,Machinists
21060,514121,660.0,48960.0,51470.0,59900.0,65180.0,71100.0,"Welders, Cutters, Solderers, and Brazers"
21060,516011,70.0,23480.0,26670.0,27610.0,30000.0,33330.0,Laundry and Dry-Cleaning Workers
21060,518031,60.0,34690.0,39890.0,51720.0,69220.0,74560.0,Water and Wastewater Treatment Plant and System Operators
21060,519032,90.0,40000.0,47700.0,48030.0,56330.0,56330.0,"Cutting and Slicing Machine Setters, Operators, and Tenders"
21060,519061,290.0,33810.0,37650.0,41910.0,48930.0,59330.0,"Inspectors, Testers, Sorters, Samplers, and Weighers"
21060,519111,30.0,32680.0,36010.0,38950.0,47160.0,51090.0,Packaging and Filling Machine Operators and Tenders
21060,519161,120.0,38340.0,38340.0,45900.0,59440.0,70620.0,Computer Numerically Controlled Tool Operators
21060,530000,3730.0,28400.0,31240.0,37540.0,48070.0,57080.0,Transportation and Material Moving Occupations
21060,531047,140.0,35660.0,45400.0,54990.0,69680.0,88560.0,"First-Line Supervisors of Transportation and Material Moving Workers, Except Aircraft Cargo Handling"
21060,533031,160.0,20800.0,20800.0,31210.0,44340.0,50230.0,Driver/Sales Workers
21060,533032,560.0,37210.0,47250.0,50680.0,59000.0,73270.0,Heavy and Tractor-Trailer Truck Drivers
21060,533033,340.0,26280.0,31100.0,42790.0,44200.0,46760.0,Light Truck Drivers
21060,533051,270.0,38300.0,41450.0,48110.0,48110.0,59640.0,"Bus Drivers, School"
21060,533053,60.0,21800.0,29180.0,31270.0,33630.0,38060.0,Shuttle Drivers and Chauffeurs
21060,536031,30.0,29920.0,30970.0,32960.0,35770.0,36680.0,Automotive and Watercraft Service Attendants
21060,537051,170.0,35930.0,38010.0,48100.0,53800.0,57480.0,Industrial Truck and Tractor Operators
21060,537061,160.0,26380.0,26980.0,29130.0,35000.0,37210.0,Cleaners of Vehicles and Equipment
21060,537062,700.0,28400.0,30880.0,36780.0,44340.0,48930.0,"Laborers and Freight, Stock, and Material Movers, Hand"
21060,537064,60.0,26390.0,29760.0,34690.0,38680.0,43110.0,"Packers and Packagers, Hand"
21060,537065,910.0,29520.0,30120.0,33820.0,35900.0,44510.0,Stockers and Order Fillers
21060,173022,40.0,44420.0,56330.0,65660.0,72230.0,72230.0,Civil Engineering Technologists and Technicians
21060,252022,240.0,48870.0,48870.0,61220.0,63040.0,75610.0,"Middle School Teachers, Except Special and Career/Technical Education"
21060,252057,50.0,47230.0,47230.0,61460.0,63500.0,75970.0,"Special Education Teachers, Middle School"
21060,252058,100.0,47960.0,47960.0,62110.0,66150.0,78960.0,"Special Education Teachers, Secondary School"
21060,259031,80.0,43850.0,53470.0,76250.0,96140.0,112260.0,Instructional Coordinators
21060,259099,130.0,23960.0,28440.0,43330.0,54450.0,66520.0,"Educational Instruction and Library Workers, All Other"
21060,319097,30.0,36910.0,36910.0,37480.0,44790.0,46480.0,Phlebotomists
21060,433061,40.0,49940.0,51630.0,54950.0,58430.0,63270.0,Procurement Clerks
21060,499043,70.0,51280.0,65580.0,65660.0,65660.0,65660.0,"Maintenance Workers, Machinery"
21060,499098,30.0,29990.0,33170.0,35070.0,44180.0,49960.0,"Helpers--Installation, Maintenance, and Repair Workers"
21060,499099,60.0,43380.0,57240.0,63170.0,69120.0,75000.0,"Installation, Maintenance, and Repair Workers, All Other"
21060,516031,100.0,18750.0,23430.0,26260.0,26260.0,47290.0,Sewing Machine Operators
21060,519011,240.0,44120.0,47250.0,67510.0,67510.0,79670.0,Chemical Equipment Operators and Tenders
21060,519124,90.0,29630.0,38740.0,59800.0,59800.0,107840.0,"Coating, Painting, and Spraying Machine Setters, Operators, and Tenders"
21060,519198,80.0,32240.0,35830.0,37320.0,43140.0,54730.0,Helpers--Production Workers
21060,536021,30.0,24370.0,28590.0,32480.0,33340.0,35190.0,Parking Attendants
21060,537081,50.0,33350.0,35100.0,47700.0,47950.0,54260.0,Refuse and Recyclable Material Collectors
21060,132099,70.0,61110.0,67200.0,81330.0,100420.0,115920.0,"Financial Specialists, All Other"
21060,151212,40.0,75850.0,77790.0,94560.0,117380.0,148780.0,Information Security Analysts
21060,151253,40.0,44250.0,44250.0,65710.0,87690.0,96410.0,Software Quality Assurance Analysts and Testers
21060,211029,40.0,52180.0,57410.0,100420.0,109300.0,115250.0,"Social Workers, All Other"
21060,252032,40.0,50690.0,63820.0,65420.0,76470.0,76470.0,"Career/Technical Education Teachers, Secondary School"
21060,319099,40.0,36300.0,45760.0,52420.0,58430.0,71280.0,"Healthcare Support Workers, All Other"
21060,331021,40.0,37960.0,39800.0,45260.0,73320.0,83780.0,First-Line Supervisors of Firefighting and Prevention Workers
21060,372021,30.0,39150.0,39150.0,39150.0,39150.0,49080.0,Pest Control Workers
21060,493011,60.0,45850.0,79330.0,85700.0,92410.0,99550.0,Aircraft Mechanics and Service Technicians
21060,132031,80.0,67200.0,76400.0,91560.0,108890.0,117120.0,Budget Analysts
21060,173013,50.0,63250.0,63250.0,67660.0,80990.0,104300.0,Mechanical Drafters
21780,000000,135250.0,28120.0,35450.0,46540.0,68150.0,98440.0,All Occupations
21780,110000,6620.0,57710.0,78090.0,105220.0,156340.0,208310.0,Management Occupations
21780,111011,40.0,95350.0,134930.0,339330.0,391380.0,665770.0,Chief Executives
21780,111021,1950.0,52640.0,72280.0,102580.0,159770.0,228830.0,General and Operations Managers
21780,112021,130.0,78430.0,100000.0,127800.0,167630.0,216870.0,Marketing Managers
21780,112022,390.0,60440.0,83930.0,125360.0,175790.0,220090.0,Sales Managers
21780,113012,210.0,67710.0,87270.0,108900.0,159760.0,206660.0,Administrative Services Managers
21780,113013,190.0,60140.0,83270.0,106720.0,151330.0,196620.0,Facilities Managers
21780,113021,280.0,86540.0,109090.0,140260.0,166830.0,209300.0,Computer and Information Systems Managers
21780,113031,520.0,78470.0,100340.0,128650.0,172960.0,224510.0,Financial Managers
21780,113051,320.0,75800.0,99050.0,121610.0,152720.0,189990.0,Industrial Production Managers
21780,113071,140.0,71990.0,88480.0,107150.0,136910.0,162540.0,"Transportation, Storage, and Distribution Managers"
21780,113121,110.0,88180.0,104820.0,125180.0,166200.0,208780.0,Human Resources Managers
21780,119021,270.0,63910.0,87890.0,106020.0,130360.0,168920.0,Construction Managers
21780,119032,260.0,60230.0,77350.0,102460.0,122100.0,132950.0,"Education Administrators, Kindergarten through Secondary"
21780,119041,240.0,116810.0,133520.0,163540.0,198580.0,213370.0,Architectural and Engineering Managers
21780,119051,170.0,49670.0,59210.0,73240.0,82340.0,95810.0,Food Service Managers
21780,119111,540.0,70490.0,84020.0,102580.0,133260.0,181310.0,Medical and Health Services Managers
21780,119121,70.0,56530.0,103320.0,152320.0,189750.0,203340.0,Natural Sciences Managers
21780,119141,160.0,37820.0,46780.0,59410.0,73930.0,99060.0,"Property, Real Estate, and Community Association Managers"
21780,119151,140.0,47020.0,53870.0,63000.0,81100.0,107000.0,Social and Community Service Managers
21780,119199,100.0,46020.0,52840.0,99650.0,149180.0,173920.0,"Managers, All Other"
21780,130000,6130.0,43740.0,54480.0,72440.0,95980.0,122340.0,Business and Financial Operations Occupations
21780,131020,410.0,44770.0,55100.0,69900.0,84990.0,103010.0,Buyers and Purchasing Agents
21780,131031,70.0,40880.0,58500.0,73560.0,93640.0,99450.0,"Claims Adjusters, Examiners, and Investigators"
21780,131041,190.0,42270.0,45780.0,61280.0,81790.0,115210.0,Compliance Officers
21780,131051,240.0,51310.0,60150.0,77290.0,94860.0,114040.0,Cost Estimators
21780,131071,660.0,41190.0,49810.0,63520.0,79700.0,101640.0,Human Resources Specialists
21780,131081,190.0,49090.0,56050.0,65610.0,82860.0,98880.0,Logisticians
21780,131082,480.0,51490.0,70510.0,89990.0,120540.0,138770.0,Project Management Specialists
21780,131111,340.0,53460.0,65850.0,82140.0,111100.0,137760.0,Management Analysts
21780,131121,90.0,31170.0,32030.0,46500.0,55920.0,74260.0,"Meeting, Convention, and Event Planners"
21780,131131,70.0,44030.0,50380.0,63790.0,74940.0,81210.0,Fundraisers
21780,131141,60.0,37630.0,58260.0,63340.0,77630.0,96040.0,"Compensation, Benefits, and Job Analysis Specialists"
21780,131151,340.0,37770.0,49440.0,73030.0,97030.0,116240.0,Training and Development Specialists
21780,131161,580.0,37980.0,46460.0,59770.0,79330.0,102230.0,Market Research Analysts and Marketing Specialists
21780,131199,150.0,39270.0,50290.0,67200.0,86650.0,108650.0,"Business Operations Specialists, All Other"
21780,132011,1050.0,52680.0,62600.0,77440.0,99850.0,128610.0,Accountants and Auditors
21780,132020,60.0,34530.0,44600.0,48250.0,65640.0,91330.0,Property Appraisers and Assessors
21780,132051,190.0,58430.0,76130.0,88350.0,97440.0,119660.0,Financial and Investment Analysts
21780,132052,210.0,43400.0,46100.0,79160.0,152760.0,229690.0,Personal Financial Advisors
21780,132072,240.0,45030.0,50380.0,63560.0,96620.0,133490.0,Loan Officers
21780,150000,2100.0,47120.0,60210.0,79520.0,105660.0,134720.0,Computer and Mathematical Occupations
21780,151211,320.0,62240.0,79030.0,97690.0,129680.0,158530.0,Computer Systems Analysts
21780,151231,300.0,45790.0,48310.0,66910.0,95120.0,111980.0,Computer Network Support Specialists
21780,151232,430.0,38010.0,46660.0,54330.0,63150.0,78190.0,Computer User Support Specialists
21780,151241,80.0,72620.0,76150.0,109370.0,130690.0,152890.0,Computer Network Architects
21780,151242,30.0,47460.0,75920.0,96800.0,126610.0,128140.0,Database Administrators
21780,151244,130.0,60270.0,75180.0,89690.0,106450.0,123220.0,Network and Computer Systems Administrators
21780,151251,30.0,79380.0,89470.0,97630.0,124970.0,124970.0,Computer Programmers
21780,151252,290.0,64820.0,78810.0,98560.0,125370.0,151290.0,Software Developers
21780,151299,40.0,55010.0,60740.0,78580.0,100760.0,122630.0,"Computer Occupations, All Other"
21780,152051,140.0,59480.0,76220.0,83140.0,124440.0,135730.0,Data Scientists
21780,170000,2070.0,50560.0,64240.0,81850.0,105860.0,132270.0,Architecture and Engineering Occupations
21780,171011,80.0,51360.0,68480.0,83000.0,120910.0,212470.0,"Architects, Except Landscape and Naval"
21780,172051,180.0,64940.0,73440.0,87900.0,109670.0,131900.0,Civil Engineers
21780,172071,230.0,76500.0,83200.0,102880.0,130530.0,144340.0,Electrical Engineers
21780,172112,390.0,65380.0,79510.0,102980.0,121100.0,134040.0,Industrial Engineers
21780,172141,220.0,65370.0,79340.0,95220.0,116570.0,148490.0,Mechanical Engineers
21780,173011,100.0,40630.0,50150.0,59890.0,72590.0,89600.0,Architectural and Civil Drafters
21780,173026,110.0,37890.0,47800.0,78760.0,78790.0,78790.0,Industrial Engineering Technologists and Technicians
21780,173031,140.0,41160.0,45180.0,45900.0,62020.0,63970.0,Surveying and Mapping Technicians
21780,190000,1100.0,44210.0,59210.0,79440.0,104730.0,127420.0,"Life, Physical, and Social Science Occupations"
21780,191042,50.0,62570.0,66740.0,78090.0,126340.0,135780.0,"Medical Scientists, Except Epidemiologists"
21780,192031,140.0,59980.0,75740.0,95210.0,137230.0,174980.0,Chemists
21780,192041,60.0,46470.0,52530.0,64700.0,78090.0,108950.0,"Environmental Scientists and Specialists, Including Health"
21780,193033,80.0,48510.0,79010.0,94850.0,94850.0,114840.0,Clinical and Counseling Psychologists
21780,194031,220.0,38730.0,51220.0,85230.0,104730.0,105850.0,Chemical Technicians
21780,195011,200.0,58430.0,74070.0,91050.0,111250.0,129000.0,Occupational Health and Safety Specialists
21780,195012,60.0,39790.0,51720.0,61230.0,106810.0,107940.0,Occupational Health and Safety Technicians
21780,210000,2330.0,33430.0,38940.0,47310.0,59760.0,76480.0,Community and Social Service Occupations
21780,211012,230.0,35930.0,45360.0,52740.0,76360.0,79410.0,"Educational, Guidance, and Career Counselors and Advisors"
21780,211015,70.0,29830.0,35530.0,46140.0,56650.0,72800.0,Rehabilitation Counselors
21780,211018,470.0,35370.0,40160.0,48490.0,68970.0,77610.0,"Substance Abuse, Behavioral Disorder, and Mental Health Counselors"
21780,211021,330.0,38440.0,46110.0,48730.0,56500.0,62420.0,"Child, Family, and School Social Workers"
21780,211022,170.0,40990.0,47930.0,61560.0,74160.0,83320.0,Healthcare Social Workers
21780,211023,140.0,36290.0,39120.0,44000.0,58970.0,73690.0,Mental Health and Substance Abuse Social Workers
21780,211091,70.0,26000.0,26000.0,39150.0,49080.0,60380.0,Health Education Specialists
21780,211092,70.0,46100.0,51670.0,59430.0,69180.0,76480.0,Probation Officers and Correctional Treatment Specialists
21780,211093,560.0,30620.0,34600.0,39840.0,47460.0,57430.0,Social and Human Service Assistants
21780,230000,740.0,44090.0,50200.0,79100.0,127160.0,199600.0,Legal Occupations
21780,231011,370.0,64660.0,83860.0,107050.0,166230.0,288900.0,Lawyers
21780,232011,280.0,40650.0,44100.0,51110.0,60710.0,77090.0,Paralegals and Legal Assistants
21780,250000,6420.0,27690.0,37290.0,48340.0,63990.0,81760.0,Educational Instruction and Library Occupations
21780,251011,80.0,58070.0,62840.0,102740.0,126400.0,166560.0,"Business Teachers, Postsecondary"
21780,251071,110.0,63390.0,78680.0,99510.0,128760.0,152970.0,"Health Specialties Teachers, Postsecondary"
21780,251194,100.0,44670.0,51310.0,81220.0,81760.0,92950.0,"Career/Technical Education Teachers, Postsecondary"
21780,251199,60.0,38630.0,57100.0,79470.0,80050.0,100480.0,"Postsecondary Teachers, All Other"
21780,252011,240.0,28970.0,30250.0,35280.0,44610.0,46740.0,"Preschool Teachers, Except Special Education"
21780,252021,1110.0,47430.0,47430.0,49120.0,60410.0,75820.0,"Elementary School Teachers, Except Special Education"
21780,252031,760.0,48340.0,48340.0,59850.0,76130.0,79530.0,"Secondary School Teachers, Except Special and Career/Technical Education"
21780,252052,150.0,47190.0,47650.0,51120.0,63330.0,77770.0,"Special Education Teachers, Kindergarten and Elementary School"
21780,253021,210.0,23870.0,29270.0,37080.0,39800.0,48080.0,Self-Enrichment Teachers
21780,253031,270.0,24160.0,30170.0,36950.0,39670.0,60050.0,"Substitute Teachers, Short-Term"
21780,254022,110.0,28890.0,44060.0,57930.0,61240.0,77800.0,Librarians and Media Collections Specialists
21780,254031,120.0,28000.0,33780.0,35250.0,45960.0,48460.0,Library Technicians
21780,259045,1010.0,23180.0,26320.0,29400.0,37290.0,44310.0,"Teaching Assistants, Except Postsecondary"
21780,270000,1270.0,29370.0,36960.0,47430.0,67530.0,93450.0,"Arts, Design, Entertainment, Sports, and Media Occupations"
21780,271024,110.0,37690.0,44560.0,51450.0,62350.0,76560.0,Graphic Designers
21780,271026,120.0,31540.0,34560.0,37330.0,49990.0,71340.0,Merchandise Displayers and Window Trimmers
21780,272012,90.0,37030.0,46130.0,59010.0,76640.0,106320.0,Producers and Directors
21780,272022,230.0,22400.0,29370.0,41470.0,57350.0,100930.0,Coaches and Scouts
21780,273011,30.0,22350.0,34920.0,45490.0,61760.0,92720.0,Broadcast Announcers and Radio Disc Jockeys
21780,273031,120.0,39380.0,47080.0,63170.0,92370.0,104630.0,Public Relations Specialists
21780,273092,40.0,48990.0,50560.0,59740.0,59740.0,75220.0,Court Reporters and Simultaneous Captioners
21780,274011,40.0,21580.0,36250.0,45860.0,49640.0,58940.0,Audio and Video Technicians
21780,290000,10750.0,39180.0,60050.0,80780.0,101670.0,143650.0,Healthcare Practitioners and Technical Occupations
21780,291021,70.0,93340.0,142790.0,225620.0,300740.0,366420.0,"Dentists, General"
21780,291031,60.0,41050.0,53910.0,65850.0,72160.0,77980.0,Dietitians and Nutritionists
21780,291051,360.0,126420.0,139420.0,143650.0,154070.0,172720.0,Pharmacists
21780,291071,120.0,105820.0,109690.0,123410.0,153550.0,171560.0,Physician Assistants
21780,291122,280.0,69190.0,77790.0,89850.0,99550.0,112880.0,Occupational Therapists
21780,291123,340.0,74370.0,78930.0,96820.0,104000.0,120740.0,Physical Therapists
21780,291126,170.0,67630.0,73410.0,78990.0,87970.0,92430.0,Respiratory Therapists
21780,291127,210.0,60990.0,78780.0,85220.0,100580.0,116800.0,Speech-Language Pathologists
21780,291131,50.0,61520.0,103360.0,124590.0,158250.0,196320.0,Veterinarians
21780,291141,3890.0,66340.0,80130.0,83820.0,101670.0,112890.0,Registered Nurses
21780,291171,320.0,94370.0,106970.0,123450.0,131610.0,145750.0,Nurse Practitioners
21780,291229,220.0,161460.0,271590.0,342470.0,356620.0,435770.0,"Physicians, All Other"
21780,291292,200.0,63670.0,80020.0,82800.0,91820.0,95370.0,Dental Hygienists
21780,292010,440.0,38510.0,46340.0,63040.0,82110.0,82470.0,Clinical Laboratory Technologists and Technicians
21780,292032,80.0,63470.0,79830.0,85220.0,102900.0,120030.0,Diagnostic Medical Sonographers
21780,292034,310.0,49380.0,61290.0,70830.0,80910.0,101150.0,Radiologic Technologists and Technicians
21780,292035,60.0,70860.0,76330.0,81450.0,99860.0,103800.0,Magnetic Resonance Imaging Technologists
21780,292042,120.0,35030.0,35030.0,37440.0,45400.0,49680.0,Emergency Medical Technicians
21780,292052,500.0,36370.0,37440.0,44830.0,47770.0,49760.0,Pharmacy Technicians
21780,292053,330.0,35370.0,36570.0,38170.0,44440.0,46450.0,Psychiatric Technicians
21780,292055,180.0,54200.0,62500.0,64220.0,77620.0,80870.0,Surgical Technologists
21780,292056,70.0,33640.0,39170.0,48220.0,50500.0,58630.0,Veterinary Technologists and Technicians
21780,292061,680.0,50550.0,60510.0,64700.0,71870.0,75180.0,Licensed Practical and Licensed Vocational Nurses
21780,292072,420.0,38890.0,38990.0,49070.0,55750.0,63010.0,Medical Records Specialists
21780,292081,120.0,31050.0,36460.0,37790.0,40500.0,49270.0,"Opticians, Dispensing"
21780,292099,80.0,36560.0,39400.0,47160.0,68360.0,87080.0,"Health Technologists and Technicians, All Other"
21780,310000,6980.0,30830.0,35520.0,38030.0,44650.0,48010.0,Healthcare Support Occupations
21780,311120,2480.0,29500.0,31440.0,35610.0,39520.0,43130.0,Home Health and Personal Care Aides
21780,311131,2030.0,35860.0,36940.0,37180.0,41170.0,45900.0,Nursing Assistants
21780,311133,160.0,38810.0,46080.0,46080.0,46080.0,53850.0,Psychiatric Aides
21780,312021,150.0,47950.0,56150.0,61860.0,72960.0,76960.0,Physical Therapist Assistants
21780,319011,60.0,46660.0,49850.0,52560.0,64220.0,83200.0,Massage Therapists
21780,319091,300.0,34350.0,45270.0,48000.0,51740.0,56810.0,Dental Assistants
21780,319092,890.0,36150.0,38330.0,43980.0,46440.0,48520.0,Medical Assistants
21780,319093,90.0,35770.0,35770.0,46650.0,47320.0,54870.0,Medical Equipment Preparers
21780,319096,90.0,29150.0,29800.0,35570.0,37070.0,43660.0,Veterinary Assistants and Laboratory Animal Caretakers
21780,330000,2300.0,28500.0,34360.0,56330.0,72920.0,80810.0,Protective Service Occupations
21780,331012,50.0,59530.0,73730.0,88870.0,117990.0,123770.0,First-Line Supervisors of Police and Detectives
21780,331091,50.0,36720.0,44330.0,65000.0,78880.0,90970.0,First-Line Supervisors of Security Workers
21780,332011,330.0,41600.0,66840.0,66840.0,79110.0,79110.0,Firefighters
21780,333012,120.0,43570.0,46980.0,56330.0,56330.0,56330.0,Correctional Officers and Jailers
21780,333051,510.0,58580.0,65560.0,72800.0,80810.0,96840.0,Police and Sheriff's Patrol Officers
21780,339032,590.0,29020.0,30880.0,34010.0,44860.0,60250.0,Security Guards
21780,350000,12710.0,21070.0,23690.0,28930.0,35140.0,43590.0,Food Preparation and Serving Related Occupations
21780,351011,90.0,31000.0,37740.0,46480.0,58900.0,76240.0,Chefs and Head Cooks
21780,351012,1080.0,29700.0,36660.0,45050.0,55170.0,62430.0,First-Line Supervisors of Food Preparation and Serving Workers
21780,352012,520.0,29750.0,30070.0,35180.0,36550.0,39830.0,"Cooks, Institution and Cafeteria"
21780,352014,1330.0,26130.0,28670.0,34290.0,36380.0,40060.0,"Cooks, Restaurant"
21780,352021,860.0,23370.0,25910.0,28440.0,35260.0,36450.0,Food Preparation Workers
21780,353011,590.0,16550.0,18920.0,22360.0,29960.0,41100.0,Bartenders
21780,353023,4470.0,21530.0,23360.0,27930.0,31090.0,34850.0,Fast Food and Counter Workers
21780,353031,2070.0,17440.0,20540.0,28550.0,36530.0,47640.0,Waiters and Waitresses
21780,359011,400.0,18720.0,21900.0,27270.0,29720.0,34650.0,Dining Room and Cafeteria Attendants and Bartender Helpers
21780,359021,300.0,21810.0,22980.0,28460.0,33660.0,36230.0,Dishwashers
21780,359031,460.0,21040.0,23180.0,26520.0,29020.0,35800.0,"Hosts and Hostesses, Restaurant, Lounge, and Coffee Shop"
21780,370000,3910.0,27580.0,29760.0,36230.0,43250.0,48050.0,Building and Grounds Cleaning and Maintenance Occupations
21780,371011,130.0,37830.0,42760.0,49610.0,60650.0,77050.0,First-Line Supervisors of Housekeeping and Janitorial Workers
21780,371012,70.0,37240.0,47670.0,61780.0,65510.0,75960.0,"First-Line Supervisors of Landscaping, Lawn Service, and Groundskeeping Workers"
21780,372011,2150.0,28030.0,29780.0,35920.0,40250.0,47500.0,"Janitors and Cleaners, Except Maids and Housekeeping Cleaners"
21780,372012,520.0,27520.0,28480.0,30580.0,34860.0,37380.0,Maids and Housekeeping Cleaners
21780,373011,770.0,23390.0,28790.0,36700.0,45450.0,48080.0,Landscaping and Groundskeeping Workers
21780,390000,3040.0,22320.0,26170.0,29880.0,42870.0,58510.0,Personal Care and Service Occupations
21780,391014,70.0,29700.0,36450.0,43990.0,51730.0,61650.0,"First-Line Supervisors of Entertainment and Recreation Workers, Except Gambling Services"
21780,391022,80.0,37420.0,39270.0,47060.0,61480.0,83020.0,First-Line Supervisors of Personal Service Workers
21780,392021,340.0,22940.0,25550.0,29390.0,35870.0,48150.0,Animal Caretakers
21780,393091,380.0,20890.0,22340.0,26730.0,28100.0,33510.0,Amusement and Recreation Attendants
21780,395012,270.0,23240.0,26880.0,29700.0,38670.0,49530.0,"Hairdressers, Hairstylists, and Cosmetologists"
21780,399011,400.0,22670.0,27800.0,29880.0,36260.0,44600.0,Childcare Workers
21780,399031,420.0,22040.0,28320.0,35740.0,47770.0,50230.0,Exercise Trainers and Group Fitness Instructors
21780,399032,400.0,22310.0,23000.0,29300.0,32400.0,41400.0,Recreation Workers
21780,399041,80.0,20930.0,22060.0,30310.0,39220.0,46550.0,Residential Advisors
21780,410000,11920.0,23410.0,28230.0,35080.0,49230.0,78250.0,Sales and Related Occupations
21780,411011,950.0,30060.0,35770.0,46870.0,57340.0,68050.0,First-Line Supervisors of Retail Sales Workers
21780,411012,150.0,47670.0,66450.0,83110.0,116320.0,142230.0,First-Line Supervisors of Non-Retail Sales Workers
21780,412011,2660.0,22380.0,26490.0,28870.0,32520.0,35530.0,Cashiers
21780,412021,320.0,24030.0,28210.0,36050.0,46500.0,55580.0,Counter and Rental Clerks
21780,412022,320.0,27810.0,29180.0,37310.0,48790.0,62010.0,Parts Salespersons
21780,412031,4370.0,22880.0,26910.0,30130.0,36390.0,45970.0,Retail Salespersons
21780,413011,70.0,24450.0,37440.0,50190.0,67920.0,79720.0,Advertising Sales Agents
21780,413021,420.0,35440.0,37630.0,48800.0,66120.0,100510.0,Insurance Sales Agents
21780,413031,200.0,45730.0,48050.0,60480.0,99800.0,148830.0,"Securities, Commodities, and Financial Services Sales Agents"
21780,413091,820.0,35300.0,45120.0,62270.0,82320.0,115680.0,"Sales Representatives of Services, Except Advertising, Insurance, Financial Services, and Travel"
21780,414011,70.0,54350.0,69140.0,100900.0,133980.0,164520.0,"Sales Representatives, Wholesale and Manufacturing, Technical and Scientific Products"
21780,414012,1290.0,36580.0,47870.0,63860.0,96150.0,133500.0,"Sales Representatives, Wholesale and Manufacturing, Except Technical and Scientific Products"
21780,419022,80.0,26880.0,36420.0,41550.0,59840.0,115800.0,Real Estate Sales Agents
21780,430000,15180.0,30140.0,36470.0,43740.0,52750.0,65520.0,Office and Administrative Support Occupations
21780,431011,820.0,45390.0,54300.0,64000.0,81640.0,97350.0,First-Line Supervisors of Office and Administrative Support Workers
21780,433011,110.0,34220.0,40020.0,42380.0,49090.0,58530.0,Bill and Account Collectors
21780,433021,490.0,38820.0,39090.0,44240.0,46700.0,54880.0,Billing and Posting Clerks
21780,433031,1320.0,33190.0,39240.0,46680.0,58120.0,67710.0,"Bookkeeping, Accounting, and Auditing Clerks"
21780,433051,140.0,38710.0,40840.0,48220.0,61590.0,76890.0,Payroll and Timekeeping Clerks
21780,433071,440.0,34150.0,35860.0,37500.0,43180.0,45630.0,Tellers
21780,434031,120.0,36480.0,38570.0,44530.0,49790.0,56700.0,"Court, Municipal, and License Clerks"
21780,434051,2010.0,30470.0,34990.0,39410.0,47780.0,60170.0,Customer Service Representatives
21780,434061,90.0,37490.0,38770.0,42310.0,45850.0,57490.0,"Eligibility Interviewers, Government Programs"
21780,434071,70.0,33530.0,37280.0,38600.0,48550.0,53640.0,File Clerks
21780,434081,190.0,28480.0,28910.0,30620.0,35570.0,36500.0,"Hotel, Motel, and Resort Desk Clerks"
21780,434111,290.0,35960.0,36190.0,36810.0,37040.0,45980.0,"Interviewers, Except Eligibility and Loan"
21780,434121,130.0,20650.0,20650.0,24160.0,32380.0,36600.0,"Library Assistants, Clerical"
21780,434131,150.0,38820.0,39880.0,45190.0,47490.0,57580.0,Loan Interviewers and Clerks
21780,434161,60.0,29340.0,36770.0,44260.0,47630.0,52940.0,"Human Resources Assistants, Except Payroll and Timekeeping"
21780,434171,970.0,24080.0,29100.0,33860.0,38400.0,45450.0,Receptionists and Information Clerks
21780,434199,30.0,38880.0,44350.0,55430.0,64040.0,75050.0,"Information and Record Clerks, All Other"
21780,435031,50.0,44290.0,50930.0,54040.0,54040.0,58660.0,Public Safety Telecommunicators
21780,435032,190.0,33860.0,36540.0,47890.0,60380.0,73060.0,"Dispatchers, Except Police, Fire, and Ambulance"
21780,435051,50.0,42600.0,58880.0,62610.0,68300.0,75030.0,Postal Service Clerks
21780,435052,300.0,42390.0,51130.0,62070.0,77380.0,81040.0,Postal Service Mail Carriers
21780,435061,390.0,39620.0,47700.0,54990.0,72750.0,82070.0,"Production, Planning, and Expediting Clerks"
21780,435071,900.0,33860.0,38680.0,46730.0,53250.0,60630.0,"Shipping, Receiving, and Inventory Clerks"
21780,436011,150.0,43550.0,49030.0,56500.0,71510.0,91140.0,Executive Secretaries and Executive Administrative Assistants
21780,436012,130.0,37140.0,43450.0,44180.0,58730.0,66260.0,Legal Secretaries and Administrative Assistants
21780,436013,940.0,35360.0,36760.0,38220.0,45160.0,50200.0,Medical Secretaries and Administrative Assistants
21780,436014,820.0,29790.0,37790.0,44980.0,49390.0,58250.0,"Secretaries and Administrative Assistants, Except Legal, Medical, and Executive"
21780,439021,90.0,25050.0,33660.0,38370.0,45190.0,54000.0,Data Entry Keyers
21780,439041,260.0,,,,,,Insurance Claims and Policy Processing Clerks
21780,439061,2790.0,22850.0,32430.0,41190.0,49560.0,61410.0,"Office Clerks, General"
21780,450000,110.0,29120.0,34110.0,45450.0,49050.0,56510.0,"Farming, Fishing, and Forestry Occupations"
21780,470000,7170.0,39990.0,48470.0,62650.0,79280.0,95480.0,Construction and Extraction Occupations
21780,471011,760.0,57980.0,66710.0,78370.0,96770.0,117240.0,First-Line Supervisors of Construction Trades and Extraction Workers
21780,472031,790.0,45950.0,50120.0,64690.0,73890.0,79120.0,Carpenters
21780,472051,190.0,46960.0,59880.0,63850.0,72780.0,74390.0,Cement Masons and Concrete Finishers
21780,472061,1500.0,38230.0,44270.0,53220.0,61100.0,74120.0,Construction Laborers
21780,472073,510.0,51430.0,61620.0,84500.0,89340.0,94090.0,Operating Engineers and Other Construction Equipment Operators
21780,472111,1170.0,45010.0,59830.0,79240.0,94480.0,96880.0,Electricians
21780,472141,250.0,37890.0,46390.0,54400.0,62650.0,64480.0,"Painters, Construction and Maintenance"
21780,472152,560.0,45660.0,54780.0,73190.0,92480.0,98430.0,"Plumbers, Pipefitters, and Steamfitters"
21780,472181,70.0,38900.0,42870.0,59990.0,63100.0,69640.0,Roofers
21780,474011,80.0,42130.0,46610.0,60000.0,80420.0,84560.0,Construction and Building Inspectors
21780,474051,100.0,39670.0,44610.0,48480.0,53310.0,58150.0,Highway Maintenance Workers
21780,490000,6360.0,36500.0,46090.0,58330.0,73860.0,94210.0,"Installation, Maintenance, and Repair Occupations"
21780,491011,670.0,51650.0,65910.0,85630.0,102310.0,126850.0,"First-Line Supervisors of Mechanics, Installers, and Repairers"
21780,492011,80.0,35430.0,39050.0,49070.0,60910.0,69700.0,"Computer, Automated Teller, and Office Machine Repairers"
21780,492022,120.0,41290.0,44920.0,58430.0,62520.0,77120.0,"Telecommunications Equipment Installers and Repairers, Except Line Installers"
21780,492098,80.0,40670.0,47580.0,51110.0,62310.0,72860.0,Security and Fire Alarm Systems Installers
21780,493021,180.0,36520.0,45290.0,48290.0,58990.0,85950.0,Automotive Body and Related Repairers
21780,493023,740.0,35690.0,38470.0,47920.0,60530.0,76340.0,Automotive Service Technicians and Mechanics
21780,493031,330.0,42180.0,47480.0,57820.0,68740.0,75940.0,Bus and Truck Mechanics and Diesel Engine Specialists
21780,493042,190.0,47960.0,59810.0,64640.0,79550.0,99360.0,"Mobile Heavy Equipment Mechanics, Except Engines"
21780,493093,90.0,30430.0,30630.0,34590.0,37770.0,44760.0,Tire Repairers and Changers
21780,499012,50.0,41940.0,53750.0,53750.0,58310.0,82470.0,"Control and Valve Installers and Repairers, Except Mechanical Door"
21780,499021,490.0,37660.0,46840.0,59500.0,78230.0,96770.0,"Heating, Air Conditioning, and Refrigeration Mechanics and Installers"
21780,499041,930.0,48850.0,58100.0,64800.0,76740.0,98150.0,Industrial Machinery Mechanics
21780,499062,50.0,40100.0,49600.0,59810.0,73380.0,93690.0,Medical Equipment Repairers
21780,499071,1420.0,33470.0,38960.0,49070.0,59890.0,73180.0,"Maintenance and Repair Workers, General"
21780,510000,12350.0,34810.0,38220.0,47640.0,61660.0,79420.0,Production Occupations
21780,511011,1050.0,47120.0,58880.0,77720.0,94670.0,101330.0,First-Line Supervisors of Production and Operating Workers
21780,512090,1400.0,29530.0,33490.0,38390.0,46350.0,50600.0,Miscellaneous Assemblers and Fabricators
21780,513011,160.0,27450.0,31310.0,36490.0,42480.0,47420.0,Bakers
21780,513021,70.0,29530.0,33790.0,37590.0,46320.0,49510.0,Butchers and Meat Cutters
21780,514021,140.0,39730.0,45610.0,49970.0,58430.0,58430.0,"Extruding and Drawing Machine Setters, Operators, and Tenders, Metal and Plastic"
21780,514031,190.0,36650.0,40780.0,47790.0,57500.0,57500.0,"Cutting, Punching, and Press Machine Setters, Operators, and Tenders, Metal and Plastic"
21780,514041,190.0,40290.0,46370.0,58410.0,76740.0,80810.0,Machinists
21780,514081,170.0,35700.0,39450.0,47260.0,53590.0,81590.0,"Multiple Machine Tool Setters, Operators, and Tenders, Metal and Plastic"
21780,514121,350.0,37400.0,45360.0,50960.0,61460.0,75720.0,"Welders, Cutters, Solderers, and Brazers"
21780,515112,410.0,36820.0,38710.0,48770.0,62530.0,76930.0,Printing Press Operators
21780,516011,210.0,26570.0,29490.0,33480.0,36610.0,37190.0,Laundry and Dry-Cleaning Workers
21780,518031,110.0,45910.0,49570.0,55050.0,59720.0,71630.0,Water and Wastewater Treatment Plant and System Operators
21780,519032,50.0,36070.0,39520.0,45980.0,56580.0,60460.0,"Cutting and Slicing Machine Setters, Operators, and Tenders"
21780,519061,980.0,34050.0,38460.0,47970.0,62390.0,79200.0,"Inspectors, Testers, Sorters, Samplers, and Weighers"
21780,519111,1070.0,35170.0,37000.0,45100.0,48190.0,55120.0,Packaging and Filling Machine Operators and Tenders
21780,519161,140.0,35820.0,41830.0,45040.0,48980.0,58410.0,Computer Numerically Controlled Tool Operators
21780,519195,40.0,28510.0,28510.0,36070.0,37690.0,44100.0,"Molders, Shapers, and Casters, Except Metal and Plastic"
21780,519199,90.0,36150.0,36150.0,37130.0,38700.0,62570.0,"Production Workers, All Other"
21780,530000,13680.0,29150.0,34640.0,42170.0,49250.0,62140.0,Transportation and Material Moving Occupations
21780,531047,580.0,43190.0,53250.0,65810.0,79110.0,93430.0,"First-Line Supervisors of Transportation and Material Moving Workers, Except Aircraft Cargo Handling"
21780,533031,670.0,21300.0,23220.0,35110.0,47250.0,57090.0,Driver/Sales Workers
21780,533032,1750.0,37670.0,46370.0,55570.0,63190.0,75820.0,Heavy and Tractor-Trailer Truck Drivers
21780,533033,1070.0,30050.0,39060.0,43130.0,47930.0,92080.0,Light Truck Drivers
21780,533051,270.0,37360.0,42140.0,48110.0,55180.0,55180.0,"Bus Drivers, School"
21780,533053,230.0,22910.0,25320.0,29180.0,35640.0,45910.0,Shuttle Drivers and Chauffeurs
21780,536031,150.0,28960.0,30060.0,35400.0,36300.0,46590.0,Automotive and Watercraft Service Attendants
21780,537051,890.0,37400.0,40400.0,46450.0,50390.0,58430.0,Industrial Truck and Tractor Operators
21780,537061,340.0,26250.0,27460.0,30700.0,35890.0,45870.0,Cleaners of Vehicles and Equipment
21780,537062,3980.0,31430.0,36850.0,42170.0,46000.0,47990.0,"Laborers and Freight, Stock, and Material Movers, Hand"
21780,537064,370.0,30370.0,34910.0,38100.0,44830.0,46070.0,"Packers and Packagers, Hand"
21780,537065,2440.0,28270.0,30270.0,34080.0,36590.0,45140.0,Stockers and Order Fillers
21780,113061,60.0,83730.0,95810.0,141450.0,171680.0,210570.0,Purchasing Managers
21780,119033,140.0,48780.0,62240.0,82180.0,136120.0,166070.0,"Education Administrators, Postsecondary"
21780,132082,80.0,23760.0,36140.0,44200.0,57310.0,65500.0,Tax Preparers
21780,171022,30.0,62900.0,69490.0,82920.0,105860.0,119430.0,Surveyors
21780,173022,50.0,43880.0,49820.0,63570.0,74510.0,103490.0,Civil Engineering Technologists and Technicians
21780,211094,50.0,38910.0,39560.0,48430.0,53970.0,57480.0,Community Health Workers
21780,252012,70.0,44110.0,48210.0,58600.0,61170.0,90380.0,"Kindergarten Teachers, Except Special Education"
21780,252022,510.0,47020.0,48030.0,58560.0,76010.0,78240.0,"Middle School Teachers, Except Special and Career/Technical Education"
21780,252057,80.0,46750.0,46890.0,59310.0,70990.0,82570.0,"Special Education Teachers, Middle School"
21780,252058,100.0,45810.0,47170.0,61000.0,74370.0,78580.0,"Special Education Teachers, Secondary School"
21780,259031,130.0,49280.0,55550.0,64960.0,82060.0,91260.0,Instructional Coordinators
21780,274021,50.0,25340.0,29320.0,35420.0,44340.0,60480.0,Photographers
21780,292043,90.0,49680.0,50730.0,59100.0,66270.0,74800.0,Paramedics
21780,312011,120.0,52350.0,61240.0,66200.0,72960.0,77580.0,Occupational Therapy Assistants
21780,319097,220.0,36130.0,37660.0,38720.0,45240.0,45240.0,Phlebotomists
21780,333021,80.0,53210.0,78890.0,78890.0,79010.0,114460.0,Detectives and Criminal Investigators
21780,339092,180.0,22470.0,26210.0,27020.0,28710.0,28710.0,"Lifeguards, Ski Patrol, and Other Recreational Protective Service Workers"
21780,353041,120.0,23200.0,27980.0,30360.0,35880.0,36570.0,"Food Servers, Nonrestaurant"
21780,395094,50.0,26620.0,33430.0,43490.0,49380.0,56830.0,Skincare Specialists
21780,433061,50.0,37820.0,46330.0,49320.0,59900.0,66010.0,Procurement Clerks
21780,435021,30.0,32210.0,33930.0,36940.0,38070.0,49410.0,Couriers and Messengers
21780,435111,50.0,43830.0,48900.0,48900.0,58110.0,58110.0,"Weighers, Measurers, Checkers, and Samplers, Recordkeeping"
21780,472211,120.0,44540.0,50440.0,74120.0,87050.0,93290.0,Sheet Metal Workers
21780,493041,40.0,44880.0,48080.0,59770.0,73660.0,83200.0,Farm Equipment Mechanics and Service Technicians
21780,499043,80.0,58120.0,65730.0,65730.0,65760.0,65760.0,"Maintenance Workers, Machinery"
21780,499098,50.0,22290.0,29120.0,36950.0,46920.0,55450.0,"Helpers--Installation, Maintenance, and Repair Workers"
21780,499099,110.0,34770.0,44720.0,46990.0,55540.0,69150.0,"Installation, Maintenance, and Repair Workers, All Other"
21780,513092,250.0,31110.0,36440.0,43750.0,46350.0,54110.0,Food Batchmakers
21780,514072,790.0,36530.0,48880.0,61160.0,61160.0,63470.0,"Molding, Coremaking, and Casting Machine Setters, Operators, and Tenders, Metal and Plastic"
21780,514111,160.0,47560.0,60570.0,60890.0,63490.0,73100.0,Tool and Die Makers
21780,516031,180.0,31420.0,37550.0,43800.0,43800.0,48100.0,Sewing Machine Operators
21780,519011,760.0,40560.0,47100.0,62870.0,79910.0,100630.0,Chemical Equipment Operators and Tenders
21780,519124,180.0,33580.0,37200.0,45450.0,49360.0,60070.0,"Coating, Painting, and Spraying Machine Setters, Operators, and Tenders"
21780,519162,30.0,52040.0,63780.0,76240.0,77010.0,92060.0,Computer Numerically Controlled Tool Programmers
21780,519198,50.0,27760.0,35520.0,36630.0,46080.0,49620.0,Helpers--Production Workers
21780,533052,70.0,49430.0,49430.0,49430.0,57340.0,75610.0,"Bus Drivers, Transit and Intercity"
21780,536021,130.0,19850.0,21320.0,28570.0,30500.0,34070.0,Parking Attendants
21780,537063,150.0,22990.0,22990.0,36600.0,47730.0,59890.0,Machine Feeders and Offbearers
21780,537081,120.0,49740.0,50520.0,57750.0,59440.0,62040.0,Refuse and Recyclable Material Collectors
21780,131075,210.0,30710.0,34730.0,73300.0,86820.0,101360.0,Labor Relations Specialists
21780,132041,50.0,57140.0,58670.0,70100.0,84620.0,99820.0,Credit Analysts
21780,132071,30.0,37350.0,39240.0,47430.0,49370.0,60410.0,Credit Counselors
21780,151212,110.0,59520.0,60340.0,98400.0,137790.0,164530.0,Information Security Analysts
21780,151253,30.0,52620.0,55160.0,83250.0,127900.0,150910.0,Software Quality Assurance Analysts and Testers
21780,172081,50.0,65120.0,77530.0,92980.0,124580.0,138600.0,Environmental Engineers
21780,172199,40.0,66870.0,74030.0,92300.0,113690.0,147270.0,"Engineers, All Other"
21780,173023,100.0,52250.0,58310.0,64270.0,77440.0,100340.0,Electrical and Electronic Engineering Technologists and Technicians
21780,173027,50.0,52000.0,62840.0,63590.0,85550.0,100740.0,Mechanical Engineering Technologists and Technicians
21780,193034,40.0,57390.0,64230.0,82220.0,97900.0,121870.0,School Psychologists
21780,194042,40.0,33460.0,36180.0,45360.0,57730.0,74830.0,"Environmental Science and Protection Technicians, Including Health"
21780,212011,60.0,18430.0,41980.0,58430.0,60750.0,76230.0,Clergy
21780,231023,30.0,146400.0,146400.0,183000.0,183000.0,319990.0,"Judges, Magistrate Judges, and Magistrates"
21780,232093,50.0,36580.0,38210.0,47670.0,62240.0,78780.0,"Title Examiners, Abstractors, and Searchers"
21780,251042,40.0,57140.0,57590.0,79270.0,103160.0,127660.0,"Biological Science Teachers, Postsecondary"
21780,251072,80.0,47670.0,60510.0,74010.0,91170.0,121680.0,"Nursing Instructors and Teachers, Postsecondary"
21780,251081,100.0,47580.0,60490.0,75330.0,77900.0,97460.0,"Education Teachers, Postsecondary"
21780,252032,70.0,43600.0,43600.0,49680.0,62180.0,77440.0,"Career/Technical Education Teachers, Secondary School"
21780,253041,150.0,20870.0,26070.0,36850.0,48410.0,57490.0,Tutors
21780,372021,160.0,35370.0,36300.0,41440.0,48780.0,60460.0,Pest Control Workers
21780,394021,60.0,18710.0,30640.0,31200.0,36160.0,44610.0,Funeral Attendants
21780,419021,100.0,39810.0,43280.0,72980.0,95160.0,206500.0,Real Estate Brokers
21780,435053,130.0,52310.0,56430.0,60530.0,69850.0,75030.0,"Postal Service Mail Sorters, Processors, and Processing Machine Operators"
21780,439051,40.0,30490.0,35060.0,37900.0,39760.0,45760.0,"Mail Clerks and Mail Machine Operators, Except Postal Service"
21780,472021,120.0,46730.0,51080.0,63690.0,76490.0,82760.0,Brickmasons and Blockmasons
21780,492094,70.0,47220.0,71540.0,71540.0,71540.0,80870.0,"Electrical and Electronics Repairers, Commercial and Industrial Equipment"
21780,512028,120.0,37010.0,39140.0,42230.0,48090.0,59450.0,"Electrical, Electronic, and Electromechanical Assemblers, Except Coil Winders, Tapers, and Finishers"
21780,519023,500.0,38990.0,45500.0,47680.0,65200.0,82300.0,"Mixing and Blending Machine Setters, Operators, and Tenders"
21780,537011,30.0,36940.0,46430.0,57780.0,100710.0,100720.0,Conveyor Operators and Tenders
21780,119081,30.0,48010.0,59130.0,75990.0,84650.0,106710.0,Lodging Managers
21780,151254,70.0,38280.0,68470.0,99720.0,132180.0,132190.0,Web Developers
21780,172041,60.0,98580.0,105410.0,120990.0,164530.0,166200.0,Chemical Engineers
21780,172072,40.0,74570.0,81060.0,89710.0,108150.0,132560.0,"Electronics Engineers, Except Computer"
21780,173013,40.0,40910.0,45900.0,57060.0,70880.0,85570.0,Mechanical Drafters
21780,212021,40.0,36780.0,42490.0,49770.0,72600.0,124500.0,"Directors, Religious Activities and Education"
21780,251022,40.0,48340.0,58970.0,74330.0,95290.0,116290.0,"Mathematical Science Teachers, Postsecondary"
21780,251066,30.0,45380.0,63300.0,76330.0,100660.0,160900.0,"Psychology Teachers, Postsecondary"
21780,251123,40.0,48810.0,56570.0,68740.0,93490.0,165410.0,"English Language and Literature Teachers, Postsecondary"
21780,259044,190.0,20430.0,20430.0,28140.0,31960.0,42400.0,"Teaching Assistants, Postsecondary"
21780,273023,30.0,32280.0,37820.0,58110.0,81720.0,132610.0,"News Analysts, Reporters, and Journalists"
21780,273091,40.0,36640.0,37320.0,47690.0,62610.0,75200.0,Interpreters and Translators
21780,291011,50.0,43850.0,52820.0,75580.0,107720.0,122790.0,Chiropractors
21780,291041,40.0,78920.0,107850.0,133800.0,159520.0,171440.0,Optometrists
21780,292031,150.0,39630.0,39630.0,48100.0,87390.0,101820.0,Cardiovascular Technologists and Technicians
21780,311132,160.0,32120.0,32120.0,35270.0,35620.0,35620.0,Orderlies
21780,312022,100.0,22790.0,26930.0,29120.0,55450.0,73430.0,Physical Therapist Aides
21780,319094,70.0,37160.0,40830.0,48840.0,48840.0,51010.0,Medical Transcriptionists
21780,319095,40.0,31540.0,34040.0,34670.0,36850.0,37180.0,Pharmacy Aides
21780,339021,30.0,36750.0,38590.0,48280.0,53990.0,69330.0,Private Detectives and Investigators
21780,339094,100.0,28450.0,28500.0,35620.0,36020.0,36020.0,School Bus Monitors
21780,373013,60.0,36850.0,39890.0,39890.0,47040.0,47380.0,Tree Trimmers and Pruners
21780,395092,40.0,20110.0,21160.0,35320.0,43910.0,45550.0,Manicurists and Pedicurists
21780,434041,90.0,39170.0,41820.0,48480.0,49660.0,61290.0,"Credit Authorizers, Checkers, and Clerks"
21780,434141,40.0,38430.0,38440.0,38810.0,40710.0,49900.0,New Accounts Clerks
21780,434151,70.0,35530.0,37910.0,40160.0,45600.0,56100.0,Order Clerks
21780,435011,40.0,38940.0,46500.0,50850.0,62910.0,74280.0,Cargo and Freight Agents
21780,439071,40.0,31850.0,37750.0,37950.0,42980.0,52240.0,"Office Machine Operators, Except Computer"
21780,452091,40.0,38720.0,45600.0,47500.0,48390.0,60820.0,Agricultural Equipment Operators
21780,452092,30.0,24720.0,31160.0,36790.0,44350.0,52540.0,"Farmworkers and Laborers, Crop, Nursery, and Greenhouse"
21780,472044,40.0,46740.0,48100.0,60590.0,77170.0,80560.0,Tile and Stone Setters
21780,472071,50.0,38800.0,43730.0,50420.0,69630.0,94580.0,"Paving, Surfacing, and Tamping Equipment Operators"
21780,472081,50.0,42950.0,45560.0,53860.0,65500.0,66290.0,Drywall and Ceiling Tile Installers
21780,472121,50.0,47840.0,57510.0,59570.0,61470.0,71250.0,Glaziers
21780,472221,180.0,45470.0,60370.0,76090.0,86010.0,95390.0,Structural Iron and Steel Workers
21780,473013,40.0,31480.0,31480.0,37310.0,42180.0,48940.0,Helpers--Electricians
21780,474071,50.0,36900.0,39520.0,48100.0,55130.0,61370.0,Septic Tank Servicers and Sewer Pipe Cleaners
21780,493053,40.0,33740.0,36010.0,42640.0,55650.0,61550.0,Outdoor Power Equipment and Other Small Engine Mechanics
21780,499031,30.0,29630.0,31560.0,34690.0,48320.0,55570.0,Home Appliance Repairers
21780,512041,230.0,41330.0,54770.0,63120.0,76410.0,76410.0,Structural Metal Fabricators and Fitters
21780,514033,60.0,40300.0,40610.0,45230.0,47560.0,48290.0,"Grinding, Lapping, Polishing, & Buffing Machine Tool Setters, Operators, & Tenders, Metal & Plastic"
21780,514122,50.0,40710.0,44240.0,44240.0,46460.0,60490.0,"Welding, Soldering, and Brazing Machine Setters, Operators, and Tenders"
21780,517011,60.0,36510.0,41740.0,48800.0,53600.0,63870.0,Cabinetmakers and Bench Carpenters
21780,519021,100.0,36840.0,51570.0,59290.0,59500.0,61650.0,"Crushing, Grinding, and Polishing Machine Setters, Operators, and Tenders"
21780,519041,,37480.0,37480.0,37480.0,47630.0,47630.0,"Extruding, Forming, Pressing, and Compacting Machine Setters, Operators, and Tenders"
21780,519192,90.0,37770.0,40450.0,45750.0,48450.0,48450.0,"Cleaning, Washing, and Metal Pickling Equipment Operators and Tenders"
21780,533099,30.0,24770.0,24780.0,25670.0,53560.0,53560.0,"Motor Vehicle Operators, All Other"
21780,535021,140.0,57180.0,57750.0,61660.0,66490.0,78410.0,"Captains, Mates, and Pilots of Water Vessels"
21780,537021,90.0,47660.0,64070.0,64100.0,64100.0,96800.0,Crane and Tower Operators
23060,000000,225520.0,29140.0,36350.0,47700.0,70820.0,97710.0,All Occupations
23060,110000,11230.0,59190.0,79720.0,106250.0,150800.0,206950.0,Management Occupations
23060,111011,60.0,109700.0,136330.0,213720.0,348450.0,637820.0,Chief Executives
23060,111021,2930.0,53850.0,74810.0,107780.0,164990.0,254260.0,General and Operations Managers
23060,112021,280.0,91720.0,106130.0,140270.0,206020.0,353650.0,Marketing Managers
23060,112022,710.0,63540.0,82330.0,122540.0,161570.0,211660.0,Sales Managers
23060,113012,340.0,67530.0,87250.0,117110.0,159390.0,213510.0,Administrative Services Managers
23060,113013,310.0,52100.0,82380.0,103960.0,128170.0,158750.0,Facilities Managers
23060,113021,540.0,95010.0,110140.0,138350.0,170000.0,210360.0,Computer and Information Systems Managers
23060,113031,920.0,78630.0,97910.0,130900.0,172310.0,226250.0,Financial Managers
23060,113051,740.0,79160.0,99500.0,105680.0,134690.0,177360.0,Industrial Production Managers
23060,113071,300.0,68550.0,83290.0,105770.0,138760.0,175640.0,"Transportation, Storage, and Distribution Managers"
23060,113121,200.0,83330.0,101720.0,121330.0,162520.0,194840.0,Human Resources Managers
23060,119021,420.0,65890.0,86260.0,105340.0,130080.0,173900.0,Construction Managers
23060,119032,440.0,73880.0,81260.0,100060.0,123230.0,128990.0,"Education Administrators, Kindergarten through Secondary"
23060,119041,320.0,101550.0,121530.0,134010.0,165240.0,200510.0,Architectural and Engineering Managers
23060,119051,360.0,51600.0,51780.0,62620.0,84750.0,98660.0,Food Service Managers
23060,119111,870.0,65330.0,84710.0,105030.0,134950.0,207160.0,Medical and Health Services Managers
23060,119121,40.0,54810.0,66940.0,77720.0,133770.0,199480.0,Natural Sciences Managers
23060,119141,300.0,38050.0,47870.0,60480.0,77370.0,106190.0,"Property, Real Estate, and Community Association Managers"
23060,119151,230.0,48950.0,60840.0,72920.0,89080.0,116270.0,Social and Community Service Managers
23060,119199,270.0,50310.0,67050.0,87990.0,126630.0,162020.0,"Managers, All Other"
23060,130000,10570.0,44410.0,55670.0,72510.0,94570.0,119440.0,Business and Financial Operations Occupations
23060,131020,790.0,41500.0,50390.0,63290.0,80140.0,100090.0,Buyers and Purchasing Agents
23060,131031,360.0,50880.0,61820.0,76880.0,97350.0,104720.0,"Claims Adjusters, Examiners, and Investigators"
23060,131041,320.0,47390.0,60700.0,75790.0,101550.0,126940.0,Compliance Officers
23060,131051,380.0,47420.0,58040.0,71200.0,86680.0,103940.0,Cost Estimators
23060,131071,1150.0,45090.0,51190.0,65510.0,84990.0,103690.0,Human Resources Specialists
23060,131081,220.0,36870.0,53880.0,69610.0,98030.0,115400.0,Logisticians
23060,131082,650.0,57470.0,70020.0,92590.0,114970.0,133020.0,Project Management Specialists
23060,131111,700.0,58110.0,72180.0,93640.0,104980.0,138900.0,Management Analysts
23060,131121,140.0,32120.0,39440.0,48440.0,65830.0,81580.0,"Meeting, Convention, and Event Planners"
23060,131131,150.0,42730.0,50840.0,61460.0,76530.0,84900.0,Fundraisers
23060,131141,90.0,43650.0,49090.0,66520.0,82080.0,104420.0,"Compensation, Benefits, and Job Analysis Specialists"
23060,131151,580.0,41900.0,51110.0,63440.0,83690.0,100430.0,Training and Development Specialists
23060,131161,1040.0,40890.0,49900.0,61730.0,81190.0,102750.0,Market Research Analysts and Marketing Specialists
23060,131199,310.0,42240.0,57090.0,72740.0,91560.0,111910.0,"Business Operations Specialists, All Other"
23060,132011,1640.0,50850.0,61360.0,75250.0,96620.0,119490.0,Accountants and Auditors
23060,132020,70.0,36740.0,51370.0,63750.0,74550.0,103670.0,Property Appraisers and Assessors
23060,132051,260.0,57760.0,66340.0,80430.0,106080.0,132350.0,Financial and Investment Analysts
23060,132052,390.0,43820.0,48310.0,80680.0,157320.0,234650.0,Personal Financial Advisors
23060,132072,410.0,39420.0,49530.0,63320.0,84370.0,119250.0,Loan Officers
23060,150000,4190.0,47190.0,61620.0,80400.0,103550.0,132990.0,Computer and Mathematical Occupations
23060,151211,650.0,63550.0,76970.0,90300.0,102690.0,133680.0,Computer Systems Analysts
23060,151231,360.0,47920.0,61810.0,78440.0,102850.0,127690.0,Computer Network Support Specialists
23060,151232,930.0,38230.0,44680.0,50630.0,63360.0,78070.0,Computer User Support Specialists
23060,151241,100.0,62100.0,78810.0,97340.0,128840.0,173030.0,Computer Network Architects
23060,151242,50.0,53770.0,65650.0,82560.0,97220.0,129120.0,Database Administrators
23060,151244,310.0,52000.0,64800.0,82250.0,98040.0,117800.0,Network and Computer Systems Administrators
23060,151251,,56140.0,83160.0,87630.0,104410.0,122190.0,Computer Programmers
23060,151252,810.0,70930.0,78220.0,101560.0,132590.0,165310.0,Software Developers
23060,151299,90.0,47500.0,60600.0,82860.0,112920.0,131730.0,"Computer Occupations, All Other"
23060,152051,270.0,62750.0,77510.0,94470.0,114990.0,132400.0,Data Scientists
23060,170000,3550.0,51680.0,64170.0,81070.0,103150.0,128110.0,Architecture and Engineering Occupations
23060,171011,170.0,49140.0,61460.0,79750.0,104210.0,126640.0,"Architects, Except Landscape and Naval"
23060,172051,250.0,62790.0,74840.0,88920.0,104600.0,131460.0,Civil Engineers
23060,172071,370.0,66740.0,80160.0,100780.0,124340.0,153840.0,Electrical Engineers
23060,172112,900.0,61680.0,78130.0,91000.0,103890.0,125710.0,Industrial Engineers
23060,172141,560.0,61350.0,77740.0,95310.0,125880.0,140020.0,Mechanical Engineers
23060,173011,160.0,41510.0,48900.0,57110.0,70050.0,78840.0,Architectural and Civil Drafters
23060,173026,220.0,41200.0,51730.0,63260.0,74680.0,80330.0,Industrial Engineering Technologists and Technicians
23060,173031,40.0,37470.0,45620.0,58090.0,66910.0,75120.0,Surveying and Mapping Technicians
23060,190000,1370.0,44640.0,59720.0,75240.0,90910.0,117790.0,"Life, Physical, and Social Science Occupations"
23060,192031,60.0,57610.0,59800.0,78860.0,95440.0,110700.0,Chemists
23060,192041,40.0,38760.0,46850.0,61090.0,87390.0,113580.0,"Environmental Scientists and Specialists, Including Health"
23060,193033,150.0,48970.0,65270.0,82660.0,102850.0,125850.0,Clinical and Counseling Psychologists
23060,193051,70.0,61820.0,75240.0,75240.0,99490.0,101480.0,Urban and Regional Planners
23060,194031,80.0,35530.0,37650.0,46060.0,58030.0,71150.0,Chemical Technicians
23060,195011,230.0,53530.0,67590.0,83440.0,103830.0,119860.0,Occupational Health and Safety Specialists
23060,195012,90.0,48360.0,51570.0,59720.0,78850.0,83600.0,Occupational Health and Safety Technicians
23060,210000,3870.0,35260.0,42430.0,51370.0,67360.0,80760.0,Community and Social Service Occupations
23060,211012,330.0,42870.0,49080.0,59580.0,73120.0,80630.0,"Educational, Guidance, and Career Counselors and Advisors"
23060,211015,90.0,30120.0,33020.0,36890.0,57970.0,74510.0,Rehabilitation Counselors
23060,211018,740.0,35720.0,42300.0,59250.0,78360.0,100290.0,"Substance Abuse, Behavioral Disorder, and Mental Health Counselors"
23060,211021,390.0,39180.0,47310.0,50490.0,59650.0,70940.0,"Child, Family, and School Social Workers"
23060,211022,420.0,47970.0,57410.0,66090.0,77650.0,96990.0,Healthcare Social Workers
23060,211023,130.0,37030.0,45990.0,54610.0,70160.0,80640.0,Mental Health and Substance Abuse Social Workers
23060,211091,130.0,40890.0,49140.0,61460.0,80760.0,95310.0,Health Education Specialists
23060,211092,160.0,52170.0,62860.0,71300.0,76580.0,76580.0,Probation Officers and Correctional Treatment Specialists
23060,211093,1110.0,30880.0,36040.0,43870.0,47540.0,58280.0,Social and Human Service Assistants
23060,230000,1160.0,45040.0,57330.0,80320.0,127930.0,201520.0,Legal Occupations
23060,231011,510.0,76670.0,96270.0,126520.0,180340.0,296460.0,Lawyers
23060,232011,490.0,44220.0,48450.0,58870.0,74460.0,81650.0,Paralegals and Legal Assistants
23060,250000,10330.0,29480.0,37300.0,50950.0,65350.0,80520.0,Educational Instruction and Library Occupations
23060,251011,100.0,40390.0,62310.0,76500.0,103750.0,169470.0,"Business Teachers, Postsecondary"
23060,251071,170.0,60090.0,62560.0,78880.0,106760.0,218010.0,"Health Specialties Teachers, Postsecondary"
23060,251121,120.0,53150.0,60860.0,67210.0,82950.0,133010.0,"Art, Drama, and Music Teachers, Postsecondary"
23060,251194,180.0,46380.0,48070.0,54440.0,77870.0,83490.0,"Career/Technical Education Teachers, Postsecondary"
23060,251199,40.0,49050.0,56000.0,70910.0,84900.0,102140.0,"Postsecondary Teachers, All Other"
23060,252011,370.0,28760.0,29760.0,35610.0,38100.0,48160.0,"Preschool Teachers, Except Special Education"
23060,252021,1980.0,47310.0,49250.0,59800.0,73060.0,79440.0,"Elementary School Teachers, Except Special Education"
23060,252031,1210.0,48770.0,58370.0,61290.0,78220.0,81370.0,"Secondary School Teachers, Except Special and Career/Technical Education"
23060,252052,330.0,47340.0,50280.0,59000.0,71590.0,79730.0,"Special Education Teachers, Kindergarten and Elementary School"
23060,253021,350.0,23300.0,28610.0,37820.0,50100.0,61280.0,Self-Enrichment Teachers
23060,253031,860.0,29060.0,29580.0,36060.0,37460.0,53550.0,"Substitute Teachers, Short-Term"
23060,253099,,28330.0,38210.0,62850.0,77050.0,86260.0,"Teachers and Instructors, All Other"
23060,254022,160.0,37060.0,41120.0,48690.0,59130.0,64870.0,Librarians and Media Collections Specialists
23060,254031,220.0,24060.0,29480.0,29480.0,37370.0,39400.0,Library Technicians
23060,259045,1650.0,23980.0,28920.0,34530.0,37730.0,47470.0,"Teaching Assistants, Except Postsecondary"
23060,270000,2380.0,30900.0,38320.0,49690.0,71760.0,96100.0,"Arts, Design, Entertainment, Sports, and Media Occupations"
23060,271024,270.0,38380.0,46440.0,52280.0,65300.0,83710.0,Graphic Designers
23060,271026,200.0,31080.0,35070.0,39980.0,51600.0,71940.0,Merchandise Displayers and Window Trimmers
23060,272011,30.0,,,,,,Actors
23060,272012,80.0,36560.0,46190.0,57260.0,73700.0,102360.0,Producers and Directors
23060,272022,330.0,20860.0,28160.0,38840.0,53510.0,77010.0,Coaches and Scouts
23060,273011,40.0,24430.0,35180.0,48340.0,59760.0,80170.0,Broadcast Announcers and Radio Disc Jockeys
23060,273031,310.0,46110.0,52990.0,70410.0,83480.0,105580.0,Public Relations Specialists
23060,273092,40.0,50840.0,66160.0,66160.0,74880.0,74880.0,Court Reporters and Simultaneous Captioners
23060,274011,,37080.0,42620.0,50130.0,64140.0,78590.0,Audio and Video Technicians
23060,274012,70.0,37300.0,37310.0,37980.0,45080.0,75460.0,Broadcast Technicians
23060,290000,17520.0,44800.0,62490.0,79630.0,100390.0,163960.0,Healthcare Practitioners and Technical Occupations
23060,291021,120.0,132210.0,165570.0,183590.0,309240.0,337900.0,"Dentists, General"
23060,291031,170.0,52450.0,63470.0,75960.0,79470.0,97900.0,Dietitians and Nutritionists
23060,291051,430.0,107790.0,135180.0,152530.0,165380.0,165380.0,Pharmacists
23060,291071,240.0,110910.0,122480.0,131400.0,173230.0,206860.0,Physician Assistants
23060,291122,300.0,43140.0,75540.0,86580.0,103950.0,114490.0,Occupational Therapists
23060,291123,450.0,74200.0,77580.0,98450.0,109010.0,132770.0,Physical Therapists
23060,291126,210.0,62730.0,62730.0,77390.0,79650.0,93320.0,Respiratory Therapists
23060,291127,270.0,51710.0,68940.0,83200.0,103380.0,126370.0,Speech-Language Pathologists
23060,291131,80.0,79130.0,103230.0,124970.0,134280.0,166610.0,Veterinarians
23060,291141,6450.0,66160.0,77240.0,79630.0,99650.0,100390.0,Registered Nurses
23060,291171,820.0,106060.0,109760.0,127050.0,129020.0,154820.0,Nurse Practitioners
23060,291229,710.0,68630.0,283400.0,388320.0,388320.0,388320.0,"Physicians, All Other"
23060,291292,460.0,79900.0,84030.0,86120.0,91270.0,93970.0,Dental Hygienists
23060,292010,650.0,38220.0,40010.0,48660.0,61570.0,81050.0,Clinical Laboratory Technologists and Technicians
23060,292032,110.0,66190.0,76740.0,83500.0,98830.0,98830.0,Diagnostic Medical Sonographers
23060,292034,370.0,56680.0,62840.0,76840.0,80570.0,89720.0,Radiologic Technologists and Technicians
23060,292035,80.0,64300.0,80680.0,83290.0,97650.0,98690.0,Magnetic Resonance Imaging Technologists
23060,292042,260.0,37500.0,40840.0,42640.0,45720.0,46410.0,Emergency Medical Technicians
23060,292052,640.0,36520.0,37480.0,43070.0,47850.0,50200.0,Pharmacy Technicians
23060,292053,430.0,31600.0,37750.0,39010.0,48790.0,54420.0,Psychiatric Technicians
23060,292055,210.0,57670.0,63090.0,63140.0,79680.0,79680.0,Surgical Technologists
23060,292056,100.0,37600.0,39390.0,48430.0,55320.0,57250.0,Veterinary Technologists and Technicians
23060,292061,1200.0,51190.0,60870.0,63640.0,72790.0,75790.0,Licensed Practical and Licensed Vocational Nurses
23060,292072,570.0,39570.0,41790.0,50040.0,61710.0,76820.0,Medical Records Specialists
23060,292081,170.0,34610.0,37490.0,39840.0,46210.0,54050.0,"Opticians, Dispensing"
23060,292099,170.0,38310.0,39470.0,47510.0,62490.0,81700.0,"Health Technologists and Technicians, All Other"
23060,310000,12020.0,30820.0,35120.0,36590.0,44580.0,48670.0,Healthcare Support Occupations
23060,311120,4840.0,29320.0,30910.0,35090.0,36120.0,36960.0,Home Health and Personal Care Aides
23060,311131,3610.0,35390.0,36420.0,37210.0,43760.0,46860.0,Nursing Assistants
23060,312021,230.0,42760.0,48420.0,62360.0,74490.0,76250.0,Physical Therapist Assistants
23060,319011,120.0,38140.0,46930.0,54470.0,72510.0,79230.0,Massage Therapists
23060,319091,630.0,37970.0,47150.0,48670.0,59140.0,60840.0,Dental Assistants
23060,319092,1760.0,38040.0,39370.0,45220.0,47290.0,55100.0,Medical Assistants
23060,319093,140.0,36570.0,38430.0,38780.0,48090.0,57060.0,Medical Equipment Preparers
23060,319096,170.0,29720.0,33010.0,35930.0,36980.0,44140.0,Veterinary Assistants and Laboratory Animal Caretakers
23060,330000,3960.0,29640.0,35140.0,57700.0,76390.0,90390.0,Protective Service Occupations
23060,331012,100.0,84930.0,95400.0,95400.0,118570.0,123990.0,First-Line Supervisors of Police and Detectives
23060,331091,90.0,36880.0,44780.0,66720.0,89070.0,90300.0,First-Line Supervisors of Security Workers
23060,332011,420.0,53520.0,65160.0,75860.0,75860.0,76390.0,Firefighters
23060,333012,350.0,49360.0,49360.0,57700.0,57700.0,69930.0,Correctional Officers and Jailers
23060,333051,820.0,61520.0,74360.0,79210.0,79210.0,90390.0,Police and Sheriff's Patrol Officers
23060,339032,1240.0,29230.0,30100.0,35140.0,46060.0,62260.0,Security Guards
23060,339091,100.0,35230.0,35230.0,40000.0,40000.0,44490.0,Crossing Guards and Flaggers
23060,350000,19170.0,21180.0,24210.0,29450.0,35900.0,45200.0,Food Preparation and Serving Related Occupations
23060,351011,120.0,31300.0,39490.0,49490.0,62570.0,76350.0,Chefs and Head Cooks
23060,351012,1570.0,30950.0,36280.0,45500.0,57250.0,62590.0,First-Line Supervisors of Food Preparation and Serving Workers
23060,352012,800.0,29590.0,32460.0,36300.0,38700.0,48320.0,"Cooks, Institution and Cafeteria"
23060,352014,2030.0,26000.0,28670.0,34490.0,36500.0,39860.0,"Cooks, Restaurant"
23060,352015,170.0,20640.0,20640.0,30240.0,31840.0,37170.0,"Cooks, Short Order"
23060,352021,900.0,21800.0,27250.0,30850.0,36510.0,44000.0,Food Preparation Workers
23060,353011,850.0,16990.0,19000.0,23010.0,29450.0,41630.0,Bartenders
23060,353023,6900.0,22160.0,24160.0,28360.0,33770.0,35600.0,Fast Food and Counter Workers
23060,353031,3150.0,17430.0,20870.0,28650.0,36560.0,47840.0,Waiters and Waitresses
23060,359011,620.0,20030.0,22590.0,29640.0,32110.0,37300.0,Dining Room and Cafeteria Attendants and Bartender Helpers
23060,359021,450.0,22370.0,27530.0,28710.0,33300.0,36620.0,Dishwashers
23060,359031,680.0,20690.0,22730.0,25920.0,29190.0,36650.0,"Hosts and Hostesses, Restaurant, Lounge, and Coffee Shop"
23060,370000,6140.0,28800.0,30720.0,36740.0,44510.0,49260.0,Building and Grounds Cleaning and Maintenance Occupations
23060,371011,170.0,36710.0,42880.0,49810.0,63350.0,76060.0,First-Line Supervisors of Housekeeping and Janitorial Workers
23060,371012,160.0,45090.0,48190.0,62280.0,74540.0,78980.0,"First-Line Supervisors of Landscaping, Lawn Service, and Groundskeeping Workers"
23060,372011,3490.0,27880.0,30130.0,36500.0,42690.0,47830.0,"Janitors and Cleaners, Except Maids and Housekeeping Cleaners"
23060,372012,610.0,28490.0,28910.0,31040.0,36680.0,39490.0,Maids and Housekeeping Cleaners
23060,373011,1410.0,29330.0,35370.0,38010.0,46330.0,49260.0,Landscaping and Groundskeeping Workers
23060,390000,3910.0,22350.0,27390.0,30370.0,37880.0,47910.0,Personal Care and Service Occupations
23060,391014,140.0,33960.0,37890.0,45370.0,54840.0,69110.0,"First-Line Supervisors of Entertainment and Recreation Workers, Except Gambling Services"
23060,391022,110.0,34690.0,36910.0,45860.0,56470.0,84330.0,First-Line Supervisors of Personal Service Workers
23060,392021,380.0,22560.0,26560.0,29510.0,36340.0,44980.0,Animal Caretakers
23060,393091,450.0,20490.0,22460.0,27060.0,28060.0,34990.0,Amusement and Recreation Attendants
23060,395012,470.0,23360.0,26990.0,29950.0,43390.0,50410.0,"Hairdressers, Hairstylists, and Cosmetologists"
23060,399011,680.0,23690.0,27770.0,30050.0,34940.0,38370.0,Childcare Workers
23060,399031,500.0,18630.0,25050.0,30630.0,39760.0,47960.0,Exercise Trainers and Group Fitness Instructors
23060,399032,460.0,22890.0,27390.0,29980.0,35430.0,45630.0,Recreation Workers
23060,399041,100.0,27760.0,32910.0,38710.0,39430.0,53970.0,Residential Advisors
23060,410000,19460.0,25700.0,29190.0,36530.0,56690.0,85860.0,Sales and Related Occupations
23060,411011,1490.0,33120.0,37920.0,48620.0,61270.0,70970.0,First-Line Supervisors of Retail Sales Workers
23060,411012,210.0,54630.0,70450.0,86400.0,120830.0,148360.0,First-Line Supervisors of Non-Retail Sales Workers
23060,412011,4440.0,22550.0,27820.0,29590.0,33610.0,35840.0,Cashiers
23060,412021,610.0,23360.0,28870.0,36630.0,45240.0,54390.0,Counter and Rental Clerks
23060,412022,490.0,27920.0,31090.0,38050.0,49340.0,60760.0,Parts Salespersons
23060,412031,5860.0,23450.0,27700.0,31200.0,36780.0,45680.0,Retail Salespersons
23060,413011,140.0,31470.0,44940.0,58070.0,78850.0,122450.0,Advertising Sales Agents
23060,413021,750.0,47330.0,49210.0,49210.0,76090.0,122570.0,Insurance Sales Agents
23060,413031,310.0,47440.0,53070.0,73090.0,124250.0,195260.0,"Securities, Commodities, and Financial Services Sales Agents"
23060,413091,1370.0,37010.0,45220.0,60750.0,81260.0,108680.0,"Sales Representatives of Services, Except Advertising, Insurance, Financial Services, and Travel"
23060,414011,180.0,61680.0,74130.0,95990.0,131670.0,176870.0,"Sales Representatives, Wholesale and Manufacturing, Technical and Scientific Products"
23060,414012,2490.0,38280.0,49620.0,71330.0,96690.0,130700.0,"Sales Representatives, Wholesale and Manufacturing, Except Technical and Scientific Products"
23060,419022,260.0,27180.0,39480.0,48810.0,59690.0,91380.0,Real Estate Sales Agents
23060,430000,23770.0,31980.0,38000.0,46410.0,56290.0,66630.0,Office and Administrative Support Occupations
23060,431011,1510.0,47500.0,58210.0,71100.0,83830.0,103110.0,First-Line Supervisors of Office and Administrative Support Workers
23060,433011,260.0,37150.0,42000.0,48600.0,51300.0,57980.0,Bill and Account Collectors
23060,433021,630.0,36110.0,39830.0,46000.0,50180.0,58610.0,Billing and Posting Clerks
23060,433031,1970.0,32550.0,40200.0,47770.0,57150.0,63940.0,"Bookkeeping, Accounting, and Auditing Clerks"
23060,433051,280.0,39000.0,45930.0,50030.0,61120.0,75720.0,Payroll and Timekeeping Clerks
23060,433071,580.0,31200.0,36330.0,37630.0,46450.0,46910.0,Tellers
23060,434031,170.0,37260.0,47810.0,48560.0,59550.0,60470.0,"Court, Municipal, and License Clerks"
23060,434051,3020.0,31450.0,36830.0,45200.0,50730.0,59930.0,Customer Service Representatives
23060,434061,140.0,37640.0,40000.0,42890.0,46090.0,52170.0,"Eligibility Interviewers, Government Programs"
23060,434071,90.0,34730.0,38620.0,46270.0,58530.0,65130.0,File Clerks
23060,434081,240.0,28690.0,29080.0,33100.0,35140.0,35640.0,"Hotel, Motel, and Resort Desk Clerks"
23060,434111,370.0,37540.0,38490.0,40760.0,47370.0,48980.0,"Interviewers, Except Eligibility and Loan"
23060,434121,90.0,22280.0,25850.0,31000.0,35380.0,38130.0,"Library Assistants, Clerical"
23060,434131,280.0,38840.0,41710.0,48120.0,55470.0,62510.0,Loan Interviewers and Clerks
23060,434161,70.0,33360.0,40220.0,46790.0,54240.0,60420.0,"Human Resources Assistants, Except Payroll and Timekeeping"
23060,434171,1310.0,23790.0,29520.0,35220.0,41240.0,46840.0,Receptionists and Information Clerks
23060,434199,60.0,34210.0,38890.0,49440.0,55430.0,58800.0,"Information and Record Clerks, All Other"
23060,435031,170.0,38000.0,47860.0,59460.0,59460.0,64430.0,Public Safety Telecommunicators
23060,435032,290.0,34180.0,42280.0,49310.0,61340.0,74100.0,"Dispatchers, Except Police, Fire, and Ambulance"
23060,435051,80.0,42600.0,57430.0,62610.0,72950.0,75030.0,Postal Service Clerks
23060,435052,440.0,42390.0,49960.0,62070.0,75190.0,81040.0,Postal Service Mail Carriers
23060,435061,590.0,41970.0,48250.0,58390.0,68700.0,79120.0,"Production, Planning, and Expediting Clerks"
23060,435071,1910.0,36670.0,39560.0,46640.0,50520.0,59900.0,"Shipping, Receiving, and Inventory Clerks"
23060,436011,220.0,44860.0,51560.0,62640.0,74310.0,83560.0,Executive Secretaries and Executive Administrative Assistants
23060,436012,160.0,36600.0,42450.0,44730.0,55590.0,67810.0,Legal Secretaries and Administrative Assistants
23060,436013,1760.0,35990.0,38750.0,45030.0,47170.0,56930.0,Medical Secretaries and Administrative Assistants
23060,436014,1340.0,29990.0,36650.0,44820.0,49910.0,59170.0,"Secretaries and Administrative Assistants, Except Legal, Medical, and Executive"
23060,439021,120.0,31550.0,33870.0,39480.0,46350.0,50890.0,Data Entry Keyers
23060,439041,450.0,38370.0,40720.0,47690.0,57010.0,63970.0,Insurance Claims and Policy Processing Clerks
23060,439061,4250.0,29380.0,36770.0,45140.0,52000.0,64750.0,"Office Clerks, General"
23060,450000,180.0,34440.0,39100.0,45470.0,53330.0,66270.0,"Farming, Fishing, and Forestry Occupations"
23060,470000,10450.0,39270.0,47740.0,61790.0,79260.0,96220.0,Construction and Extraction Occupations
23060,471011,1250.0,60150.0,66660.0,81760.0,96220.0,112530.0,First-Line Supervisors of Construction Trades and Extraction Workers
23060,472031,1240.0,44790.0,49380.0,60400.0,69490.0,77130.0,Carpenters
23060,472051,260.0,45130.0,48620.0,60580.0,66420.0,73120.0,Cement Masons and Concrete Finishers
23060,472061,1670.0,36270.0,40210.0,47480.0,59640.0,69230.0,Construction Laborers
23060,472073,650.0,46500.0,57800.0,77450.0,92670.0,95730.0,Operating Engineers and Other Construction Equipment Operators
23060,472111,1260.0,42720.0,50060.0,71290.0,92490.0,95150.0,Electricians
23060,472141,200.0,36070.0,40890.0,49130.0,60840.0,67930.0,"Painters, Construction and Maintenance"
23060,472152,1160.0,47850.0,60610.0,77110.0,102520.0,102520.0,"Plumbers, Pipefitters, and Steamfitters"
23060,472181,270.0,37630.0,39930.0,48830.0,61940.0,79700.0,Roofers
23060,474011,120.0,48150.0,59790.0,67680.0,78270.0,89410.0,Construction and Building Inspectors
23060,474051,320.0,40940.0,48670.0,55030.0,62510.0,62520.0,Highway Maintenance Workers
23060,490000,9950.0,36820.0,46070.0,58560.0,72620.0,86510.0,"Installation, Maintenance, and Repair Occupations"
23060,491011,950.0,53140.0,63860.0,76640.0,94680.0,109030.0,"First-Line Supervisors of Mechanics, Installers, and Repairers"
23060,492011,80.0,30570.0,36150.0,38840.0,50250.0,59250.0,"Computer, Automated Teller, and Office Machine Repairers"
23060,492022,160.0,47150.0,53410.0,61640.0,74390.0,76330.0,"Telecommunications Equipment Installers and Repairers, Except Line Installers"
23060,492098,120.0,43770.0,48210.0,49310.0,60010.0,69190.0,Security and Fire Alarm Systems Installers
23060,493021,290.0,37020.0,45390.0,53200.0,66210.0,83000.0,Automotive Body and Related Repairers
23060,493023,1240.0,35850.0,39080.0,49810.0,63060.0,77080.0,Automotive Service Technicians and Mechanics
23060,493031,780.0,45710.0,49030.0,60210.0,71510.0,78350.0,Bus and Truck Mechanics and Diesel Engine Specialists
23060,493042,220.0,46490.0,54660.0,62750.0,77410.0,94390.0,"Mobile Heavy Equipment Mechanics, Except Engines"
23060,493093,240.0,30710.0,33590.0,36310.0,45120.0,59040.0,Tire Repairers and Changers
23060,499021,870.0,39450.0,48400.0,60830.0,85130.0,96980.0,"Heating, Air Conditioning, and Refrigeration Mechanics and Installers"
23060,499041,1050.0,47550.0,56930.0,61790.0,73400.0,77480.0,Industrial Machinery Mechanics
23060,499052,190.0,39010.0,51430.0,66030.0,74350.0,78240.0,Telecommunications Line Installers and Repairers
23060,499062,110.0,46470.0,49360.0,60510.0,76360.0,79770.0,Medical Equipment Repairers
23060,499071,2210.0,35080.0,41710.0,49250.0,61090.0,73490.0,"Maintenance and Repair Workers, General"
23060,510000,26380.0,36210.0,40350.0,47640.0,60280.0,78480.0,Production Occupations
23060,511011,1880.0,46970.0,58100.0,65470.0,80080.0,97070.0,First-Line Supervisors of Production and Operating Workers
23060,512090,8260.0,36180.0,39590.0,48120.0,78480.0,78480.0,Miscellaneous Assemblers and Fabricators
23060,513011,180.0,24710.0,30100.0,36280.0,44890.0,47850.0,Bakers
23060,513021,130.0,28860.0,35540.0,45240.0,49930.0,58460.0,Butchers and Meat Cutters
23060,514021,790.0,39280.0,46710.0,56970.0,56970.0,58570.0,"Extruding and Drawing Machine Setters, Operators, and Tenders, Metal and Plastic"
23060,514031,770.0,36400.0,39730.0,42960.0,49460.0,56980.0,"Cutting, Punching, and Press Machine Setters, Operators, and Tenders, Metal and Plastic"
23060,514041,1030.0,38510.0,47800.0,53770.0,59750.0,71210.0,Machinists
23060,514081,390.0,31670.0,37160.0,43300.0,47310.0,58270.0,"Multiple Machine Tool Setters, Operators, and Tenders, Metal and Plastic"
23060,514121,890.0,38340.0,45570.0,49300.0,59540.0,63730.0,"Welders, Cutters, Solderers, and Brazers"
23060,515112,300.0,35380.0,37440.0,46360.0,50110.0,60680.0,Printing Press Operators
23060,516011,210.0,27370.0,29140.0,29930.0,34130.0,36940.0,Laundry and Dry-Cleaning Workers
23060,518031,130.0,43350.0,49670.0,61240.0,75290.0,75290.0,Water and Wastewater Treatment Plant and System Operators
23060,519032,130.0,37170.0,40680.0,46420.0,49040.0,57090.0,"Cutting and Slicing Machine Setters, Operators, and Tenders"
23060,519061,1530.0,35140.0,38880.0,48120.0,58000.0,60920.0,"Inspectors, Testers, Sorters, Samplers, and Weighers"
23060,519111,870.0,36280.0,39060.0,43990.0,48430.0,50010.0,Packaging and Filling Machine Operators and Tenders
23060,519161,960.0,38980.0,45450.0,48430.0,53840.0,60740.0,Computer Numerically Controlled Tool Operators
23060,519195,90.0,32700.0,39590.0,47530.0,48780.0,60660.0,"Molders, Shapers, and Casters, Except Metal and Plastic"
23060,519199,90.0,36500.0,38680.0,42030.0,48630.0,49700.0,"Production Workers, All Other"
23060,530000,23980.0,29690.0,35100.0,41330.0,51390.0,63630.0,Transportation and Material Moving Occupations
23060,531047,1060.0,42420.0,49170.0,61850.0,76910.0,88770.0,"First-Line Supervisors of Transportation and Material Moving Workers, Except Aircraft Cargo Handling"
23060,533031,980.0,22220.0,22870.0,33290.0,48530.0,59710.0,Driver/Sales Workers
23060,533032,4210.0,39250.0,48740.0,59050.0,69370.0,75160.0,Heavy and Tractor-Trailer Truck Drivers
23060,533033,1760.0,31200.0,39310.0,43650.0,47730.0,77730.0,Light Truck Drivers
23060,533051,740.0,27210.0,44540.0,48020.0,55760.0,61670.0,"Bus Drivers, School"
23060,533053,310.0,25000.0,28860.0,31270.0,37030.0,44430.0,Shuttle Drivers and Chauffeurs
23060,536031,260.0,28670.0,30490.0,36200.0,36960.0,42950.0,Automotive and Watercraft Service Attendants
23060,537051,1550.0,36910.0,39950.0,43850.0,50010.0,60910.0,Industrial Truck and Tractor Operators
23060,537061,600.0,27020.0,27950.0,34070.0,37670.0,48560.0,Cleaners of Vehicles and Equipment
23060,537062,5800.0,29620.0,35430.0,37860.0,46110.0,53630.0,"Laborers and Freight, Stock, and Material Movers, Hand"
23060,537064,950.0,30780.0,33530.0,36630.0,39610.0,45030.0,"Packers and Packagers, Hand"
23060,537065,4590.0,29810.0,31660.0,35690.0,37380.0,46550.0,Stockers and Order Fillers
23060,113061,80.0,68450.0,94300.0,111820.0,162370.0,209990.0,Purchasing Managers
23060,119031,50.0,37010.0,39780.0,53850.0,60590.0,82930.0,"Education and Childcare Administrators, Preschool and Daycare"
23060,119033,210.0,49300.0,61940.0,85400.0,115250.0,141470.0,"Education Administrators, Postsecondary"
23060,132082,140.0,32830.0,38500.0,45930.0,62340.0,86590.0,Tax Preparers
23060,171022,60.0,46450.0,64000.0,84800.0,103260.0,176220.0,Surveyors
23060,173022,40.0,49080.0,55540.0,58460.0,74820.0,91820.0,Civil Engineering Technologists and Technicians
23060,211094,90.0,38640.0,40780.0,48970.0,55240.0,82600.0,Community Health Workers
23060,252012,230.0,47970.0,49850.0,59310.0,61370.0,79220.0,"Kindergarten Teachers, Except Special Education"
23060,252022,660.0,48170.0,49260.0,61970.0,79080.0,80970.0,"Middle School Teachers, Except Special and Career/Technical Education"
23060,252057,70.0,47430.0,49750.0,58580.0,73590.0,79370.0,"Special Education Teachers, Middle School"
23060,252058,140.0,46460.0,48890.0,56500.0,73050.0,80550.0,"Special Education Teachers, Secondary School"
23060,259031,190.0,35750.0,45530.0,62070.0,79550.0,86080.0,Instructional Coordinators
23060,259099,40.0,36200.0,48530.0,48530.0,56620.0,90150.0,"Educational Instruction and Library Workers, All Other"
23060,274021,100.0,28460.0,31100.0,36900.0,44960.0,57610.0,Photographers
23060,292043,140.0,50820.0,55960.0,59160.0,73510.0,76700.0,Paramedics
23060,292057,130.0,35410.0,36160.0,43990.0,46790.0,57560.0,Ophthalmic Medical Technicians
23060,299091,100.0,49000.0,50370.0,63380.0,64640.0,77530.0,Athletic Trainers
23060,312011,100.0,52870.0,62970.0,73130.0,76510.0,89870.0,Occupational Therapy Assistants
23060,319097,100.0,36920.0,37480.0,37550.0,45090.0,48400.0,Phlebotomists
23060,333021,90.0,39520.0,61220.0,74820.0,74820.0,111990.0,Detectives and Criminal Investigators
23060,339092,270.0,22670.0,23310.0,28720.0,32610.0,36630.0,"Lifeguards, Ski Patrol, and Other Recreational Protective Service Workers"
23060,353041,440.0,26260.0,28740.0,35190.0,38960.0,47850.0,"Food Servers, Nonrestaurant"
23060,393031,170.0,20550.0,22750.0,31930.0,31930.0,34940.0,"Ushers, Lobby Attendants, and Ticket Takers"
23060,395094,60.0,21470.0,30040.0,39940.0,50550.0,66630.0,Skincare Specialists
23060,397010,60.0,29120.0,31030.0,31280.0,35930.0,39550.0,Tour and Travel Guides
23060,433061,90.0,36410.0,42320.0,46850.0,54820.0,58960.0,Procurement Clerks
23060,435021,70.0,30950.0,36040.0,39230.0,49170.0,49890.0,Couriers and Messengers
23060,435111,90.0,38370.0,49320.0,51280.0,57210.0,59600.0,"Weighers, Measurers, Checkers, and Samplers, Recordkeeping"
23060,472042,80.0,40230.0,40230.0,49500.0,58440.0,67330.0,"Floor Layers, Except Carpet, Wood, and Hard Tiles"
23060,472211,,44830.0,48660.0,61430.0,90550.0,90550.0,Sheet Metal Workers
23060,493041,70.0,40390.0,47570.0,58560.0,71650.0,72400.0,Farm Equipment Mechanics and Service Technicians
23060,499043,70.0,37760.0,45010.0,45010.0,54170.0,62020.0,"Maintenance Workers, Machinery"
23060,499044,110.0,58670.0,62330.0,91410.0,91410.0,91410.0,Millwrights
23060,499051,100.0,62340.0,82000.0,101810.0,103810.0,117020.0,Electrical Power-Line Installers and Repairers
23060,499098,110.0,23200.0,29320.0,36500.0,49290.0,52540.0,"Helpers--Installation, Maintenance, and Repair Workers"
23060,499099,120.0,32930.0,38490.0,45580.0,55820.0,63540.0,"Installation, Maintenance, and Repair Workers, All Other"
23060,513092,200.0,29140.0,30250.0,37300.0,44160.0,56690.0,Food Batchmakers
23060,514072,400.0,34420.0,36560.0,46420.0,57720.0,61030.0,"Molding, Coremaking, and Casting Machine Setters, Operators, and Tenders, Metal and Plastic"
23060,514111,340.0,43550.0,51860.0,61340.0,71280.0,84650.0,Tool and Die Makers
23060,516031,220.0,30950.0,36200.0,37090.0,44020.0,47800.0,Sewing Machine Operators
23060,519011,120.0,37500.0,41160.0,45970.0,59300.0,72970.0,Chemical Equipment Operators and Tenders
23060,519124,420.0,36310.0,38780.0,46250.0,52140.0,61410.0,"Coating, Painting, and Spraying Machine Setters, Operators, and Tenders"
23060,519162,190.0,49710.0,54010.0,65490.0,72810.0,78930.0,Computer Numerically Controlled Tool Programmers
23060,519196,210.0,35460.0,46600.0,48080.0,51670.0,56810.0,"Paper Goods Machine Setters, Operators, and Tenders"
23060,519198,100.0,36010.0,37750.0,43300.0,47530.0,52800.0,Helpers--Production Workers
23060,536021,170.0,28850.0,31340.0,32080.0,41680.0,41690.0,Parking Attendants
23060,537063,230.0,30260.0,32320.0,37410.0,44150.0,44860.0,Machine Feeders and Offbearers
23060,537081,170.0,28650.0,50720.0,58650.0,60500.0,60890.0,Refuse and Recyclable Material Collectors
23060,119039,40.0,50210.0,50260.0,63910.0,83420.0,92720.0,"Education Administrators, All Other"
23060,131075,190.0,31040.0,44890.0,77380.0,93030.0,104130.0,Labor Relations Specialists
23060,132041,30.0,48680.0,53930.0,59240.0,79810.0,121180.0,Credit Analysts
23060,132053,330.0,46680.0,50580.0,64490.0,80710.0,100640.0,Insurance Underwriters
23060,132071,40.0,44780.0,47980.0,47980.0,49830.0,58330.0,Credit Counselors
23060,132099,30.0,41660.0,54230.0,57300.0,78540.0,128980.0,"Financial Specialists, All Other"
23060,151212,130.0,62580.0,75020.0,97000.0,122100.0,144060.0,Information Security Analysts
23060,151243,30.0,67230.0,83480.0,103830.0,129990.0,166980.0,Database Architects
23060,151253,80.0,54910.0,66830.0,79710.0,95320.0,120290.0,Software Quality Assurance Analysts and Testers
23060,152031,100.0,59850.0,59850.0,68010.0,83220.0,104620.0,Operations Research Analysts
23060,172199,80.0,63670.0,80640.0,107720.0,137890.0,152830.0,"Engineers, All Other"
23060,173023,140.0,46060.0,49180.0,61860.0,76930.0,85510.0,Electrical and Electronic Engineering Technologists and Technicians
23060,173027,100.0,48370.0,59260.0,64490.0,77620.0,95270.0,Mechanical Engineering Technologists and Technicians
23060,193034,50.0,56490.0,63250.0,68370.0,88370.0,122440.0,School Psychologists
23060,194042,40.0,38090.0,54090.0,62710.0,63100.0,77780.0,"Environmental Science and Protection Technicians, Including Health"
23060,194092,30.0,60600.0,60600.0,72510.0,77680.0,86560.0,Forensic Science Technicians
23060,211029,100.0,62210.0,62210.0,74510.0,90100.0,103900.0,"Social Workers, All Other"
23060,212011,90.0,41670.0,50390.0,60360.0,69670.0,76400.0,Clergy
23060,231023,50.0,84830.0,115790.0,159620.0,183000.0,183000.0,"Judges, Magistrate Judges, and Magistrates"
23060,251042,50.0,46280.0,59460.0,76260.0,82950.0,137190.0,"Biological Science Teachers, Postsecondary"
23060,251072,90.0,50790.0,63210.0,63490.0,79500.0,96970.0,"Nursing Instructors and Teachers, Postsecondary"
23060,251081,170.0,38990.0,51780.0,67400.0,81770.0,104380.0,"Education Teachers, Postsecondary"
23060,252032,,44030.0,60110.0,62860.0,76260.0,76270.0,"Career/Technical Education Teachers, Secondary School"
23060,253041,80.0,29010.0,37290.0,48100.0,51330.0,64540.0,Tutors
23060,271023,50.0,27820.0,30630.0,36080.0,42220.0,45650.0,Floral Designers
23060,273043,50.0,51910.0,53170.0,63640.0,89300.0,118470.0,Writers and Authors
23060,291215,70.0,132630.0,146210.0,225750.0,332460.0,486290.0,Family Medicine Physicians
23060,319099,80.0,38660.0,38660.0,46560.0,56860.0,67600.0,"Healthcare Support Workers, All Other"
23060,331021,130.0,85880.0,85880.0,92310.0,92310.0,103280.0,First-Line Supervisors of Firefighting and Prevention Workers
23060,339099,40.0,27280.0,30220.0,47180.0,56160.0,56160.0,"Protective Service Workers, All Other"
23060,372021,100.0,32120.0,36440.0,37630.0,49340.0,61460.0,Pest Control Workers
23060,394021,80.0,30150.0,31060.0,35360.0,37020.0,44780.0,Funeral Attendants
23060,419011,70.0,32010.0,32010.0,32010.0,47630.0,57380.0,Demonstrators and Product Promoters
23060,419099,50.0,25680.0,31650.0,40310.0,58640.0,70040.0,"Sales and Related Workers, All Other"
23060,435053,110.0,45530.0,48880.0,58470.0,68810.0,75280.0,"Postal Service Mail Sorters, Processors, and Processing Machine Operators"
23060,439051,80.0,28560.0,34170.0,38540.0,46750.0,56320.0,"Mail Clerks and Mail Machine Operators, Except Postal Service"
23060,472021,90.0,39780.0,50020.0,64240.0,77490.0,89640.0,Brickmasons and Blockmasons
23060,474031,50.0,38610.0,38720.0,46160.0,46170.0,60320.0,Fence Erectors
23060,492094,70.0,41230.0,60470.0,67140.0,73800.0,80870.0,"Electrical and Electronics Repairers, Commercial and Industrial Equipment"
23060,493011,90.0,46630.0,59200.0,71070.0,76690.0,82580.0,Aircraft Mechanics and Service Technicians
23060,512028,1420.0,35990.0,39160.0,41060.0,45600.0,48430.0,"Electrical, Electronic, and Electromechanical Assemblers, Except Coil Winders, Tapers, and Finishers"
23060,519023,330.0,36990.0,39280.0,45450.0,48340.0,62390.0,"Mixing and Blending Machine Setters, Operators, and Tenders"
23060,112032,40.0,70290.0,94050.0,121780.0,133340.0,169240.0,Public Relations Managers
23060,112033,40.0,60140.0,76430.0,98990.0,122470.0,186640.0,Fundraising Managers
23060,113131,40.0,84120.0,99590.0,124440.0,140000.0,171710.0,Training and Development Managers
23060,132054,30.0,50160.0,58700.0,82390.0,125190.0,153390.0,Financial Risk Specialists
23060,151254,50.0,41010.0,62060.0,72180.0,84840.0,132120.0,Web Developers
23060,151255,100.0,51410.0,61620.0,70270.0,92730.0,125000.0,Web and Digital Interface Designers
23060,152011,60.0,75510.0,100690.0,128290.0,134220.0,162480.0,Actuaries
23060,171012,40.0,45310.0,55950.0,67990.0,78400.0,90850.0,Landscape Architects
23060,172072,60.0,69500.0,84300.0,101570.0,115870.0,132640.0,"Electronics Engineers, Except Computer"
23060,172131,50.0,62740.0,82380.0,99640.0,125260.0,152540.0,Materials Engineers
23060,173013,80.0,42340.0,50350.0,64820.0,73730.0,86630.0,Mechanical Drafters
23060,173028,60.0,35790.0,46920.0,51310.0,65830.0,72790.0,Calibration Technologists and Technicians
23060,211013,30.0,23550.0,45270.0,53560.0,71680.0,81890.0,Marriage and Family Therapists
23060,251021,90.0,60390.0,76020.0,85340.0,142110.0,173770.0,"Computer Science Teachers, Postsecondary"
23060,251022,60.0,50190.0,62900.0,77600.0,109020.0,133440.0,"Mathematical Science Teachers, Postsecondary"
23060,251032,30.0,61070.0,80380.0,103480.0,134950.0,177660.0,"Engineering Teachers, Postsecondary"
23060,251123,50.0,51120.0,57380.0,65340.0,84580.0,108600.0,"English Language and Literature Teachers, Postsecondary"
23060,259044,110.0,36890.0,36890.0,46910.0,67920.0,81770.0,"Teaching Assistants, Postsecondary"
23060,271011,40.0,,,,,,Art Directors
23060,271021,30.0,47840.0,55650.0,67810.0,96700.0,128490.0,Commercial and Industrial Designers
23060,271025,80.0,38470.0,45940.0,61110.0,79050.0,87710.0,Interior Designers
23060,272023,,23920.0,37870.0,41010.0,51830.0,68660.0,"Umpires, Referees, and Other Sports Officials"
23060,273041,60.0,29730.0,38580.0,50810.0,69280.0,91750.0,Editors
23060,273042,40.0,47540.0,58130.0,60480.0,78700.0,81280.0,Technical Writers
23060,273091,70.0,40440.0,42330.0,44000.0,51980.0,75930.0,Interpreters and Translators
23060,291011,60.0,36240.0,58590.0,73880.0,103230.0,120640.0,Chiropractors
23060,291041,60.0,82970.0,92700.0,129390.0,161820.0,178500.0,Optometrists
23060,291129,30.0,46550.0,56070.0,56070.0,67280.0,99040.0,"Therapists, All Other"
23060,291181,50.0,73250.0,74810.0,80080.0,104000.0,104000.0,Audiologists
23060,291214,90.0,,,,,,Emergency Medicine Physicians
23060,292092,40.0,37010.0,44590.0,64510.0,75300.0,100380.0,Hearing Aid Specialists
23060,299093,110.0,41090.0,52420.0,65910.0,97290.0,97290.0,Surgical Assistants
23060,311132,40.0,35310.0,35310.0,35830.0,35830.0,36840.0,Orderlies
23060,312022,50.0,22620.0,23010.0,29930.0,36710.0,44340.0,Physical Therapist Aides
23060,319095,50.0,34400.0,34680.0,35110.0,39260.0,48620.0,Pharmacy Aides
23060,331011,40.0,49490.0,62400.0,76420.0,88690.0,90670.0,First-Line Supervisors of Correctional Officers
23060,339021,40.0,36500.0,37940.0,39220.0,47620.0,69990.0,Private Detectives and Investigators
23060,339093,50.0,43870.0,61110.0,63130.0,67200.0,73320.0,Transportation Security Screeners
23060,339094,100.0,26620.0,29910.0,32340.0,36280.0,45320.0,School Bus Monitors
23060,373012,90.0,37970.0,40400.0,46860.0,49480.0,56320.0,"Pesticide Handlers, Sprayers, and Applicators, Vegetation"
23060,394031,30.0,31680.0,44370.0,61630.0,76940.0,110080.0,"Morticians, Undertakers, and Funeral Arrangers"
23060,395092,40.0,21640.0,29530.0,35570.0,43970.0,43970.0,Manicurists and Pedicurists
23060,413041,40.0,31530.0,36370.0,47610.0,56780.0,61370.0,Travel Agents
23060,434011,40.0,46970.0,48560.0,55590.0,58690.0,63710.0,Brokerage Clerks
23060,434141,40.0,38010.0,38990.0,42950.0,42950.0,47780.0,New Accounts Clerks
23060,434151,120.0,34820.0,38160.0,43950.0,46570.0,51170.0,Order Clerks
23060,435011,140.0,36790.0,36790.0,42880.0,59290.0,79620.0,Cargo and Freight Agents
23060,439071,40.0,28020.0,32150.0,39910.0,47800.0,56980.0,"Office Machine Operators, Except Computer"
23060,452011,30.0,41860.0,53330.0,61440.0,72000.0,76030.0,Agricultural Inspectors
23060,452091,70.0,39570.0,40980.0,45470.0,46960.0,51140.0,Agricultural Equipment Operators
23060,452092,40.0,24960.0,32800.0,37720.0,45890.0,53310.0,"Farmworkers and Laborers, Crop, Nursery, and Greenhouse"
23060,472071,50.0,41400.0,53000.0,95510.0,95510.0,95530.0,"Paving, Surfacing, and Tamping Equipment Operators"
23060,472081,40.0,39040.0,44830.0,49680.0,63760.0,66580.0,Drywall and Ceiling Tile Installers
23060,472121,120.0,45440.0,48310.0,60150.0,64180.0,72730.0,Glaziers
23060,472131,140.0,37190.0,37190.0,45340.0,57230.0,59210.0,"Insulation Workers, Floor, Ceiling, and Wall"
23060,472221,190.0,44610.0,51260.0,67530.0,73680.0,92180.0,Structural Iron and Steel Workers
23060,473013,100.0,34900.0,34900.0,34900.0,41600.0,45830.0,Helpers--Electricians
23060,474041,70.0,36930.0,44260.0,45260.0,47480.0,57960.0,Hazardous Materials Removal Workers
23060,474071,40.0,33660.0,37680.0,46390.0,49400.0,58640.0,Septic Tank Servicers and Sewer Pipe Cleaners
23060,492092,30.0,36780.0,41290.0,45010.0,46770.0,57700.0,"Electric Motor, Power Tool, and Related Repairers"
23060,492097,40.0,30680.0,30680.0,41240.0,46450.0,51310.0,Audiovisual Equipment Installers and Repairers
23060,493053,90.0,34490.0,36690.0,47500.0,55940.0,62150.0,Outdoor Power Equipment and Other Small Engine Mechanics
23060,499011,50.0,41810.0,48290.0,59900.0,74580.0,77640.0,Mechanical Door Repairers
23060,499031,70.0,27800.0,31870.0,41290.0,52540.0,60500.0,Home Appliance Repairers
23060,512021,110.0,32320.0,46900.0,46900.0,53770.0,59430.0,"Coil Winders, Tapers, and Finishers"
23060,512041,200.0,40700.0,47600.0,60180.0,60180.0,62190.0,Structural Metal Fabricators and Fitters
23060,512051,80.0,38500.0,38520.0,43490.0,46580.0,53600.0,Fiberglass Laminators and Fabricators
23060,514033,200.0,38460.0,45580.0,46530.0,48790.0,59630.0,"Grinding, Lapping, Polishing, & Buffing Machine Tool Setters, Operators, & Tenders, Metal & Plastic"
23060,514034,80.0,43030.0,47380.0,49340.0,59900.0,61790.0,"Lathe and Turning Machine Tool Setters, Operators, and Tenders, Metal and Plastic"
23060,514035,40.0,47000.0,47000.0,55860.0,61500.0,71300.0,"Milling and Planing Machine Setters, Operators, and Tenders, Metal and Plastic"
23060,514051,130.0,40380.0,44770.0,46380.0,59700.0,59760.0,Metal-Refining Furnace Operators and Tenders
23060,514122,70.0,37550.0,38040.0,44670.0,50910.0,61080.0,"Welding, Soldering, and Brazing Machine Setters, Operators, and Tenders"
23060,514191,50.0,31130.0,34740.0,43960.0,50430.0,56840.0,"Heat Treating Equipment Setters, Operators, and Tenders, Metal and Plastic"
23060,514193,130.0,35420.0,38310.0,39210.0,44470.0,49710.0,"Plating Machine Setters, Operators, and Tenders, Metal and Plastic"
23060,515111,40.0,37770.0,46940.0,53660.0,59370.0,74320.0,Prepress Technicians and Workers
23060,515113,70.0,33060.0,36620.0,38880.0,48680.0,50580.0,Print Binding and Finishing Workers
23060,517011,250.0,30910.0,37500.0,45330.0,47330.0,58230.0,Cabinetmakers and Bench Carpenters
23060,517021,100.0,35420.0,39850.0,48000.0,48000.0,51220.0,Furniture Finishers
23060,517041,50.0,36700.0,37780.0,38600.0,45280.0,47900.0,"Sawing Machine Setters, Operators, and Tenders, Wood"
23060,517042,80.0,32030.0,37200.0,39110.0,46500.0,50170.0,"Woodworking Machine Setters, Operators, and Tenders, Except Sawing"
23060,519012,80.0,45790.0,45790.0,48930.0,49520.0,49520.0,"Separating, Filtering, Clarifying, Precipitating, and Still Machine Setters, Operators, and Tenders"
23060,519021,30.0,36690.0,37810.0,47790.0,65590.0,67580.0,"Crushing, Grinding, and Polishing Machine Setters, Operators, and Tenders"
23060,519041,150.0,39780.0,45980.0,46910.0,59590.0,60800.0,"Extruding, Forming, Pressing, and Compacting Machine Setters, Operators, and Tenders"
23060,519081,90.0,35360.0,47080.0,50380.0,62320.0,64480.0,Dental Laboratory Technicians
23060,519197,720.0,51170.0,51170.0,51170.0,58470.0,58470.0,Tire Builders
23060,532022,40.0,31770.0,31770.0,31770.0,37270.0,48830.0,Airfield Operations Specialists
23060,533099,50.0,25020.0,25100.0,28530.0,54620.0,62900.0,"Motor Vehicle Operators, All Other"
23060,492096,40.0,39580.0,42280.0,49540.0,57890.0,71930.0,"Electronic Equipment Installers and Repairers, Motor Vehicles"
23060,519123,40.0,27160.0,27160.0,37230.0,44340.0,62730.0,"Painting, Coating, and Decorating Workers"
26580,000000,140740.0,25280.0,31200.0,44600.0,64120.0,95750.0,All Occupations
26580,110000,8000.0,46810.0,61780.0,88400.0,127500.0,174010.0,Management Occupations
26580,111011,270.0,67330.0,99920.0,161760.0,258450.0,429300.0,Chief Executives
26580,111021,3310.0,41330.0,54370.0,77350.0,119980.0,168240.0,General and Operations Managers
26580,112021,70.0,61300.0,82320.0,106640.0,136580.0,197720.0,Marketing Managers
26580,112022,260.0,59360.0,79410.0,107470.0,154330.0,202960.0,Sales Managers
26580,113012,210.0,55290.0,75440.0,91450.0,104500.0,135760.0,Administrative Services Managers
26580,113013,80.0,51290.0,67330.0,84340.0,105350.0,145270.0,Facilities Managers
26580,113021,120.0,71630.0,81240.0,128020.0,161390.0,181960.0,Computer and Information Systems Managers
26580,113031,400.0,68490.0,79730.0,106010.0,145070.0,181250.0,Financial Managers
26580,113051,210.0,73490.0,93830.0,107340.0,128020.0,174260.0,Industrial Production Managers
26580,113071,80.0,52180.0,60010.0,76270.0,116290.0,176730.0,"Transportation, Storage, and Distribution Managers"
26580,113121,100.0,71300.0,89040.0,110000.0,143490.0,207790.0,Human Resources Managers
26580,119021,190.0,61790.0,78790.0,98690.0,129500.0,152720.0,Construction Managers
26580,119032,360.0,59200.0,75340.0,85010.0,95000.0,100080.0,"Education Administrators, Kindergarten through Secondary"
26580,119041,90.0,115320.0,123180.0,141130.0,165950.0,186580.0,Architectural and Engineering Managers
26580,119051,220.0,37670.0,47980.0,59090.0,65710.0,77830.0,Food Service Managers
26580,119111,570.0,61520.0,79230.0,106120.0,145720.0,207700.0,Medical and Health Services Managers
26580,119141,210.0,36410.0,45100.0,60750.0,80530.0,105200.0,"Property, Real Estate, and Community Association Managers"
26580,119151,260.0,40160.0,49180.0,64240.0,87940.0,113780.0,Social and Community Service Managers
26580,119199,340.0,56070.0,76490.0,107420.0,147540.0,190420.0,"Managers, All Other"
26580,130000,5300.0,40180.0,50170.0,66200.0,90050.0,116360.0,Business and Financial Operations Occupations
26580,131020,290.0,44050.0,52150.0,64980.0,84960.0,106330.0,Buyers and Purchasing Agents
26580,131031,350.0,61110.0,67290.0,76400.0,94520.0,109300.0,"Claims Adjusters, Examiners, and Investigators"
26580,131041,210.0,39740.0,50350.0,71690.0,94700.0,110920.0,Compliance Officers
26580,131051,170.0,41370.0,50960.0,75350.0,98200.0,119170.0,Cost Estimators
26580,131071,540.0,39360.0,48700.0,59810.0,77750.0,104890.0,Human Resources Specialists
26580,131081,70.0,47430.0,56950.0,69390.0,94520.0,106330.0,Logisticians
26580,131082,510.0,47840.0,59730.0,79590.0,110490.0,136880.0,Project Management Specialists
26580,131111,260.0,51820.0,70850.0,88710.0,114760.0,154100.0,Management Analysts
26580,131121,60.0,28110.0,31450.0,34220.0,45000.0,65760.0,"Meeting, Convention, and Event Planners"
26580,131131,50.0,36080.0,43610.0,53190.0,65950.0,80190.0,Fundraisers
26580,131141,60.0,37120.0,41630.0,55530.0,173540.0,173540.0,"Compensation, Benefits, and Job Analysis Specialists"
26580,131151,290.0,36650.0,44900.0,58750.0,73550.0,92360.0,Training and Development Specialists
26580,131161,290.0,35110.0,42800.0,55700.0,66690.0,87080.0,Market Research Analysts and Marketing Specialists
26580,131199,520.0,37730.0,47970.0,63130.0,88710.0,111730.0,"Business Operations Specialists, All Other"
26580,132011,850.0,48120.0,57610.0,70840.0,85890.0,106600.0,Accountants and Auditors
26580,132020,60.0,30600.0,30940.0,38040.0,55240.0,74300.0,Property Appraisers and Assessors
26580,132051,50.0,45880.0,63620.0,73070.0,86670.0,117170.0,Financial and Investment Analysts
26580,132052,90.0,38430.0,46240.0,72460.0,127470.0,218370.0,Personal Financial Advisors
26580,132072,210.0,38430.0,45840.0,57000.0,89210.0,137380.0,Loan Officers
26580,150000,1620.0,43530.0,53090.0,74610.0,103640.0,131710.0,Computer and Mathematical Occupations
26580,151211,150.0,52010.0,62740.0,85180.0,103640.0,126250.0,Computer Systems Analysts
26580,151231,110.0,30570.0,37110.0,47970.0,61770.0,84690.0,Computer Network Support Specialists
26580,151232,360.0,38500.0,45970.0,52520.0,61770.0,80070.0,Computer User Support Specialists
26580,151241,40.0,61220.0,76610.0,97380.0,117430.0,145360.0,Computer Network Architects
26580,151242,50.0,41140.0,46230.0,57680.0,98430.0,151400.0,Database Administrators
26580,151244,160.0,52360.0,62040.0,76320.0,95980.0,124530.0,Network and Computer Systems Administrators
26580,151252,280.0,52390.0,78730.0,110780.0,131220.0,166980.0,Software Developers
26580,151299,210.0,48930.0,58070.0,96960.0,119340.0,153940.0,"Computer Occupations, All Other"
26580,152051,50.0,59860.0,66720.0,91130.0,124460.0,149670.0,Data Scientists
26580,170000,1470.0,47400.0,62260.0,83560.0,112380.0,133470.0,Architecture and Engineering Occupations
26580,172051,290.0,55690.0,68680.0,94520.0,119430.0,132250.0,Civil Engineers
26580,172071,110.0,67540.0,78850.0,107120.0,125240.0,133470.0,Electrical Engineers
26580,172112,220.0,67630.0,81940.0,99550.0,130750.0,157960.0,Industrial Engineers
26580,172141,160.0,61150.0,72570.0,95850.0,117910.0,131610.0,Mechanical Engineers
26580,173011,50.0,37990.0,44110.0,58180.0,78890.0,93790.0,Architectural and Civil Drafters
26580,173031,60.0,36050.0,38880.0,45720.0,58200.0,77980.0,Surveying and Mapping Technicians
26580,190000,1090.0,35110.0,48430.0,64280.0,93430.0,115210.0,"Life, Physical, and Social Science Occupations"
26580,192031,40.0,52490.0,59600.0,76110.0,93430.0,106670.0,Chemists
26580,192041,40.0,47900.0,71040.0,82100.0,107090.0,120530.0,"Environmental Scientists and Specialists, Including Health"
26580,193033,180.0,42020.0,57920.0,72150.0,104640.0,130680.0,Clinical and Counseling Psychologists
26580,193039,30.0,33880.0,80930.0,115360.0,142270.0,142270.0,"Psychologists, All Other"
26580,193051,30.0,47840.0,50320.0,54650.0,97470.0,115920.0,Urban and Regional Planners
26580,194031,40.0,37460.0,43520.0,55340.0,62890.0,68710.0,Chemical Technicians
26580,195011,160.0,38280.0,54390.0,77450.0,105540.0,116170.0,Occupational Health and Safety Specialists
26580,210000,3660.0,32680.0,37950.0,47840.0,61320.0,77170.0,Community and Social Service Occupations
26580,211012,290.0,39650.0,46680.0,59380.0,70210.0,79440.0,"Educational, Guidance, and Career Counselors and Advisors"
26580,211015,60.0,28810.0,36320.0,44470.0,54140.0,63140.0,Rehabilitation Counselors
26580,211018,860.0,37770.0,43710.0,52000.0,61880.0,74590.0,"Substance Abuse, Behavioral Disorder, and Mental Health Counselors"
26580,211021,620.0,37650.0,43550.0,52220.0,61890.0,69440.0,"Child, Family, and School Social Workers"
26580,211022,320.0,37280.0,46950.0,62170.0,77660.0,83110.0,Healthcare Social Workers
26580,211023,170.0,31510.0,37390.0,42570.0,49720.0,60770.0,Mental Health and Substance Abuse Social Workers
26580,211091,80.0,41840.0,43450.0,63890.0,75400.0,103180.0,Health Education Specialists
26580,211092,110.0,36410.0,43650.0,54170.0,60620.0,76080.0,Probation Officers and Correctional Treatment Specialists
26580,211093,760.0,28280.0,31520.0,36440.0,40630.0,48170.0,Social and Human Service Assistants
26580,230000,790.0,39610.0,52620.0,74460.0,107310.0,156550.0,Legal Occupations
26580,231011,390.0,57960.0,73170.0,98070.0,136870.0,192340.0,Lawyers
26580,232011,240.0,34170.0,40040.0,51880.0,67740.0,107310.0,Paralegals and Legal Assistants
26580,250000,9280.0,27940.0,40070.0,52360.0,62030.0,77790.0,Educational Instruction and Library Occupations
26580,251011,80.0,61270.0,77800.0,104810.0,124720.0,168600.0,"Business Teachers, Postsecondary"
26580,251071,460.0,25700.0,25700.0,49540.0,99790.0,127560.0,"Health Specialties Teachers, Postsecondary"
26580,251121,60.0,49170.0,62410.0,71430.0,75170.0,96180.0,"Art, Drama, and Music Teachers, Postsecondary"
26580,251194,120.0,44060.0,45690.0,61530.0,64270.0,79260.0,"Career/Technical Education Teachers, Postsecondary"
26580,251199,160.0,46180.0,46180.0,59110.0,76710.0,98390.0,"Postsecondary Teachers, All Other"
26580,252011,480.0,23500.0,27120.0,30850.0,42550.0,58190.0,"Preschool Teachers, Except Special Education"
26580,252021,1350.0,44740.0,48690.0,57450.0,61810.0,74620.0,"Elementary School Teachers, Except Special Education"
26580,252031,920.0,46970.0,54760.0,61300.0,67030.0,79820.0,"Secondary School Teachers, Except Special and Career/Technical Education"
26580,252052,390.0,41210.0,46940.0,52360.0,62730.0,69260.0,"Special Education Teachers, Kindergarten and Elementary School"
26580,253021,90.0,20760.0,25310.0,37400.0,49260.0,63820.0,Self-Enrichment Teachers
26580,253031,860.0,44840.0,48070.0,48270.0,49570.0,63110.0,"Substitute Teachers, Short-Term"
26580,253099,120.0,30930.0,46050.0,63670.0,74290.0,88710.0,"Teachers and Instructors, All Other"
26580,254022,120.0,40350.0,49250.0,60800.0,68820.0,74580.0,Librarians and Media Collections Specialists
26580,254031,50.0,23060.0,26240.0,32820.0,37600.0,50010.0,Library Technicians
26580,259045,1230.0,23760.0,24450.0,28500.0,30120.0,36670.0,"Teaching Assistants, Except Postsecondary"
26580,270000,870.0,27420.0,33570.0,43050.0,59230.0,79800.0,"Arts, Design, Entertainment, Sports, and Media Occupations"
26580,271024,80.0,30070.0,35000.0,39420.0,49030.0,58120.0,Graphic Designers
26580,271026,130.0,30270.0,33160.0,35940.0,38130.0,46770.0,Merchandise Displayers and Window Trimmers
26580,272012,50.0,24650.0,33700.0,35860.0,51810.0,75520.0,Producers and Directors
26580,272022,160.0,27610.0,37630.0,49070.0,62780.0,99800.0,Coaches and Scouts
26580,273031,80.0,39620.0,46960.0,52000.0,71870.0,96930.0,Public Relations Specialists
26580,274011,70.0,35940.0,46350.0,46350.0,46350.0,60550.0,Audio and Video Technicians
26580,290000,15270.0,39580.0,56460.0,80020.0,102610.0,154460.0,Healthcare Practitioners and Technical Occupations
26580,291021,70.0,58070.0,104080.0,168210.0,221520.0,357490.0,"Dentists, General"
26580,291031,110.0,50880.0,65310.0,76400.0,91900.0,97760.0,Dietitians and Nutritionists
26580,291051,450.0,69740.0,123840.0,134370.0,147160.0,164080.0,Pharmacists
26580,291071,210.0,85290.0,109490.0,125690.0,137180.0,160910.0,Physician Assistants
26580,291122,140.0,62880.0,76760.0,98930.0,109300.0,128410.0,Occupational Therapists
26580,291123,300.0,74170.0,78100.0,98220.0,117000.0,130250.0,Physical Therapists
26580,291126,270.0,61690.0,62450.0,66040.0,77350.0,94280.0,Respiratory Therapists
26580,291127,200.0,62480.0,74080.0,98700.0,110890.0,122930.0,Speech-Language Pathologists
26580,291131,60.0,53320.0,92300.0,111400.0,155550.0,169240.0,Veterinarians
26580,291141,5580.0,62810.0,76150.0,81010.0,99980.0,124650.0,Registered Nurses
26580,291171,570.0,98860.0,107820.0,125780.0,132580.0,151330.0,Nurse Practitioners
26580,291216,30.0,149420.0,236410.0,321150.0,364260.0,450040.0,General Internal Medicine Physicians
26580,291229,850.0,54990.0,59160.0,277850.0,376540.0,592050.0,"Physicians, All Other"
26580,291292,180.0,61100.0,62470.0,73470.0,76820.0,82190.0,Dental Hygienists
26580,292010,390.0,37240.0,40190.0,60850.0,78090.0,97280.0,Clinical Laboratory Technologists and Technicians
26580,292032,160.0,67500.0,76820.0,78830.0,80560.0,100690.0,Diagnostic Medical Sonographers
26580,292034,360.0,61050.0,66340.0,79090.0,84310.0,94960.0,Radiologic Technologists and Technicians
26580,292035,60.0,68390.0,78550.0,89010.0,95480.0,111090.0,Magnetic Resonance Imaging Technologists
26580,292042,160.0,27970.0,29710.0,35630.0,36290.0,44400.0,Emergency Medical Technicians
26580,292052,800.0,31050.0,36140.0,38730.0,45080.0,49780.0,Pharmacy Technicians
26580,292053,180.0,29690.0,30080.0,34570.0,37630.0,43090.0,Psychiatric Technicians
26580,292055,160.0,38060.0,45440.0,51070.0,59130.0,76190.0,Surgical Technologists
26580,292061,1390.0,46520.0,48820.0,54540.0,59940.0,62140.0,Licensed Practical and Licensed Vocational Nurses
26580,292072,470.0,36750.0,40330.0,52000.0,62690.0,77320.0,Medical Records Specialists
26580,292081,80.0,31560.0,33720.0,38650.0,53200.0,61010.0,"Opticians, Dispensing"
26580,292099,150.0,37760.0,38800.0,46480.0,54950.0,73490.0,"Health Technologists and Technicians, All Other"
26580,310000,8070.0,24620.0,28740.0,35390.0,39150.0,46970.0,Healthcare Support Occupations
26580,311120,3620.0,23270.0,26090.0,28740.0,34770.0,39790.0,Home Health and Personal Care Aides
26580,311131,1950.0,29600.0,32210.0,37140.0,38410.0,45400.0,Nursing Assistants
26580,311133,80.0,30000.0,32460.0,38710.0,43600.0,46710.0,Psychiatric Aides
26580,312021,280.0,45640.0,50680.0,59930.0,66460.0,79160.0,Physical Therapist Assistants
26580,319011,40.0,26310.0,29350.0,44150.0,50820.0,62820.0,Massage Therapists
26580,319091,240.0,32120.0,36310.0,42660.0,46370.0,56760.0,Dental Assistants
26580,319092,1040.0,31540.0,35270.0,37500.0,40440.0,44920.0,Medical Assistants
26580,319093,100.0,37420.0,40820.0,46170.0,49860.0,62420.0,Medical Equipment Preparers
26580,319096,150.0,26830.0,28760.0,32610.0,35690.0,38110.0,Veterinary Assistants and Laboratory Animal Caretakers
26580,330000,2590.0,27550.0,32950.0,44910.0,56710.0,70080.0,Protective Service Occupations
26580,331012,120.0,46980.0,64290.0,74710.0,86590.0,102520.0,First-Line Supervisors of Police and Detectives
26580,331091,30.0,36650.0,44190.0,56380.0,60360.0,74340.0,First-Line Supervisors of Security Workers
26580,332011,230.0,27340.0,28480.0,36060.0,44910.0,48730.0,Firefighters
26580,333012,400.0,39120.0,42920.0,50390.0,59950.0,70080.0,Correctional Officers and Jailers
26580,333051,620.0,40140.0,46390.0,56130.0,61320.0,71480.0,Police and Sheriff's Patrol Officers
26580,339032,700.0,26700.0,29410.0,34800.0,38670.0,46180.0,Security Guards
26580,339091,70.0,,,,,,Crossing Guards and Flaggers
26580,350000,13550.0,21190.0,22490.0,26840.0,31730.0,39830.0,Food Preparation and Serving Related Occupations
26580,351011,80.0,33010.0,40970.0,53240.0,67160.0,85090.0,Chefs and Head Cooks
26580,351012,1480.0,27570.0,28400.0,31070.0,36620.0,49000.0,First-Line Supervisors of Food Preparation and Serving Workers
26580,352011,3070.0,21010.0,22090.0,22610.0,26710.0,27680.0,"Cooks, Fast Food"
26580,352012,920.0,24310.0,27310.0,29630.0,34290.0,38610.0,"Cooks, Institution and Cafeteria"
26580,352014,1090.0,22490.0,27360.0,29550.0,34320.0,37940.0,"Cooks, Restaurant"
26580,352015,80.0,23570.0,24850.0,26470.0,27930.0,32990.0,"Cooks, Short Order"
26580,352021,850.0,18730.0,22260.0,24960.0,30270.0,35910.0,Food Preparation Workers
26580,353011,570.0,18200.0,22300.0,29280.0,45180.0,63330.0,Bartenders
26580,353023,2590.0,21470.0,22360.0,23500.0,27600.0,32610.0,Fast Food and Counter Workers
26580,353031,1720.0,18200.0,21820.0,30690.0,46280.0,59010.0,Waiters and Waitresses
26580,359011,230.0,18450.0,21620.0,26940.0,33540.0,37570.0,Dining Room and Cafeteria Attendants and Bartender Helpers
26580,359021,290.0,20760.0,22260.0,26250.0,29200.0,32760.0,Dishwashers
26580,359031,340.0,18200.0,21630.0,23950.0,27040.0,28390.0,"Hosts and Hostesses, Restaurant, Lounge, and Coffee Shop"
26580,370000,3820.0,23610.0,27160.0,31390.0,37770.0,45820.0,Building and Grounds Cleaning and Maintenance Occupations
26580,371011,140.0,28390.0,34930.0,43750.0,56290.0,67020.0,First-Line Supervisors of Housekeeping and Janitorial Workers
26580,371012,90.0,39890.0,43160.0,49890.0,57870.0,62800.0,"First-Line Supervisors of Landscaping, Lawn Service, and Groundskeeping Workers"
26580,372011,1840.0,23770.0,27100.0,30130.0,36470.0,44960.0,"Janitors and Cleaners, Except Maids and Housekeeping Cleaners"
26580,372012,930.0,22630.0,26010.0,29310.0,37770.0,37770.0,Maids and Housekeeping Cleaners
26580,373011,590.0,26090.0,30070.0,32170.0,37160.0,43450.0,Landscaping and Groundskeeping Workers
26580,390000,2170.0,21540.0,23210.0,28020.0,35870.0,45430.0,Personal Care and Service Occupations
26580,391014,80.0,19760.0,27620.0,31990.0,39730.0,49530.0,"First-Line Supervisors of Entertainment and Recreation Workers, Except Gambling Services"
26580,391022,70.0,24130.0,33500.0,36450.0,44490.0,57150.0,First-Line Supervisors of Personal Service Workers
26580,392021,180.0,21150.0,24560.0,28060.0,31410.0,44160.0,Animal Caretakers
26580,393091,190.0,19270.0,22260.0,24680.0,26350.0,28290.0,Amusement and Recreation Attendants
26580,395012,140.0,21880.0,25730.0,29580.0,44170.0,58250.0,"Hairdressers, Hairstylists, and Cosmetologists"
26580,399011,540.0,21860.0,22590.0,25360.0,28080.0,30000.0,Childcare Workers
26580,399031,160.0,21610.0,27460.0,36070.0,45050.0,52330.0,Exercise Trainers and Group Fitness Instructors
26580,399032,200.0,22070.0,26660.0,30240.0,38190.0,48770.0,Recreation Workers
26580,399041,240.0,21940.0,24130.0,30720.0,40760.0,43210.0,Residential Advisors
26580,410000,12280.0,22110.0,24870.0,29940.0,38400.0,62940.0,Sales and Related Occupations
26580,411011,1510.0,27870.0,29610.0,36880.0,50080.0,65990.0,First-Line Supervisors of Retail Sales Workers
26580,411012,80.0,37390.0,42660.0,56210.0,71520.0,101070.0,First-Line Supervisors of Non-Retail Sales Workers
26580,412011,3510.0,21460.0,22560.0,27080.0,29760.0,32260.0,Cashiers
26580,412021,380.0,21710.0,30170.0,35350.0,44170.0,51210.0,Counter and Rental Clerks
26580,412022,340.0,23610.0,27040.0,34400.0,45750.0,58040.0,Parts Salespersons
26580,412031,4290.0,21640.0,24010.0,28220.0,34580.0,37720.0,Retail Salespersons
26580,413011,50.0,,,,,,Advertising Sales Agents
26580,413021,250.0,30230.0,34850.0,46880.0,60010.0,98970.0,Insurance Sales Agents
26580,413031,160.0,35870.0,42230.0,47460.0,60350.0,100120.0,"Securities, Commodities, and Financial Services Sales Agents"
26580,413091,480.0,31860.0,36190.0,48860.0,69480.0,97690.0,"Sales Representatives of Services, Except Advertising, Insurance, Financial Services, and Travel"
26580,414011,180.0,43020.0,64540.0,94420.0,127170.0,156140.0,"Sales Representatives, Wholesale and Manufacturing, Technical and Scientific Products"
26580,414012,790.0,36960.0,46950.0,63950.0,83240.0,130760.0,"Sales Representatives, Wholesale and Manufacturing, Except Technical and Scientific Products"
26580,419022,70.0,38880.0,59380.0,73920.0,88610.0,115920.0,Real Estate Sales Agents
26580,430000,16720.0,28110.0,33740.0,38830.0,48530.0,60450.0,Office and Administrative Support Occupations
26580,431011,1320.0,38380.0,45710.0,55320.0,66160.0,83420.0,First-Line Supervisors of Office and Administrative Support Workers
26580,433011,90.0,29220.0,36940.0,41350.0,46900.0,53300.0,Bill and Account Collectors
26580,433021,340.0,32000.0,36230.0,39210.0,44700.0,54400.0,Billing and Posting Clerks
26580,433031,1550.0,31630.0,36930.0,42720.0,50100.0,60010.0,"Bookkeeping, Accounting, and Auditing Clerks"
26580,433051,100.0,33860.0,39170.0,46100.0,55500.0,62200.0,Payroll and Timekeeping Clerks
26580,433071,550.0,28440.0,31730.0,34620.0,36910.0,43610.0,Tellers
26580,434031,290.0,29640.0,36690.0,42240.0,47460.0,54310.0,"Court, Municipal, and License Clerks"
26580,434051,2590.0,28830.0,33060.0,38060.0,49770.0,54580.0,Customer Service Representatives
26580,434061,30.0,40020.0,42910.0,49940.0,72780.0,79630.0,"Eligibility Interviewers, Government Programs"
26580,434071,40.0,24960.0,29750.0,35130.0,40220.0,51530.0,File Clerks
26580,434081,190.0,21890.0,22760.0,26210.0,27840.0,30630.0,"Hotel, Motel, and Resort Desk Clerks"
26580,434111,390.0,30840.0,35040.0,36650.0,38630.0,47520.0,"Interviewers, Except Eligibility and Loan"
26580,434121,90.0,22260.0,26270.0,28980.0,34240.0,35470.0,"Library Assistants, Clerical"
26580,434131,140.0,36100.0,37120.0,44260.0,47200.0,49040.0,Loan Interviewers and Clerks
26580,434161,70.0,33100.0,36830.0,43190.0,48120.0,59070.0,"Human Resources Assistants, Except Payroll and Timekeeping"
26580,434171,1050.0,23560.0,28780.0,31890.0,36720.0,39230.0,Receptionists and Information Clerks
26580,434199,120.0,30480.0,39710.0,51630.0,62400.0,64940.0,"Information and Record Clerks, All Other"
26580,435031,170.0,29640.0,36020.0,42880.0,45380.0,58520.0,Public Safety Telecommunicators
26580,435032,120.0,33040.0,38420.0,46370.0,56770.0,74440.0,"Dispatchers, Except Police, Fire, and Ambulance"
26580,435041,50.0,33740.0,37180.0,41550.0,44750.0,63090.0,"Meter Readers, Utilities"
26580,435051,120.0,42600.0,57430.0,62610.0,71860.0,76360.0,Postal Service Clerks
26580,435052,440.0,42390.0,42390.0,57250.0,78270.0,81040.0,Postal Service Mail Carriers
26580,435061,150.0,38470.0,42850.0,50000.0,67200.0,86520.0,"Production, Planning, and Expediting Clerks"
26580,435071,530.0,29150.0,34860.0,38930.0,46560.0,57350.0,"Shipping, Receiving, and Inventory Clerks"
26580,436011,150.0,40290.0,49990.0,58700.0,75230.0,94600.0,Executive Secretaries and Executive Administrative Assistants
26580,436012,150.0,30160.0,36360.0,46400.0,56730.0,60900.0,Legal Secretaries and Administrative Assistants
26580,436013,1240.0,29640.0,34040.0,37500.0,39890.0,48550.0,Medical Secretaries and Administrative Assistants
26580,436014,1510.0,29060.0,32910.0,38280.0,46870.0,56630.0,"Secretaries and Administrative Assistants, Except Legal, Medical, and Executive"
26580,439021,110.0,24210.0,31540.0,36410.0,42940.0,52520.0,Data Entry Keyers
26580,439041,170.0,32190.0,37690.0,45760.0,54080.0,55290.0,Insurance Claims and Policy Processing Clerks
26580,439061,2340.0,22260.0,29430.0,36700.0,44420.0,53230.0,"Office Clerks, General"
26580,450000,60.0,20800.0,22880.0,32800.0,46570.0,56970.0,"Farming, Fishing, and Forestry Occupations"
26580,470000,7340.0,35360.0,42780.0,55560.0,69170.0,85400.0,Construction and Extraction Occupations
26580,471011,890.0,48940.0,60800.0,73820.0,91880.0,118070.0,First-Line Supervisors of Construction Trades and Extraction Workers
26580,472031,780.0,35850.0,41140.0,52000.0,62960.0,70510.0,Carpenters
26580,472051,110.0,37620.0,47130.0,56220.0,59060.0,65450.0,Cement Masons and Concrete Finishers
26580,472061,1580.0,30690.0,36940.0,45170.0,59250.0,66990.0,Construction Laborers
26580,472073,1040.0,37770.0,46110.0,57320.0,76970.0,93900.0,Operating Engineers and Other Construction Equipment Operators
26580,472111,870.0,37900.0,46630.0,63620.0,75070.0,96600.0,Electricians
26580,472141,180.0,32170.0,36230.0,46010.0,56890.0,63760.0,"Painters, Construction and Maintenance"
26580,472152,460.0,39010.0,47840.0,62160.0,82520.0,86840.0,"Plumbers, Pipefitters, and Steamfitters"
26580,472181,110.0,35510.0,36400.0,48960.0,65540.0,67040.0,Roofers
26580,474011,80.0,35520.0,44010.0,63390.0,75420.0,92930.0,Construction and Building Inspectors
26580,474051,210.0,35400.0,37690.0,45530.0,52100.0,53910.0,Highway Maintenance Workers
26580,490000,6550.0,30750.0,38110.0,50030.0,68330.0,92120.0,"Installation, Maintenance, and Repair Occupations"
26580,491011,650.0,38680.0,48410.0,65100.0,94390.0,118910.0,"First-Line Supervisors of Mechanics, Installers, and Repairers"
26580,492011,50.0,30780.0,37990.0,41910.0,55030.0,59020.0,"Computer, Automated Teller, and Office Machine Repairers"
26580,492022,240.0,39900.0,48610.0,63130.0,76570.0,88380.0,"Telecommunications Equipment Installers and Repairers, Except Line Installers"
26580,492098,60.0,39430.0,45840.0,55340.0,61430.0,63950.0,Security and Fire Alarm Systems Installers
26580,493021,180.0,31290.0,38680.0,45760.0,48890.0,61340.0,Automotive Body and Related Repairers
26580,493023,920.0,27840.0,30610.0,37240.0,49560.0,64650.0,Automotive Service Technicians and Mechanics
26580,493031,250.0,37450.0,44800.0,51130.0,62800.0,84700.0,Bus and Truck Mechanics and Diesel Engine Specialists
26580,493042,250.0,38370.0,46020.0,51470.0,61530.0,72800.0,"Mobile Heavy Equipment Mechanics, Except Engines"
26580,493093,100.0,28380.0,28690.0,29630.0,34480.0,44330.0,Tire Repairers and Changers
26580,499012,60.0,53040.0,61320.0,79230.0,84220.0,107390.0,"Control and Valve Installers and Repairers, Except Mechanical Door"
26580,499021,360.0,35780.0,40930.0,48860.0,60950.0,73400.0,"Heating, Air Conditioning, and Refrigeration Mechanics and Installers"
26580,499041,680.0,45970.0,54760.0,65040.0,95030.0,95030.0,Industrial Machinery Mechanics
26580,499052,180.0,47920.0,63980.0,83740.0,92120.0,93170.0,Telecommunications Line Installers and Repairers
26580,499062,140.0,36750.0,45390.0,48980.0,72440.0,82830.0,Medical Equipment Repairers
26580,499071,1410.0,28990.0,34230.0,41970.0,53290.0,65160.0,"Maintenance and Repair Workers, General"
26580,510000,9060.0,31410.0,37890.0,51580.0,67430.0,76080.0,Production Occupations
26580,511011,740.0,46510.0,59940.0,65030.0,87350.0,96810.0,First-Line Supervisors of Production and Operating Workers
26580,512090,750.0,29930.0,34100.0,37890.0,39390.0,46650.0,Miscellaneous Assemblers and Fabricators
26580,513011,170.0,24530.0,27930.0,36840.0,44760.0,46730.0,Bakers
26580,513021,100.0,22890.0,27150.0,33370.0,35970.0,38700.0,Butchers and Meat Cutters
26580,514031,90.0,33050.0,36850.0,44220.0,55200.0,59680.0,"Cutting, Punching, and Press Machine Setters, Operators, and Tenders, Metal and Plastic"
26580,514041,680.0,37300.0,37300.0,46290.0,59780.0,69840.0,Machinists
26580,514121,550.0,36780.0,39550.0,46980.0,57500.0,71310.0,"Welders, Cutters, Solderers, and Brazers"
26580,515112,60.0,26050.0,28000.0,35040.0,37630.0,54450.0,Printing Press Operators
26580,516011,250.0,23000.0,25750.0,28930.0,34780.0,37380.0,Laundry and Dry-Cleaning Workers
26580,518031,200.0,31680.0,39460.0,47210.0,56220.0,75240.0,Water and Wastewater Treatment Plant and System Operators
26580,519061,420.0,30390.0,32830.0,40240.0,55880.0,73030.0,"Inspectors, Testers, Sorters, Samplers, and Weighers"
26580,519111,200.0,30590.0,36740.0,38380.0,44140.0,49250.0,Packaging and Filling Machine Operators and Tenders
26580,519161,70.0,34390.0,40000.0,45220.0,55080.0,64550.0,Computer Numerically Controlled Tool Operators
26580,519195,60.0,32900.0,40700.0,45670.0,62360.0,69860.0,"Molders, Shapers, and Casters, Except Metal and Plastic"
26580,519199,290.0,28240.0,28940.0,36540.0,47940.0,63080.0,"Production Workers, All Other"
26580,530000,11170.0,27310.0,30170.0,37110.0,48090.0,62940.0,Transportation and Material Moving Occupations
26580,531047,490.0,36950.0,42680.0,50870.0,65300.0,84720.0,"First-Line Supervisors of Transportation and Material Moving Workers, Except Aircraft Cargo Handling"
26580,533031,540.0,18680.0,21070.0,29190.0,45090.0,58430.0,Driver/Sales Workers
26580,533032,2330.0,35560.0,44760.0,50050.0,61170.0,74110.0,Heavy and Tractor-Trailer Truck Drivers
26580,533033,840.0,23470.0,27960.0,37790.0,45430.0,79200.0,Light Truck Drivers
26580,533051,520.0,31750.0,33780.0,34050.0,34820.0,41870.0,"Bus Drivers, School"
26580,533053,170.0,21740.0,27450.0,28880.0,35590.0,41480.0,Shuttle Drivers and Chauffeurs
26580,536031,40.0,23380.0,27640.0,30490.0,35400.0,36240.0,Automotive and Watercraft Service Attendants
26580,537051,260.0,32470.0,36720.0,42740.0,48610.0,54920.0,Industrial Truck and Tractor Operators
26580,537061,280.0,26000.0,27540.0,29780.0,34530.0,41600.0,Cleaners of Vehicles and Equipment
26580,537062,2240.0,27850.0,29660.0,36120.0,39750.0,48090.0,"Laborers and Freight, Stock, and Material Movers, Hand"
26580,537064,90.0,22300.0,27900.0,33090.0,39110.0,43600.0,"Packers and Packagers, Hand"
26580,537065,2400.0,26810.0,29970.0,30980.0,35910.0,40770.0,Stockers and Order Fillers
26580,113061,30.0,79990.0,100520.0,128890.0,157260.0,170120.0,Purchasing Managers
26580,119031,50.0,33900.0,39030.0,47550.0,58110.0,75920.0,"Education and Childcare Administrators, Preschool and Daycare"
26580,119033,250.0,49050.0,62260.0,80800.0,123400.0,172570.0,"Education Administrators, Postsecondary"
26580,132082,60.0,21770.0,27080.0,35100.0,44590.0,63720.0,Tax Preparers
26580,171022,70.0,42810.0,50340.0,64010.0,88610.0,102200.0,Surveyors
26580,173022,90.0,37170.0,46570.0,58610.0,65060.0,73150.0,Civil Engineering Technologists and Technicians
26580,211094,90.0,30340.0,33040.0,41700.0,50660.0,64480.0,Community Health Workers
26580,252012,170.0,44670.0,50290.0,58200.0,60710.0,71110.0,"Kindergarten Teachers, Except Special Education"
26580,252022,950.0,46660.0,54620.0,57390.0,62030.0,74550.0,"Middle School Teachers, Except Special and Career/Technical Education"
26580,252057,260.0,43460.0,47970.0,56790.0,63020.0,76290.0,"Special Education Teachers, Middle School"
26580,252058,220.0,44200.0,48900.0,55390.0,63220.0,76900.0,"Special Education Teachers, Secondary School"
26580,259031,100.0,42420.0,59980.0,74790.0,96350.0,105760.0,Instructional Coordinators
26580,259099,150.0,24700.0,24700.0,29000.0,34620.0,44980.0,"Educational Instruction and Library Workers, All Other"
26580,292043,330.0,37250.0,42880.0,43750.0,56500.0,61200.0,Paramedics
26580,292057,60.0,27450.0,30230.0,37400.0,43930.0,45870.0,Ophthalmic Medical Technicians
26580,299021,50.0,32920.0,46770.0,61860.0,76390.0,83930.0,Health Information Technologists and Medical Registrars
26580,299091,70.0,46230.0,57480.0,64360.0,80440.0,82480.0,Athletic Trainers
26580,312011,80.0,48980.0,55580.0,60740.0,67810.0,78320.0,Occupational Therapy Assistants
26580,319097,230.0,33010.0,38100.0,39150.0,42910.0,45980.0,Phlebotomists
26580,333021,30.0,45150.0,54290.0,56710.0,74120.0,153670.0,Detectives and Criminal Investigators
26580,339092,170.0,20560.0,21760.0,22880.0,27040.0,29310.0,"Lifeguards, Ski Patrol, and Other Recreational Protective Service Workers"
26580,353041,220.0,23100.0,28470.0,33540.0,37620.0,37620.0,"Food Servers, Nonrestaurant"
26580,393031,130.0,18760.0,21430.0,22740.0,26490.0,27510.0,"Ushers, Lobby Attendants, and Ticket Takers"
26580,395094,40.0,23610.0,27320.0,30930.0,42060.0,53360.0,Skincare Specialists
26580,433061,80.0,34330.0,39390.0,44580.0,50820.0,54950.0,Procurement Clerks
26580,435021,60.0,24460.0,30180.0,37470.0,38680.0,39190.0,Couriers and Messengers
26580,435111,40.0,27680.0,31980.0,35120.0,38740.0,45990.0,"Weighers, Measurers, Checkers, and Samplers, Recordkeeping"
26580,472211,130.0,37250.0,46760.0,73960.0,74410.0,74690.0,Sheet Metal Workers
26580,499043,90.0,37300.0,47500.0,56050.0,69570.0,141690.0,"Maintenance Workers, Machinery"
26580,499044,130.0,58800.0,58800.0,60880.0,79370.0,79380.0,Millwrights
26580,499051,290.0,46510.0,60460.0,79810.0,102990.0,109350.0,Electrical Power-Line Installers and Repairers
26580,499098,70.0,25100.0,31970.0,38030.0,42780.0,45790.0,"Helpers--Installation, Maintenance, and Repair Workers"
26580,499099,110.0,35700.0,38220.0,55200.0,65270.0,74650.0,"Installation, Maintenance, and Repair Workers, All Other"
26580,513092,30.0,27180.0,31670.0,40750.0,45460.0,45460.0,Food Batchmakers
26580,514072,70.0,35120.0,39500.0,39790.0,46850.0,48990.0,"Molding, Coremaking, and Casting Machine Setters, Operators, and Tenders, Metal and Plastic"
26580,516031,30.0,21910.0,23200.0,29210.0,34910.0,36380.0,Sewing Machine Operators
26580,519011,240.0,37330.0,43920.0,57430.0,85990.0,91420.0,Chemical Equipment Operators and Tenders
26580,519124,120.0,30480.0,33800.0,40590.0,49920.0,58110.0,"Coating, Painting, and Spraying Machine Setters, Operators, and Tenders"
26580,519198,120.0,31200.0,39420.0,42980.0,55860.0,63190.0,Helpers--Production Workers
26580,533052,60.0,38640.0,40660.0,49430.0,49430.0,49430.0,"Bus Drivers, Transit and Intercity"
26580,536021,80.0,27230.0,30640.0,36900.0,36900.0,36900.0,Parking Attendants
26580,537081,130.0,29130.0,30180.0,36380.0,46320.0,48530.0,Refuse and Recyclable Material Collectors
26580,119039,40.0,48590.0,82490.0,98880.0,101530.0,105440.0,"Education Administrators, All Other"
26580,131075,60.0,45150.0,67020.0,81090.0,103070.0,138120.0,Labor Relations Specialists
26580,132041,60.0,45760.0,49750.0,59310.0,71450.0,89890.0,Credit Analysts
26580,132061,50.0,44820.0,60640.0,79870.0,104020.0,155040.0,Financial Examiners
26580,132099,60.0,43900.0,50620.0,75360.0,91890.0,114990.0,"Financial Specialists, All Other"
26580,151212,60.0,43430.0,54130.0,80660.0,118910.0,131420.0,Information Security Analysts
26580,151253,40.0,,,,,,Software Quality Assurance Analysts and Testers
26580,172199,80.0,37840.0,64760.0,95140.0,126760.0,144600.0,"Engineers, All Other"
26580,173023,40.0,59540.0,65610.0,76440.0,97630.0,103510.0,Electrical and Electronic Engineering Technologists and Technicians
26580,173027,30.0,37260.0,46010.0,47410.0,68990.0,78810.0,Mechanical Engineering Technologists and Technicians
26580,173029,60.0,62690.0,78850.0,83780.0,100420.0,109300.0,"Engineering Technologists and Technicians, Except Drafters, All Other"
26580,193034,40.0,58690.0,58690.0,68230.0,76130.0,99100.0,School Psychologists
26580,194042,50.0,32020.0,37750.0,50420.0,63290.0,63290.0,"Environmental Science and Protection Technicians, Including Health"
26580,194099,50.0,46950.0,54720.0,55230.0,71760.0,79460.0,"Life, Physical, and Social Science Technicians, All Other"
26580,211019,30.0,33270.0,37990.0,47340.0,67090.0,81080.0,"Counselors, All Other"
26580,211029,130.0,31810.0,46430.0,78750.0,98760.0,108040.0,"Social Workers, All Other"
26580,211099,60.0,31990.0,34070.0,38520.0,47650.0,57130.0,"Community and Social Service Specialists, All Other"
26580,212011,60.0,35260.0,48660.0,59000.0,59330.0,70230.0,Clergy
26580,231023,40.0,63240.0,63240.0,107180.0,138590.0,156550.0,"Judges, Magistrate Judges, and Magistrates"
26580,232093,40.0,37450.0,43790.0,60480.0,76830.0,90150.0,"Title Examiners, Abstractors, and Searchers"
26580,251042,40.0,48920.0,64740.0,79870.0,79870.0,96430.0,"Biological Science Teachers, Postsecondary"
26580,251072,110.0,47810.0,58320.0,62210.0,79570.0,96080.0,"Nursing Instructors and Teachers, Postsecondary"
26580,251081,70.0,49630.0,52570.0,75310.0,77780.0,96520.0,"Education Teachers, Postsecondary"
26580,252032,120.0,50960.0,53690.0,60940.0,65500.0,74140.0,"Career/Technical Education Teachers, Secondary School"
26580,252059,70.0,30050.0,33830.0,35810.0,50290.0,75480.0,"Special Education Teachers, All Other"
26580,271023,60.0,22690.0,22950.0,28030.0,36640.0,42540.0,Floral Designers
26580,291151,190.0,148910.0,199330.0,264420.0,278050.0,332540.0,Nurse Anesthetists
26580,291215,70.0,78810.0,161560.0,216150.0,272850.0,281030.0,Family Medicine Physicians
26580,291224,60.0,109990.0,231380.0,592050.0,734750.0,734760.0,Radiologists
26580,291249,30.0,58480.0,445240.0,493720.0,569280.0,665090.0,"Surgeons, All Other"
26580,292033,30.0,66750.0,83120.0,95470.0,95470.0,95470.0,Nuclear Medicine Technologists
26580,319099,120.0,32540.0,34850.0,38460.0,46850.0,59950.0,"Healthcare Support Workers, All Other"
26580,331021,30.0,49100.0,49100.0,63420.0,76320.0,102950.0,First-Line Supervisors of Firefighting and Prevention Workers
26580,372021,140.0,24150.0,29360.0,37430.0,37470.0,47250.0,Pest Control Workers
26580,394021,70.0,22510.0,28240.0,30290.0,35290.0,40210.0,Funeral Attendants
26580,433099,60.0,32210.0,36750.0,40400.0,44910.0,48670.0,"Financial Clerks, All Other"
26580,439051,40.0,28360.0,34550.0,37840.0,43240.0,45700.0,"Mail Clerks and Mail Machine Operators, Except Postal Service"
26580,439199,60.0,22260.0,26220.0,37470.0,43840.0,52420.0,"Office and Administrative Support Workers, All Other"
26580,472021,50.0,36630.0,38810.0,46090.0,61510.0,69840.0,Brickmasons and Blockmasons
26580,512028,,33790.0,35210.0,41110.0,47220.0,54430.0,"Electrical, Electronic, and Electromechanical Assemblers, Except Coil Winders, Tapers, and Finishers"
26580,518092,30.0,38020.0,49990.0,77770.0,86090.0,99740.0,Gas Plant Operators
26580,519023,70.0,34540.0,42470.0,48380.0,60150.0,74290.0,"Mixing and Blending Machine Setters, Operators, and Tenders"
26580,113131,30.0,,,,,,Training and Development Managers
26580,119081,30.0,37440.0,45070.0,59940.0,77520.0,89890.0,Lodging Managers
26580,173013,40.0,48520.0,55530.0,60760.0,76970.0,88510.0,Mechanical Drafters
26580,211013,30.0,36040.0,37720.0,51300.0,59660.0,86150.0,Marriage and Family Therapists
26580,251021,30.0,53390.0,59860.0,94580.0,94580.0,123620.0,"Computer Science Teachers, Postsecondary"
26580,251022,50.0,42410.0,60430.0,61830.0,78830.0,92030.0,"Mathematical Science Teachers, Postsecondary"
26580,251066,50.0,25320.0,25320.0,63820.0,86960.0,96350.0,"Psychology Teachers, Postsecondary"
26580,251122,40.0,43840.0,61660.0,78780.0,78780.0,101780.0,"Communications Teachers, Postsecondary"
26580,251123,70.0,37950.0,43860.0,58620.0,77820.0,77820.0,"English Language and Literature Teachers, Postsecondary"
26580,291011,70.0,61370.0,83370.0,83840.0,105060.0,129650.0,Chiropractors
26580,291041,30.0,44470.0,76130.0,103670.0,157250.0,222130.0,Optometrists
26580,291214,40.0,227210.0,517600.0,531340.0,531340.0,571900.0,Emergency Medicine Physicians
26580,291221,40.0,128300.0,159840.0,213310.0,299400.0,299400.0,"Pediatricians, General"
26580,292031,160.0,37930.0,40230.0,40230.0,79370.0,86840.0,Cardiovascular Technologists and Technicians
26580,299093,70.0,48900.0,50810.0,63740.0,63740.0,81210.0,Surgical Assistants
26580,319094,30.0,30480.0,32920.0,36580.0,39990.0,45530.0,Medical Transcriptionists
26580,319095,40.0,24060.0,30320.0,30910.0,34700.0,50080.0,Pharmacy Aides
26580,333011,50.0,29120.0,29940.0,29940.0,34450.0,48270.0,Bailiffs
26580,339093,30.0,40330.0,61110.0,63130.0,67200.0,69240.0,Transportation Security Screeners
26580,394031,30.0,29380.0,47830.0,52660.0,58330.0,72200.0,"Morticians, Undertakers, and Funeral Arrangers"
26580,419041,100.0,21810.0,28870.0,32470.0,34640.0,39990.0,Telemarketers
26580,432011,50.0,29990.0,35580.0,37840.0,40910.0,46080.0,"Switchboard Operators, Including Answering Service"
26580,472071,50.0,41870.0,45350.0,50390.0,59680.0,77920.0,"Paving, Surfacing, and Tamping Equipment Operators"
26580,472081,60.0,47530.0,48520.0,64700.0,64700.0,83660.0,Drywall and Ceiling Tile Installers
26580,472121,30.0,33630.0,38500.0,48020.0,55960.0,68430.0,Glaziers
26580,472151,50.0,36350.0,44090.0,53880.0,79720.0,79720.0,Pipelayers
26580,473012,60.0,29540.0,29790.0,33590.0,38400.0,38400.0,Helpers--Carpenters
26580,473015,40.0,28390.0,31260.0,36140.0,41840.0,43950.0,"Helpers--Pipelayers, Plumbers, Pipefitters, and Steamfitters"
26580,474041,50.0,33770.0,39200.0,45660.0,48280.0,48280.0,Hazardous Materials Removal Workers
26580,475022,50.0,36560.0,40600.0,48190.0,56980.0,88010.0,"Excavating and Loading Machine and Dragline Operators, Surface Mining"
26580,513022,50.0,36650.0,36650.0,36650.0,36650.0,36650.0,"Meat, Poultry, and Fish Cutters and Trimmers"
26580,514033,70.0,32130.0,39420.0,55590.0,68490.0,70890.0,"Grinding, Lapping, Polishing, & Buffing Machine Tool Setters, Operators, & Tenders, Metal & Plastic"
26580,514034,40.0,38340.0,51080.0,53660.0,61190.0,63120.0,"Lathe and Turning Machine Tool Setters, Operators, and Tenders, Metal and Plastic"
26580,514193,30.0,25990.0,25990.0,25990.0,30990.0,65470.0,"Plating Machine Setters, Operators, and Tenders, Metal and Plastic"
26580,517041,,24580.0,28480.0,31510.0,38970.0,46110.0,"Sawing Machine Setters, Operators, and Tenders, Wood"
26580,518013,30.0,66830.0,73080.0,100300.0,103790.0,120730.0,Power Plant Operators
26580,519041,30.0,31150.0,31160.0,33610.0,33980.0,55180.0,"Extruding, Forming, Pressing, and Compacting Machine Setters, Operators, and Tenders"
26580,519081,,37220.0,37220.0,47740.0,50600.0,62400.0,Dental Laboratory Technicians
26580,535021,180.0,37750.0,37750.0,70600.0,211840.0,267380.0,"Captains, Mates, and Pilots of Water Vessels"
26580,537021,80.0,37620.0,50300.0,56780.0,71760.0,79950.0,Crane and Tower Operators
26580,518093,420.0,59770.0,64080.0,78670.0,106780.0,106810.0,"Petroleum Pump System Operators, Refinery Operators, and Gaugers"
26580,472011,30.0,67010.0,67010.0,67010.0,87920.0,87920.0,Boilermakers
26900,000000,1105170.0,29790.0,37200.0,49340.0,77110.0,107270.0,All Occupations
26900,110000,68400.0,59540.0,81120.0,116320.0,164780.0,218680.0,Management Occupations
26900,111011,870.0,97840.0,117000.0,256320.0,388650.0,511000.0,Chief Executives
26900,111021,17510.0,57710.0,79830.0,120480.0,181260.0,283140.0,General and Operations Managers
26900,112021,1550.0,83200.0,109270.0,137980.0,179460.0,223700.0,Marketing Managers
26900,112022,4200.0,75810.0,103510.0,137410.0,195400.0,251320.0,Sales Managers
26900,113012,2330.0,70190.0,89800.0,123520.0,158610.0,209700.0,Administrative Services Managers
26900,113013,1400.0,61360.0,81460.0,109160.0,139750.0,176920.0,Facilities Managers
26900,113021,3880.0,100530.0,126400.0,155230.0,176090.0,214110.0,Computer and Information Systems Managers
26900,113031,5230.0,88490.0,114990.0,146620.0,195210.0,243410.0,Financial Managers
26900,113051,2180.0,82850.0,102000.0,124030.0,160330.0,216580.0,Industrial Production Managers
26900,113071,1860.0,75570.0,92840.0,111390.0,137320.0,170980.0,"Transportation, Storage, and Distribution Managers"
26900,113121,1300.0,89310.0,109460.0,135770.0,171590.0,219950.0,Human Resources Managers
26900,119021,2450.0,61110.0,85370.0,109930.0,135650.0,169860.0,Construction Managers
26900,119032,2410.0,73470.0,84180.0,102400.0,129150.0,135110.0,"Education Administrators, Kindergarten through Secondary"
26900,119041,1740.0,104970.0,131180.0,159640.0,175610.0,220680.0,Architectural and Engineering Managers
26900,119051,2380.0,41640.0,55940.0,75730.0,89500.0,100480.0,Food Service Managers
26900,119111,4680.0,71770.0,87250.0,106010.0,140100.0,214950.0,Medical and Health Services Managers
26900,119121,1110.0,54810.0,64360.0,92260.0,155000.0,174940.0,Natural Sciences Managers
26900,119141,1970.0,43500.0,49100.0,62490.0,81420.0,121780.0,"Property, Real Estate, and Community Association Managers"
26900,119151,1030.0,49250.0,62990.0,78710.0,99840.0,124090.0,Social and Community Service Managers
26900,119199,4770.0,48290.0,57210.0,75460.0,118560.0,165060.0,"Managers, All Other"
26900,130000,68490.0,47000.0,60430.0,78230.0,101930.0,129770.0,Business and Financial Operations Occupations
26900,131020,3690.0,47430.0,57970.0,72260.0,95000.0,122680.0,Buyers and Purchasing Agents
26900,131031,2340.0,48730.0,58550.0,64960.0,84340.0,101270.0,"Claims Adjusters, Examiners, and Investigators"
26900,131041,2140.0,50700.0,63160.0,83690.0,113300.0,136640.0,Compliance Officers
26900,131051,1690.0,54900.0,61770.0,76730.0,95800.0,108380.0,Cost Estimators
26900,131071,7150.0,46090.0,53210.0,67300.0,91850.0,116270.0,Human Resources Specialists
26900,131081,1450.0,49310.0,62810.0,78030.0,99730.0,112980.0,Logisticians
26900,131082,5380.0,61630.0,77800.0,99710.0,128170.0,155080.0,Project Management Specialists
26900,131111,6110.0,60300.0,72630.0,97020.0,124200.0,153490.0,Management Analysts
26900,131121,1000.0,37540.0,45170.0,54900.0,69210.0,88510.0,"Meeting, Convention, and Event Planners"
26900,131131,660.0,47850.0,58610.0,73090.0,84220.0,98780.0,Fundraisers
26900,131141,930.0,45180.0,51620.0,69390.0,84070.0,114400.0,"Compensation, Benefits, and Job Analysis Specialists"
26900,131151,3720.0,40740.0,50910.0,65000.0,83300.0,104680.0,Training and Development Specialists
26900,131161,6330.0,43050.0,49510.0,65200.0,91110.0,120560.0,Market Research Analysts and Marketing Specialists
26900,131199,2710.0,48300.0,63430.0,81520.0,102190.0,132460.0,"Business Operations Specialists, All Other"
26900,132011,11210.0,52820.0,63900.0,79290.0,102380.0,129180.0,Accountants and Auditors
26900,132020,570.0,37460.0,50210.0,66720.0,86170.0,106480.0,Property Appraisers and Assessors
26900,132051,1570.0,55240.0,63960.0,80470.0,102460.0,130020.0,Financial and Investment Analysts
26900,132052,2400.0,45140.0,62460.0,102640.0,170300.0,426180.0,Personal Financial Advisors
26900,132072,1690.0,42640.0,49000.0,74790.0,101360.0,130140.0,Loan Officers
26900,150000,31380.0,51940.0,68070.0,92620.0,127670.0,147330.0,Computer and Mathematical Occupations
26900,151211,5080.0,63260.0,79320.0,101890.0,130970.0,159450.0,Computer Systems Analysts
26900,151231,1730.0,49410.0,61740.0,79910.0,104880.0,129020.0,Computer Network Support Specialists
26900,151232,5270.0,40670.0,47900.0,60080.0,75300.0,92620.0,Computer User Support Specialists
26900,151241,1010.0,76880.0,101300.0,130680.0,157080.0,180750.0,Computer Network Architects
26900,151242,430.0,58970.0,78680.0,99990.0,126310.0,152860.0,Database Administrators
26900,151244,1850.0,61500.0,73930.0,89770.0,110520.0,132370.0,Network and Computer Systems Administrators
26900,151251,550.0,67360.0,85790.0,102070.0,131380.0,150140.0,Computer Programmers
26900,151252,7140.0,76990.0,83990.0,106870.0,135060.0,158970.0,Software Developers
26900,151299,1990.0,29830.0,69280.0,101780.0,120990.0,139450.0,"Computer Occupations, All Other"
26900,152051,1880.0,61800.0,77140.0,99110.0,133410.0,149280.0,Data Scientists
26900,170000,16630.0,55240.0,72380.0,89270.0,116120.0,137160.0,Architecture and Engineering Occupations
26900,171011,780.0,53960.0,64390.0,103050.0,133700.0,222810.0,"Architects, Except Landscape and Naval"
26900,172031,320.0,80000.0,106590.0,120060.0,141030.0,185310.0,Bioengineers and Biomedical Engineers
26900,172051,2000.0,71380.0,79500.0,101830.0,125440.0,156170.0,Civil Engineers
26900,172071,1260.0,75900.0,81160.0,104210.0,130670.0,155170.0,Electrical Engineers
26900,172112,2900.0,67260.0,81270.0,100730.0,123870.0,131620.0,Industrial Engineers
26900,172141,2140.0,68550.0,79880.0,98680.0,128660.0,154450.0,Mechanical Engineers
26900,173011,980.0,43820.0,51980.0,62330.0,76640.0,96570.0,Architectural and Civil Drafters
26900,173026,670.0,40790.0,48830.0,59840.0,76750.0,83010.0,Industrial Engineering Technologists and Technicians
26900,173031,390.0,38660.0,46520.0,58850.0,62980.0,81680.0,Surveying and Mapping Technicians
26900,190000,12040.0,46370.0,57840.0,75510.0,95690.0,126740.0,"Life, Physical, and Social Science Occupations"
26900,191042,920.0,62390.0,68540.0,79310.0,109620.0,141950.0,"Medical Scientists, Except Epidemiologists"
26900,192031,1310.0,58170.0,65140.0,78770.0,99870.0,133140.0,Chemists
26900,192041,650.0,48730.0,62200.0,77130.0,100750.0,129390.0,"Environmental Scientists and Specialists, Including Health"
26900,193033,830.0,68060.0,81120.0,84990.0,100270.0,133230.0,Clinical and Counseling Psychologists
26900,193039,90.0,71590.0,93790.0,106370.0,130120.0,145000.0,"Psychologists, All Other"
26900,193051,250.0,50800.0,60730.0,70760.0,82250.0,99910.0,Urban and Regional Planners
26900,194021,490.0,47440.0,50820.0,59550.0,80020.0,94450.0,Biological Technicians
26900,194031,730.0,38650.0,49330.0,62020.0,75850.0,76560.0,Chemical Technicians
26900,195011,1270.0,56630.0,66970.0,84820.0,103580.0,123070.0,Occupational Health and Safety Specialists
26900,195012,830.0,48890.0,53570.0,60440.0,61160.0,75570.0,Occupational Health and Safety Technicians
26900,210000,18010.0,37860.0,45250.0,52290.0,64580.0,80510.0,Community and Social Service Occupations
26900,211012,1390.0,42890.0,50300.0,60690.0,75140.0,84000.0,"Educational, Guidance, and Career Counselors and Advisors"
26900,211015,750.0,31590.0,38130.0,47310.0,53210.0,63700.0,Rehabilitation Counselors
26900,211018,4610.0,39370.0,42210.0,53760.0,63790.0,81380.0,"Substance Abuse, Behavioral Disorder, and Mental Health Counselors"
26900,211021,2010.0,40290.0,47220.0,50470.0,60390.0,75020.0,"Child, Family, and School Social Workers"
26900,211022,1760.0,48570.0,59310.0,65090.0,79700.0,95940.0,Healthcare Social Workers
26900,211023,810.0,38470.0,46150.0,49590.0,67380.0,79990.0,Mental Health and Substance Abuse Social Workers
26900,211091,540.0,40240.0,50030.0,59990.0,80150.0,97410.0,Health Education Specialists
26900,211092,630.0,36360.0,47070.0,60170.0,76710.0,83330.0,Probation Officers and Correctional Treatment Specialists
26900,211093,3590.0,33510.0,38600.0,46550.0,55100.0,62910.0,Social and Human Service Assistants
26900,230000,8650.0,,,,,,Legal Occupations
26900,231011,4450.0,,,,,,Lawyers
26900,232011,2770.0,44630.0,48520.0,62130.0,78700.0,99730.0,Paralegals and Legal Assistants
26900,250000,49790.0,30150.0,38080.0,57750.0,74290.0,95910.0,Educational Instruction and Library Occupations
26900,251011,430.0,41140.0,64660.0,78270.0,109560.0,318250.0,"Business Teachers, Postsecondary"
26900,251071,2960.0,66620.0,66620.0,101780.0,177270.0,297580.0,"Health Specialties Teachers, Postsecondary"
26900,251121,370.0,49080.0,60860.0,79720.0,107940.0,157450.0,"Art, Drama, and Music Teachers, Postsecondary"
26900,251194,610.0,39280.0,47750.0,50460.0,80830.0,95400.0,"Career/Technical Education Teachers, Postsecondary"
26900,251199,240.0,47860.0,54930.0,70840.0,76960.0,110000.0,"Postsecondary Teachers, All Other"
26900,252011,3130.0,28990.0,32310.0,37030.0,45140.0,51740.0,"Preschool Teachers, Except Special Education"
26900,252021,8610.0,49120.0,49960.0,60510.0,74290.0,79850.0,"Elementary School Teachers, Except Special Education"
26900,252031,6160.0,49680.0,60110.0,62570.0,79330.0,98110.0,"Secondary School Teachers, Except Special and Career/Technical Education"
26900,252052,1030.0,47760.0,51490.0,60220.0,66450.0,80120.0,"Special Education Teachers, Kindergarten and Elementary School"
26900,253021,1520.0,25180.0,29280.0,36570.0,46920.0,62520.0,Self-Enrichment Teachers
26900,253031,2920.0,28590.0,31790.0,36360.0,39170.0,52440.0,"Substitute Teachers, Short-Term"
26900,253099,360.0,37910.0,39650.0,45180.0,74550.0,82410.0,"Teachers and Instructors, All Other"
26900,254022,390.0,37610.0,44800.0,60890.0,71720.0,83740.0,Librarians and Media Collections Specialists
26900,254031,210.0,23330.0,29810.0,36760.0,38610.0,44170.0,Library Technicians
26900,259045,8630.0,24020.0,29640.0,34550.0,38350.0,44650.0,"Teaching Assistants, Except Postsecondary"
26900,270000,13890.0,31770.0,40420.0,54640.0,77810.0,100250.0,"Arts, Design, Entertainment, Sports, and Media Occupations"
26900,271024,1530.0,39450.0,48830.0,60520.0,81230.0,114810.0,Graphic Designers
26900,271026,920.0,29340.0,29340.0,36490.0,47530.0,68000.0,Merchandise Displayers and Window Trimmers
26900,272011,250.0,,,,,,Actors
26900,272012,750.0,39760.0,39760.0,61220.0,80750.0,97400.0,Producers and Directors
26900,272022,2280.0,29200.0,30670.0,45410.0,58780.0,99490.0,Coaches and Scouts
26900,273011,320.0,27700.0,45690.0,66140.0,86070.0,107210.0,Broadcast Announcers and Radio Disc Jockeys
26900,273031,1740.0,45440.0,53150.0,66450.0,83880.0,107110.0,Public Relations Specialists
26900,273092,200.0,37240.0,48400.0,50720.0,62760.0,77180.0,Court Reporters and Simultaneous Captioners
26900,274011,700.0,35460.0,48300.0,58340.0,70320.0,70320.0,Audio and Video Technicians
26900,274012,400.0,35820.0,38750.0,46290.0,71810.0,74260.0,Broadcast Technicians
26900,290000,80020.0,45550.0,64800.0,83070.0,107640.0,212530.0,Healthcare Practitioners and Technical Occupations
26900,291021,1020.0,77540.0,101570.0,166120.0,215640.0,322760.0,"Dentists, General"
26900,291031,670.0,43050.0,58210.0,67260.0,78040.0,83460.0,Dietitians and Nutritionists
26900,291051,2220.0,111950.0,135120.0,151050.0,161440.0,170110.0,Pharmacists
26900,291071,700.0,105970.0,125360.0,131950.0,153580.0,177240.0,Physician Assistants
26900,291122,1660.0,78280.0,84040.0,100080.0,105730.0,124680.0,Occupational Therapists
26900,291123,2790.0,77790.0,82920.0,103770.0,116540.0,124760.0,Physical Therapists
26900,291126,1230.0,64970.0,70510.0,81720.0,85610.0,94950.0,Respiratory Therapists
26900,291127,1360.0,63370.0,78300.0,93320.0,106080.0,122970.0,Speech-Language Pathologists
26900,291131,520.0,64500.0,104570.0,127850.0,157160.0,169810.0,Veterinarians
26900,291141,25800.0,69160.0,79080.0,84230.0,101970.0,105240.0,Registered Nurses
26900,291171,2530.0,106500.0,122720.0,130460.0,136130.0,152090.0,Nurse Practitioners
26900,291216,1020.0,177830.0,219460.0,289470.0,353590.0,504870.0,General Internal Medicine Physicians
26900,291229,3730.0,134180.0,212960.0,364040.0,428230.0,437100.0,"Physicians, All Other"
26900,291292,1780.0,76960.0,91510.0,97470.0,100860.0,113950.0,Dental Hygienists
26900,292010,3510.0,40150.0,47190.0,58910.0,78690.0,87530.0,Clinical Laboratory Technologists and Technicians
26900,292032,420.0,65440.0,79170.0,87550.0,101640.0,103150.0,Diagnostic Medical Sonographers
26900,292034,1870.0,57200.0,64570.0,79100.0,85990.0,101640.0,Radiologic Technologists and Technicians
26900,292035,300.0,66710.0,80040.0,88320.0,101140.0,102690.0,Magnetic Resonance Imaging Technologists
26900,292042,1220.0,37790.0,38910.0,46320.0,48960.0,51100.0,Emergency Medical Technicians
26900,292052,3650.0,36930.0,38190.0,45540.0,48920.0,56200.0,Pharmacy Technicians
26900,292053,2440.0,37630.0,39640.0,44710.0,48050.0,50750.0,Psychiatric Technicians
26900,292055,860.0,51520.0,61340.0,64240.0,77920.0,80600.0,Surgical Technologists
26900,292056,600.0,38060.0,44200.0,49710.0,57190.0,58810.0,Veterinary Technologists and Technicians
26900,292061,4230.0,53040.0,63130.0,67200.0,74020.0,77180.0,Licensed Practical and Licensed Vocational Nurses
26900,292072,1650.0,38270.0,42950.0,48430.0,63400.0,82810.0,Medical Records Specialists
26900,292081,520.0,31930.0,37660.0,39580.0,44720.0,51530.0,"Opticians, Dispensing"
26900,292099,780.0,39720.0,46000.0,53000.0,76740.0,83890.0,"Health Technologists and Technicians, All Other"
26900,310000,46470.0,30850.0,35060.0,38100.0,46120.0,51870.0,Healthcare Support Occupations
26900,311120,20590.0,29570.0,31280.0,35060.0,36850.0,39310.0,Home Health and Personal Care Aides
26900,311131,9730.0,36430.0,37500.0,38880.0,45010.0,47230.0,Nursing Assistants
26900,311133,780.0,35820.0,39210.0,45080.0,58710.0,72800.0,Psychiatric Aides
26900,312021,1040.0,48630.0,61040.0,69050.0,79030.0,80800.0,Physical Therapist Assistants
26900,319011,660.0,39610.0,48260.0,56850.0,75080.0,86800.0,Massage Therapists
26900,319091,2200.0,37650.0,47490.0,48970.0,58030.0,59550.0,Dental Assistants
26900,319092,6580.0,38430.0,40200.0,46900.0,47680.0,56430.0,Medical Assistants
26900,319093,770.0,37530.0,40110.0,46280.0,49340.0,61290.0,Medical Equipment Preparers
26900,319096,980.0,30650.0,35640.0,37330.0,38470.0,45840.0,Veterinary Assistants and Laboratory Animal Caretakers
26900,330000,27140.0,30300.0,36160.0,47250.0,75190.0,96100.0,Protective Service Occupations
26900,331012,500.0,73630.0,79420.0,97590.0,123990.0,138450.0,First-Line Supervisors of Police and Detectives
26900,331091,820.0,35480.0,45230.0,65060.0,92500.0,93460.0,First-Line Supervisors of Security Workers
26900,332011,3740.0,43410.0,54920.0,68480.0,77410.0,89060.0,Firefighters
26900,333012,2060.0,37890.0,44840.0,48340.0,56030.0,61840.0,Correctional Officers and Jailers
26900,333051,4430.0,60280.0,69940.0,83110.0,98050.0,111990.0,Police and Sheriff's Patrol Officers
26900,339032,9910.0,30250.0,31230.0,36490.0,43610.0,59380.0,Security Guards
26900,339091,1030.0,27970.0,34750.0,36450.0,46210.0,49990.0,Crossing Guards and Flaggers
26900,350000,90820.0,21440.0,27400.0,30000.0,36970.0,46460.0,Food Preparation and Serving Related Occupations
26900,351011,960.0,30930.0,30940.0,49010.0,63780.0,78310.0,Chefs and Head Cooks
26900,351012,8010.0,32430.0,37370.0,45590.0,57850.0,65080.0,First-Line Supervisors of Food Preparation and Serving Workers
26900,352011,2260.0,22860.0,29510.0,30500.0,36660.0,37310.0,"Cooks, Fast Food"
26900,352012,3410.0,29640.0,31840.0,36350.0,38680.0,45590.0,"Cooks, Institution and Cafeteria"
26900,352014,9180.0,26910.0,30390.0,36610.0,38100.0,45300.0,"Cooks, Restaurant"
26900,352015,,21440.0,21440.0,21440.0,30230.0,31330.0,"Cooks, Short Order"
26900,352021,4870.0,24270.0,27800.0,30490.0,36520.0,42490.0,Food Preparation Workers
26900,353011,4480.0,17610.0,21210.0,22880.0,36170.0,47290.0,Bartenders
26900,353023,28400.0,22870.0,28410.0,29040.0,32240.0,35980.0,Fast Food and Counter Workers
26900,353031,15830.0,18070.0,21040.0,29050.0,37070.0,49380.0,Waiters and Waitresses
26900,359011,3800.0,20800.0,23290.0,28110.0,33270.0,37060.0,Dining Room and Cafeteria Attendants and Bartender Helpers
26900,359021,2690.0,23350.0,28900.0,30520.0,35580.0,36800.0,Dishwashers
26900,359031,3610.0,18750.0,22830.0,27470.0,34930.0,37490.0,"Hosts and Hostesses, Restaurant, Lounge, and Coffee Shop"
26900,370000,31490.0,29530.0,31820.0,37310.0,44550.0,49320.0,Building and Grounds Cleaning and Maintenance Occupations
26900,371011,980.0,37090.0,44110.0,52520.0,62650.0,76470.0,First-Line Supervisors of Housekeeping and Janitorial Workers
26900,371012,970.0,40360.0,47370.0,62210.0,78510.0,93270.0,"First-Line Supervisors of Landscaping, Lawn Service, and Groundskeeping Workers"
26900,372011,17240.0,29490.0,30880.0,36850.0,41310.0,46580.0,"Janitors and Cleaners, Except Maids and Housekeeping Cleaners"
26900,372012,3930.0,29070.0,29780.0,32640.0,36880.0,40550.0,Maids and Housekeeping Cleaners
26900,373011,6980.0,30530.0,36700.0,38180.0,46310.0,48880.0,Landscaping and Groundskeeping Workers
26900,390000,20740.0,23130.0,27980.0,31100.0,41060.0,56120.0,Personal Care and Service Occupations
26900,391014,730.0,31730.0,38330.0,46540.0,56120.0,67610.0,"First-Line Supervisors of Entertainment and Recreation Workers, Except Gambling Services"
26900,391022,740.0,36440.0,42570.0,50090.0,66460.0,94430.0,First-Line Supervisors of Personal Service Workers
26900,392011,160.0,34730.0,36910.0,46020.0,85880.0,89090.0,Animal Trainers
26900,392021,2810.0,23080.0,28260.0,30440.0,35370.0,43820.0,Animal Caretakers
26900,393091,2750.0,21680.0,24120.0,28420.0,29630.0,32870.0,Amusement and Recreation Attendants
26900,395012,2240.0,23890.0,28600.0,34380.0,45270.0,62640.0,"Hairdressers, Hairstylists, and Cosmetologists"
26900,399011,2760.0,24340.0,29170.0,30650.0,35380.0,39490.0,Childcare Workers
26900,399031,2220.0,22410.0,24530.0,34190.0,48950.0,61030.0,Exercise Trainers and Group Fitness Instructors
26900,399032,2750.0,23080.0,25540.0,30570.0,36490.0,47540.0,Recreation Workers
26900,399041,330.0,28840.0,37640.0,40210.0,44090.0,60170.0,Residential Advisors
26900,410000,96500.0,27250.0,29740.0,37650.0,61840.0,97470.0,Sales and Related Occupations
26900,411011,6650.0,33930.0,38190.0,49470.0,62430.0,77070.0,First-Line Supervisors of Retail Sales Workers
26900,411012,1690.0,60020.0,72600.0,84920.0,105890.0,140630.0,First-Line Supervisors of Non-Retail Sales Workers
26900,412011,20090.0,23190.0,28850.0,29890.0,35360.0,37370.0,Cashiers
26900,412021,3030.0,25200.0,30330.0,37340.0,45660.0,53330.0,Counter and Rental Clerks
26900,412022,2290.0,28010.0,28870.0,36390.0,48570.0,63020.0,Parts Salespersons
26900,412031,28840.0,23640.0,27990.0,31530.0,37300.0,47370.0,Retail Salespersons
26900,413011,550.0,32700.0,45370.0,60350.0,78110.0,135890.0,Advertising Sales Agents
26900,413021,4140.0,40950.0,50340.0,65710.0,97530.0,129270.0,Insurance Sales Agents
26900,413031,3230.0,47090.0,54580.0,65740.0,103630.0,176240.0,"Securities, Commodities, and Financial Services Sales Agents"
26900,413091,9870.0,38260.0,48950.0,65850.0,93410.0,125160.0,"Sales Representatives of Services, Except Advertising, Insurance, Financial Services, and Travel"
26900,414011,2000.0,58310.0,77130.0,104900.0,164940.0,200730.0,"Sales Representatives, Wholesale and Manufacturing, Technical and Scientific Products"
26900,414012,10320.0,37420.0,50250.0,74000.0,99260.0,138170.0,"Sales Representatives, Wholesale and Manufacturing, Except Technical and Scientific Products"
26900,419022,1920.0,28240.0,39030.0,46880.0,66950.0,82270.0,Real Estate Sales Agents
26900,430000,124690.0,33870.0,38780.0,47220.0,58930.0,73840.0,Office and Administrative Support Occupations
26900,431011,8670.0,46860.0,58020.0,74680.0,90420.0,107350.0,First-Line Supervisors of Office and Administrative Support Workers
26900,433011,1120.0,35570.0,39470.0,45900.0,49570.0,58710.0,Bill and Account Collectors
26900,433021,2820.0,37330.0,42340.0,47300.0,54130.0,62560.0,Billing and Posting Clerks
26900,433031,10000.0,34480.0,42210.0,48750.0,59650.0,68760.0,"Bookkeeping, Accounting, and Auditing Clerks"
26900,433051,1690.0,39630.0,46880.0,55450.0,65540.0,81140.0,Payroll and Timekeeping Clerks
26900,433071,2160.0,37020.0,38410.0,43030.0,44100.0,45830.0,Tellers
26900,434031,700.0,30580.0,37740.0,47830.0,59460.0,67080.0,"Court, Municipal, and License Clerks"
26900,434051,17830.0,31790.0,36660.0,43460.0,51230.0,64150.0,Customer Service Representatives
26900,434061,1600.0,31960.0,35710.0,40160.0,44460.0,53770.0,"Eligibility Interviewers, Government Programs"
26900,434071,590.0,35390.0,36310.0,38130.0,49920.0,58050.0,File Clerks
26900,434081,1640.0,29200.0,29910.0,34500.0,36180.0,37450.0,"Hotel, Motel, and Resort Desk Clerks"
26900,434111,1000.0,37150.0,39010.0,44890.0,49920.0,58110.0,"Interviewers, Except Eligibility and Loan"
26900,434121,350.0,21730.0,21780.0,25890.0,32940.0,36600.0,"Library Assistants, Clerical"
26900,434131,1050.0,35420.0,44150.0,47530.0,58700.0,62510.0,Loan Interviewers and Clerks
26900,434161,890.0,34240.0,41200.0,48400.0,57150.0,63040.0,"Human Resources Assistants, Except Payroll and Timekeeping"
26900,434171,5830.0,24310.0,30040.0,37050.0,43920.0,47840.0,Receptionists and Information Clerks
26900,434199,1450.0,38880.0,48740.0,59730.0,73490.0,89610.0,"Information and Record Clerks, All Other"
26900,435031,370.0,41240.0,46550.0,48890.0,59520.0,62140.0,Public Safety Telecommunicators
26900,435032,1520.0,36360.0,43920.0,50060.0,62870.0,72030.0,"Dispatchers, Except Police, Fire, and Ambulance"
26900,435041,70.0,40970.0,47000.0,50700.0,82870.0,103350.0,"Meter Readers, Utilities"
26900,435051,360.0,55350.0,57820.0,64670.0,71930.0,75030.0,Postal Service Clerks
26900,435052,1980.0,42390.0,52170.0,62070.0,81000.0,81040.0,Postal Service Mail Carriers
26900,435061,2800.0,40700.0,49070.0,59810.0,73940.0,81110.0,"Production, Planning, and Expediting Clerks"
26900,435071,10280.0,37240.0,42510.0,48650.0,57160.0,61030.0,"Shipping, Receiving, and Inventory Clerks"
26900,436011,2140.0,44940.0,52220.0,61580.0,78070.0,100430.0,Executive Secretaries and Executive Administrative Assistants
26900,436012,1150.0,38960.0,46280.0,60730.0,75520.0,79040.0,Legal Secretaries and Administrative Assistants
26900,436013,8260.0,37200.0,38680.0,46030.0,47740.0,58200.0,Medical Secretaries and Administrative Assistants
26900,436014,6280.0,32390.0,38130.0,46450.0,51930.0,61740.0,"Secretaries and Administrative Assistants, Except Legal, Medical, and Executive"
26900,439021,850.0,32000.0,36410.0,40550.0,47390.0,56630.0,Data Entry Keyers
26900,439041,2380.0,39280.0,46480.0,52070.0,63630.0,74450.0,Insurance Claims and Policy Processing Clerks
26900,439061,18280.0,30440.0,37330.0,45930.0,55360.0,64990.0,"Office Clerks, General"
26900,450000,560.0,34590.0,37390.0,45420.0,55080.0,67330.0,"Farming, Fishing, and Forestry Occupations"
26900,470000,49080.0,40950.0,48720.0,62710.0,81500.0,98100.0,Construction and Extraction Occupations
26900,471011,6250.0,59730.0,73650.0,85300.0,100290.0,117800.0,First-Line Supervisors of Construction Trades and Extraction Workers
26900,472031,4960.0,46940.0,52040.0,65070.0,77260.0,88570.0,Carpenters
26900,472051,1660.0,44670.0,49710.0,62110.0,71210.0,76290.0,Cement Masons and Concrete Finishers
26900,472061,9840.0,37520.0,45760.0,51040.0,62580.0,71260.0,Construction Laborers
26900,472073,3700.0,49650.0,61520.0,82190.0,92770.0,97130.0,Operating Engineers and Other Construction Equipment Operators
26900,472111,5390.0,41610.0,48180.0,65130.0,87300.0,98690.0,Electricians
26900,472141,1250.0,36250.0,43310.0,50900.0,64010.0,69520.0,"Painters, Construction and Maintenance"
26900,472152,4010.0,46740.0,59830.0,76980.0,97480.0,102370.0,"Plumbers, Pipefitters, and Steamfitters"
26900,472181,1000.0,41420.0,44690.0,51580.0,65210.0,89070.0,Roofers
26900,474011,950.0,44700.0,50620.0,63650.0,81500.0,98330.0,Construction and Building Inspectors
26900,474051,1160.0,40410.0,44730.0,46730.0,53310.0,61570.0,Highway Maintenance Workers
26900,490000,42210.0,37300.0,46540.0,59810.0,75540.0,93440.0,"Installation, Maintenance, and Repair Occupations"
26900,491011,4190.0,54840.0,65460.0,80310.0,101910.0,120430.0,"First-Line Supervisors of Mechanics, Installers, and Repairers"
26900,492011,840.0,37160.0,39310.0,46000.0,58280.0,62990.0,"Computer, Automated Teller, and Office Machine Repairers"
26900,492022,450.0,46540.0,51150.0,61410.0,72840.0,78120.0,"Telecommunications Equipment Installers and Repairers, Except Line Installers"
26900,492098,1080.0,45460.0,49210.0,60930.0,67120.0,86680.0,Security and Fire Alarm Systems Installers
26900,493021,1150.0,35610.0,46520.0,50590.0,65670.0,88560.0,Automotive Body and Related Repairers
26900,493023,5600.0,36100.0,38530.0,50530.0,64570.0,80060.0,Automotive Service Technicians and Mechanics
26900,493031,2850.0,46530.0,50210.0,61710.0,73330.0,80390.0,Bus and Truck Mechanics and Diesel Engine Specialists
26900,493042,940.0,47910.0,59740.0,65600.0,80330.0,97090.0,"Mobile Heavy Equipment Mechanics, Except Engines"
26900,493093,800.0,31480.0,34190.0,36030.0,43680.0,48270.0,Tire Repairers and Changers
26900,499012,200.0,45330.0,50120.0,64130.0,87100.0,102850.0,"Control and Valve Installers and Repairers, Except Mechanical Door"
26900,499021,3080.0,45540.0,49990.0,62160.0,87880.0,98740.0,"Heating, Air Conditioning, and Refrigeration Mechanics and Installers"
26900,499041,3350.0,48130.0,59770.0,66860.0,79820.0,90550.0,Industrial Machinery Mechanics
26900,499052,440.0,43440.0,50030.0,58880.0,74070.0,80820.0,Telecommunications Line Installers and Repairers
26900,499062,610.0,44800.0,51080.0,65870.0,83330.0,98260.0,Medical Equipment Repairers
26900,499071,10670.0,35240.0,40930.0,49520.0,61820.0,77030.0,"Maintenance and Repair Workers, General"
26900,510000,65770.0,34990.0,38650.0,47620.0,59190.0,72780.0,Production Occupations
26900,511011,5670.0,47970.0,58960.0,76080.0,87870.0,103920.0,First-Line Supervisors of Production and Operating Workers
26900,512090,10670.0,34140.0,37380.0,41390.0,48910.0,59550.0,Miscellaneous Assemblers and Fabricators
26900,513011,1140.0,22880.0,31350.0,36870.0,42480.0,47840.0,Bakers
26900,513021,510.0,32210.0,36930.0,42950.0,49420.0,55550.0,Butchers and Meat Cutters
26900,514021,190.0,37840.0,39970.0,44790.0,54860.0,60650.0,"Extruding and Drawing Machine Setters, Operators, and Tenders, Metal and Plastic"
26900,514031,1550.0,37700.0,39970.0,46740.0,50860.0,59620.0,"Cutting, Punching, and Press Machine Setters, Operators, and Tenders, Metal and Plastic"
26900,514041,3540.0,42440.0,48030.0,50610.0,64680.0,72140.0,Machinists
26900,514081,1060.0,36060.0,38570.0,44580.0,49730.0,61530.0,"Multiple Machine Tool Setters, Operators, and Tenders, Metal and Plastic"
26900,514121,2790.0,37690.0,46590.0,51070.0,62550.0,76130.0,"Welders, Cutters, Solderers, and Brazers"
26900,515112,1770.0,36080.0,38480.0,44810.0,50380.0,61330.0,Printing Press Operators
26900,516011,1150.0,27880.0,29260.0,31040.0,34560.0,36720.0,Laundry and Dry-Cleaning Workers
26900,518031,690.0,43370.0,48210.0,58530.0,64780.0,77850.0,Water and Wastewater Treatment Plant and System Operators
26900,519032,380.0,37860.0,39380.0,47030.0,54460.0,59480.0,"Cutting and Slicing Machine Setters, Operators, and Tenders"
26900,519061,6460.0,36440.0,37270.0,47980.0,62020.0,73610.0,"Inspectors, Testers, Sorters, Samplers, and Weighers"
26900,519111,3470.0,33960.0,34750.0,45290.0,50410.0,59070.0,Packaging and Filling Machine Operators and Tenders
26900,519161,1670.0,39520.0,42040.0,46250.0,53460.0,62350.0,Computer Numerically Controlled Tool Operators
26900,519195,300.0,36160.0,41150.0,46640.0,50440.0,61890.0,"Molders, Shapers, and Casters, Except Metal and Plastic"
26900,519199,290.0,38310.0,40110.0,41630.0,49060.0,55420.0,"Production Workers, All Other"
26900,530000,142400.0,30880.0,36900.0,45060.0,55700.0,69250.0,Transportation and Material Moving Occupations
26900,531047,6790.0,46160.0,52850.0,65590.0,78940.0,89400.0,"First-Line Supervisors of Transportation and Material Moving Workers, Except Aircraft Cargo Handling"
26900,533031,3850.0,22880.0,29090.0,40590.0,49890.0,59280.0,Driver/Sales Workers
26900,533032,20480.0,43230.0,50670.0,61980.0,74360.0,82540.0,Heavy and Tractor-Trailer Truck Drivers
26900,533033,7530.0,31830.0,39930.0,45180.0,56570.0,96250.0,Light Truck Drivers
26900,533051,4020.0,24430.0,38690.0,49890.0,57470.0,65350.0,"Bus Drivers, School"
26900,533053,2010.0,24330.0,27490.0,32790.0,37750.0,44740.0,Shuttle Drivers and Chauffeurs
26900,536031,1210.0,29340.0,30890.0,36790.0,39360.0,47580.0,Automotive and Watercraft Service Attendants
26900,537051,9540.0,38450.0,42240.0,45670.0,51360.0,61630.0,Industrial Truck and Tractor Operators
26900,537061,2590.0,27040.0,27970.0,33470.0,37190.0,47770.0,Cleaners of Vehicles and Equipment
26900,537062,48100.0,31500.0,37170.0,44180.0,47330.0,50450.0,"Laborers and Freight, Stock, and Material Movers, Hand"
26900,537064,3330.0,31960.0,33760.0,37040.0,43560.0,59770.0,"Packers and Packagers, Hand"
26900,537065,25630.0,30310.0,33930.0,37120.0,42690.0,49610.0,Stockers and Order Fillers
26900,113061,390.0,92570.0,106070.0,135240.0,159790.0,187260.0,Purchasing Managers
26900,119031,300.0,36600.0,47800.0,58540.0,63140.0,91250.0,"Education and Childcare Administrators, Preschool and Daycare"
26900,119033,590.0,58720.0,75380.0,97560.0,139330.0,227210.0,"Education Administrators, Postsecondary"
26900,132082,700.0,26230.0,39370.0,45780.0,62160.0,78700.0,Tax Preparers
26900,171022,250.0,51860.0,65670.0,81560.0,101790.0,120410.0,Surveyors
26900,173022,540.0,45880.0,48550.0,66650.0,78360.0,87490.0,Civil Engineering Technologists and Technicians
26900,194061,60.0,33310.0,40060.0,57020.0,78750.0,138830.0,Social Science Research Assistants
26900,211094,550.0,40900.0,44110.0,48920.0,58300.0,76020.0,Community Health Workers
26900,252012,640.0,47310.0,49180.0,56360.0,62040.0,76290.0,"Kindergarten Teachers, Except Special Education"
26900,252022,4160.0,49040.0,52750.0,61430.0,76530.0,81100.0,"Middle School Teachers, Except Special and Career/Technical Education"
26900,252057,310.0,46500.0,50800.0,61780.0,69630.0,78590.0,"Special Education Teachers, Middle School"
26900,252058,920.0,49280.0,58620.0,63670.0,79110.0,94920.0,"Special Education Teachers, Secondary School"
26900,259031,920.0,47370.0,59110.0,70180.0,79660.0,100520.0,Instructional Coordinators
26900,259099,80.0,37600.0,37600.0,39800.0,63730.0,81990.0,"Educational Instruction and Library Workers, All Other"
26900,274021,230.0,29420.0,34980.0,37040.0,53050.0,59350.0,Photographers
26900,292043,810.0,47710.0,55480.0,61770.0,67080.0,78230.0,Paramedics
26900,292057,720.0,36950.0,37270.0,44230.0,47730.0,57230.0,Ophthalmic Medical Technicians
26900,299021,470.0,39880.0,41600.0,46470.0,67440.0,83930.0,Health Information Technologists and Medical Registrars
26900,299091,430.0,51600.0,60660.0,63370.0,75830.0,76680.0,Athletic Trainers
26900,312011,700.0,38430.0,59190.0,67290.0,77990.0,87360.0,Occupational Therapy Assistants
26900,319097,830.0,36550.0,38170.0,41550.0,47130.0,54120.0,Phlebotomists
26900,333021,440.0,44410.0,57220.0,76730.0,107330.0,159540.0,Detectives and Criminal Investigators
26900,339092,1400.0,25570.0,27490.0,28810.0,30730.0,32270.0,"Lifeguards, Ski Patrol, and Other Recreational Protective Service Workers"
26900,353041,1360.0,27400.0,28720.0,31960.0,36750.0,38720.0,"Food Servers, Nonrestaurant"
26900,393031,780.0,20820.0,22380.0,28940.0,37440.0,46930.0,"Ushers, Lobby Attendants, and Ticket Takers"
26900,395094,470.0,27710.0,30160.0,48530.0,66670.0,77840.0,Skincare Specialists
26900,397010,380.0,18720.0,30130.0,31200.0,36340.0,36790.0,Tour and Travel Guides
26900,433061,320.0,38200.0,44760.0,49900.0,55950.0,65010.0,Procurement Clerks
26900,435021,520.0,34660.0,36460.0,38730.0,39830.0,53210.0,Couriers and Messengers
26900,435111,1510.0,48600.0,52720.0,57510.0,58920.0,59750.0,"Weighers, Measurers, Checkers, and Samplers, Recordkeeping"
26900,472042,240.0,37560.0,49990.0,59410.0,71980.0,77810.0,"Floor Layers, Except Carpet, Wood, and Hard Tiles"
26900,472211,1480.0,46370.0,53700.0,65840.0,92470.0,98020.0,Sheet Metal Workers
26900,493041,240.0,44790.0,49550.0,62210.0,73770.0,78020.0,Farm Equipment Mechanics and Service Technicians
26900,499043,220.0,41600.0,51150.0,64390.0,73730.0,76640.0,"Maintenance Workers, Machinery"
26900,499044,390.0,52440.0,62750.0,79420.0,90220.0,95960.0,Millwrights
26900,499051,650.0,52110.0,67860.0,105300.0,110820.0,115290.0,Electrical Power-Line Installers and Repairers
26900,499098,340.0,22880.0,32650.0,39080.0,46250.0,55240.0,"Helpers--Installation, Maintenance, and Repair Workers"
26900,499099,590.0,37430.0,46400.0,48450.0,65990.0,79250.0,"Installation, Maintenance, and Repair Workers, All Other"
26900,513092,1550.0,30180.0,34320.0,40860.0,48210.0,53620.0,Food Batchmakers
26900,514072,1480.0,32660.0,34530.0,39880.0,50090.0,57200.0,"Molding, Coremaking, and Casting Machine Setters, Operators, and Tenders, Metal and Plastic"
26900,514111,570.0,41300.0,51310.0,62040.0,75770.0,84140.0,Tool and Die Makers
26900,516021,150.0,24500.0,27580.0,28840.0,33330.0,37310.0,"Pressers, Textile, Garment, and Related Materials"
26900,516031,710.0,30410.0,31760.0,36910.0,44230.0,47390.0,Sewing Machine Operators
26900,519011,2330.0,44160.0,45140.0,61020.0,61210.0,71600.0,Chemical Equipment Operators and Tenders
26900,519124,1360.0,36330.0,38440.0,47230.0,55420.0,63140.0,"Coating, Painting, and Spraying Machine Setters, Operators, and Tenders"
26900,519162,330.0,47530.0,51430.0,56950.0,70860.0,82660.0,Computer Numerically Controlled Tool Programmers
26900,519196,850.0,36680.0,47480.0,49120.0,57330.0,58290.0,"Paper Goods Machine Setters, Operators, and Tenders"
26900,519198,610.0,31270.0,38430.0,38540.0,46430.0,52160.0,Helpers--Production Workers
26900,533052,960.0,47700.0,47700.0,61470.0,61480.0,62710.0,"Bus Drivers, Transit and Intercity"
26900,536021,990.0,24120.0,28770.0,32550.0,35820.0,41040.0,Parking Attendants
26900,537063,600.0,31270.0,35870.0,37820.0,39110.0,50340.0,Machine Feeders and Offbearers
26900,537081,1030.0,39420.0,48430.0,59710.0,61600.0,63260.0,Refuse and Recyclable Material Collectors
26900,119039,190.0,48760.0,61280.0,66770.0,96280.0,106350.0,"Education Administrators, All Other"
26900,131075,530.0,32340.0,37340.0,76980.0,95760.0,105920.0,Labor Relations Specialists
26900,132041,280.0,50670.0,60390.0,69960.0,82420.0,113220.0,Credit Analysts
26900,132053,1150.0,48620.0,63060.0,79280.0,98030.0,107000.0,Insurance Underwriters
26900,132061,210.0,60370.0,65310.0,83570.0,133120.0,177690.0,Financial Examiners
26900,132071,430.0,37850.0,37850.0,48180.0,59540.0,60220.0,Credit Counselors
26900,132081,340.0,44180.0,45600.0,51590.0,65570.0,100010.0,"Tax Examiners and Collectors, and Revenue Agents"
26900,132099,1520.0,60490.0,77110.0,95410.0,113300.0,127630.0,"Financial Specialists, All Other"
26900,151212,980.0,62840.0,72800.0,98060.0,128850.0,163030.0,Information Security Analysts
26900,151243,290.0,87350.0,116180.0,136990.0,169750.0,175300.0,Database Architects
26900,151253,990.0,58840.0,75950.0,93510.0,110000.0,133110.0,Software Quality Assurance Analysts and Testers
26900,152031,640.0,59950.0,69240.0,86660.0,121570.0,156290.0,Operations Research Analysts
26900,152041,130.0,36070.0,43660.0,84570.0,147600.0,190150.0,Statisticians
26900,172081,260.0,63880.0,71090.0,87470.0,114570.0,138740.0,Environmental Engineers
26900,172199,400.0,72950.0,101990.0,121350.0,135860.0,162410.0,"Engineers, All Other"
26900,173023,440.0,51080.0,58690.0,71240.0,82750.0,101190.0,Electrical and Electronic Engineering Technologists and Technicians
26900,173027,370.0,54240.0,67560.0,79400.0,90280.0,90430.0,Mechanical Engineering Technologists and Technicians
26900,173029,80.0,59700.0,66720.0,78120.0,102180.0,111080.0,"Engineering Technologists and Technicians, Except Drafters, All Other"
26900,191031,120.0,37670.0,45700.0,65280.0,81180.0,99400.0,Conservation Scientists
26900,193034,270.0,56260.0,73050.0,77640.0,83150.0,102250.0,School Psychologists
26900,194042,300.0,37570.0,41800.0,49810.0,63590.0,69080.0,"Environmental Science and Protection Technicians, Including Health"
26900,194092,170.0,49340.0,63720.0,77630.0,87580.0,95210.0,Forensic Science Technicians
26900,194099,,46190.0,46190.0,46190.0,62770.0,83470.0,"Life, Physical, and Social Science Technicians, All Other"
26900,211029,180.0,61480.0,77110.0,84570.0,95410.0,101360.0,"Social Workers, All Other"
26900,211099,70.0,35950.0,35950.0,51120.0,63530.0,79100.0,"Community and Social Service Specialists, All Other"
26900,212011,410.0,43280.0,52330.0,61410.0,66310.0,81780.0,Clergy
26900,231012,30.0,40060.0,40060.0,51170.0,64700.0,81090.0,Judicial Law Clerks
26900,231023,260.0,58960.0,105120.0,183000.0,183000.0,183000.0,"Judges, Magistrate Judges, and Magistrates"
26900,232093,570.0,37510.0,37610.0,45160.0,50380.0,67120.0,"Title Examiners, Abstractors, and Searchers"
26900,232099,490.0,23390.0,38990.0,54660.0,96060.0,135190.0,"Legal Support Workers, All Other"
26900,251042,220.0,52070.0,61740.0,84250.0,106870.0,135800.0,"Biological Science Teachers, Postsecondary"
26900,251072,480.0,46950.0,60940.0,80310.0,102900.0,108100.0,"Nursing Instructors and Teachers, Postsecondary"
26900,251081,320.0,40460.0,57850.0,65680.0,81710.0,101310.0,"Education Teachers, Postsecondary"
26900,252032,390.0,45720.0,45730.0,49030.0,62530.0,77880.0,"Career/Technical Education Teachers, Secondary School"
26900,253011,260.0,50200.0,50670.0,60070.0,60340.0,79950.0,"Adult Basic Education, Adult Secondary Education, and English as a Second Language Instructors"
26900,253041,540.0,27520.0,31760.0,45570.0,64070.0,72650.0,Tutors
26900,271023,250.0,28870.0,30320.0,37110.0,43770.0,48640.0,Floral Designers
26900,273043,210.0,,,,,,Writers and Authors
26900,291151,80.0,111000.0,184920.0,225590.0,274990.0,293280.0,Nurse Anesthetists
26900,291215,690.0,137750.0,209490.0,287130.0,465700.0,509200.0,Family Medicine Physicians
26900,291224,400.0,,,,,,Radiologists
26900,291249,360.0,91020.0,358640.0,459300.0,460120.0,508260.0,"Surgeons, All Other"
26900,292033,80.0,80810.0,100100.0,103730.0,108570.0,123040.0,Nuclear Medicine Technologists
26900,319099,240.0,44470.0,48360.0,51350.0,58990.0,70890.0,"Healthcare Support Workers, All Other"
26900,331021,560.0,61560.0,77080.0,98890.0,109380.0,122360.0,First-Line Supervisors of Firefighting and Prevention Workers
26900,332021,120.0,50040.0,59280.0,73440.0,84160.0,89000.0,Fire Inspectors and Investigators
26900,339099,,30510.0,38050.0,47570.0,56060.0,62650.0,"Protective Service Workers, All Other"
26900,372021,590.0,36530.0,37230.0,38740.0,48290.0,61060.0,Pest Control Workers
26900,394021,230.0,30570.0,31230.0,35160.0,36940.0,48050.0,Funeral Attendants
26900,419011,,29120.0,36670.0,49460.0,49460.0,59590.0,Demonstrators and Product Promoters
26900,419021,,30190.0,47100.0,77200.0,142890.0,223390.0,Real Estate Brokers
26900,419099,,30320.0,47690.0,60910.0,72740.0,91280.0,"Sales and Related Workers, All Other"
26900,435053,2080.0,39560.0,45530.0,47170.0,58470.0,75030.0,"Postal Service Mail Sorters, Processors, and Processing Machine Operators"
26900,439051,700.0,29600.0,35870.0,41800.0,43890.0,51500.0,"Mail Clerks and Mail Machine Operators, Except Postal Service"
26900,439199,130.0,20600.0,44760.0,49900.0,62190.0,88210.0,"Office and Administrative Support Workers, All Other"
26900,472021,670.0,49280.0,61790.0,72770.0,80380.0,87460.0,Brickmasons and Blockmasons
26900,492094,450.0,38830.0,57480.0,64870.0,77330.0,84130.0,"Electrical and Electronics Repairers, Commercial and Industrial Equipment"
26900,493011,840.0,36980.0,50810.0,63280.0,77670.0,90060.0,Aircraft Mechanics and Service Technicians
26900,512028,2120.0,37480.0,39890.0,45340.0,48210.0,59580.0,"Electrical, Electronic, and Electromechanical Assemblers, Except Coil Winders, Tapers, and Finishers"
26900,519023,1040.0,36190.0,44560.0,46510.0,49920.0,60410.0,"Mixing and Blending Machine Setters, Operators, and Tenders"
26900,537011,180.0,38730.0,38740.0,38990.0,47490.0,51640.0,Conveyor Operators and Tenders
26900,112011,50.0,92000.0,92570.0,116200.0,174790.0,247820.0,Advertising and Promotions Managers
26900,112032,320.0,75520.0,97900.0,113290.0,158360.0,198870.0,Public Relations Managers
26900,112033,150.0,73590.0,95190.0,112900.0,148520.0,208260.0,Fundraising Managers
26900,113111,80.0,81430.0,102600.0,114410.0,154750.0,199910.0,Compensation and Benefits Managers
26900,113131,410.0,74050.0,79660.0,99550.0,129480.0,165010.0,Training and Development Managers
26900,119072,130.0,41800.0,54010.0,64520.0,90050.0,116160.0,"Entertainment and Recreation Managers, Except Gambling"
26900,119081,170.0,46130.0,57660.0,74760.0,89600.0,106700.0,Lodging Managers
26900,119131,50.0,91500.0,96800.0,101150.0,112240.0,119910.0,Postmasters and Mail Superintendents
26900,119171,80.0,57470.0,62360.0,82870.0,95170.0,155780.0,Funeral Home Managers
26900,119179,40.0,40280.0,49420.0,68740.0,77480.0,79790.0,"Personal Service Managers, All Other"
26900,131032,140.0,62350.0,64810.0,77810.0,80610.0,100090.0,"Insurance Appraisers, Auto Damage"
26900,132031,230.0,62930.0,71500.0,87280.0,99740.0,112160.0,Budget Analysts
26900,132054,220.0,59930.0,80060.0,101910.0,124190.0,162370.0,Financial Risk Specialists
26900,151221,120.0,68840.0,68840.0,86800.0,108080.0,137460.0,Computer and Information Research Scientists
26900,151254,300.0,56550.0,65990.0,82820.0,104580.0,128130.0,Web Developers
26900,151255,490.0,35590.0,56110.0,67530.0,90740.0,126120.0,Web and Digital Interface Designers
26900,152011,490.0,67490.0,81450.0,101040.0,131110.0,139680.0,Actuaries
26900,171012,120.0,38880.0,57240.0,70800.0,84040.0,99220.0,Landscape Architects
26900,172041,,103320.0,104030.0,118010.0,119030.0,119030.0,Chemical Engineers
26900,172061,70.0,83460.0,97680.0,102880.0,135030.0,151460.0,Computer Hardware Engineers
26900,172072,430.0,80250.0,86570.0,108350.0,137520.0,159190.0,"Electronics Engineers, Except Computer"
26900,172111,300.0,63960.0,83240.0,83240.0,83240.0,107480.0,"Health and Safety Engineers, Except Mining Safety Engineers and Inspectors"
26900,172131,160.0,77190.0,85560.0,127230.0,127240.0,128820.0,Materials Engineers
26900,173012,170.0,61960.0,63410.0,80100.0,101640.0,104760.0,Electrical and Electronics Drafters
26900,173013,310.0,49200.0,58220.0,69240.0,83430.0,95430.0,Mechanical Drafters
26900,173021,110.0,62520.0,62520.0,65240.0,76070.0,80320.0,Aerospace Engineering and Operations Technologists and Technicians
26900,173025,,53500.0,55140.0,71040.0,77980.0,97680.0,Environmental Engineering Technologists and Technicians
26900,173028,380.0,45840.0,49620.0,61990.0,73040.0,73750.0,Calibration Technologists and Technicians
26900,191012,70.0,42860.0,57570.0,69970.0,87870.0,100610.0,Food Scientists and Technologists
26900,191013,110.0,46870.0,72710.0,80030.0,130400.0,175640.0,Soil and Plant Scientists
26900,191022,100.0,54810.0,57980.0,77770.0,89010.0,120020.0,Microbiologists
26900,191029,380.0,68560.0,83440.0,104330.0,173010.0,173010.0,"Biological Scientists, All Other"
26900,191041,100.0,67240.0,69840.0,74330.0,86500.0,96880.0,Epidemiologists
26900,192012,80.0,98840.0,105320.0,105940.0,176030.0,220430.0,Physicists
26900,192042,170.0,55170.0,62000.0,81330.0,95750.0,127100.0,"Geoscientists, Except Hydrologists and Geographers"
26900,192099,560.0,41540.0,52890.0,67000.0,86620.0,105510.0,"Physical Scientists, All Other"
26900,193011,30.0,67360.0,102170.0,138260.0,160430.0,170280.0,Economists
26900,193099,70.0,33140.0,74610.0,84570.0,109600.0,127630.0,"Social Scientists and Related Workers, All Other"
26900,194013,300.0,40410.0,40410.0,44550.0,51670.0,51670.0,Food Science Technicians
26900,211013,240.0,47020.0,51760.0,54600.0,62600.0,78520.0,Marriage and Family Therapists
26900,212021,410.0,48090.0,48090.0,58490.0,75000.0,91700.0,"Directors, Religious Activities and Education"
26900,231021,40.0,109910.0,117000.0,138260.0,207480.0,207480.0,"Administrative Law Judges, Adjudicators, and Hearing Officers"
26900,251021,310.0,64100.0,78920.0,94810.0,135570.0,179140.0,"Computer Science Teachers, Postsecondary"
26900,251022,160.0,50140.0,65780.0,83450.0,105060.0,133480.0,"Mathematical Science Teachers, Postsecondary"
26900,251032,290.0,64200.0,84850.0,106500.0,136320.0,178570.0,"Engineering Teachers, Postsecondary"
26900,251052,70.0,52400.0,63250.0,79660.0,106050.0,141320.0,"Chemistry Teachers, Postsecondary"
26900,251054,30.0,61220.0,66340.0,85000.0,106680.0,128980.0,"Physics Teachers, Postsecondary"
26900,251065,80.0,50610.0,67990.0,82850.0,106130.0,162240.0,"Political Science Teachers, Postsecondary"
26900,251066,220.0,50910.0,62690.0,83670.0,105650.0,132230.0,"Psychology Teachers, Postsecondary"
26900,251067,60.0,61650.0,75570.0,97280.0,132730.0,203750.0,"Sociology Teachers, Postsecondary"
26900,251113,220.0,40640.0,51680.0,66570.0,82920.0,136130.0,"Social Work Teachers, Postsecondary"
26900,251122,140.0,49590.0,57620.0,67530.0,84000.0,107480.0,"Communications Teachers, Postsecondary"
26900,251123,150.0,48410.0,55250.0,72610.0,100610.0,131870.0,"English Language and Literature Teachers, Postsecondary"
26900,251124,80.0,52090.0,63190.0,73860.0,81970.0,106270.0,"Foreign Language and Literature Teachers, Postsecondary"
26900,251125,60.0,62090.0,64850.0,77340.0,100700.0,126640.0,"History Teachers, Postsecondary"
26900,251126,100.0,50920.0,61900.0,78110.0,98090.0,131730.0,"Philosophy and Religion Teachers, Postsecondary"
26900,251193,110.0,40030.0,50670.0,63330.0,82260.0,105210.0,"Recreation and Fitness Studies Teachers, Postsecondary"
26900,252051,120.0,37640.0,37640.0,46740.0,59780.0,79170.0,"Special Education Teachers, Preschool"
26900,254012,90.0,45550.0,51060.0,62890.0,79620.0,89000.0,Curators
26900,254013,130.0,36940.0,36940.0,46380.0,59280.0,60640.0,Museum Technicians and Conservators
26900,259044,220.0,21700.0,22040.0,39640.0,49550.0,64150.0,"Teaching Assistants, Postsecondary"
26900,271011,160.0,63090.0,83130.0,105270.0,155180.0,230220.0,Art Directors
26900,271012,,44720.0,44720.0,44720.0,76420.0,76420.0,Craft Artists
26900,271013,70.0,,,,,,"Fine Artists, Including Painters, Sculptors, and Illustrators"
26900,271021,500.0,70410.0,88040.0,88040.0,88040.0,105380.0,Commercial and Industrial Designers
26900,271025,500.0,45990.0,50540.0,66150.0,78830.0,101720.0,Interior Designers
26900,271027,70.0,39500.0,45760.0,72960.0,74990.0,86100.0,Set and Exhibit Designers
26900,272041,90.0,49200.0,55470.0,81770.0,127800.0,175610.0,Music Directors and Composers
26900,272042,110.0,,,,,,Musicians and Singers
26900,273023,220.0,34490.0,48360.0,60620.0,98200.0,167280.0,"News Analysts, Reporters, and Journalists"
26900,273041,280.0,35930.0,46330.0,65390.0,84690.0,123220.0,Editors
26900,273042,240.0,55380.0,73110.0,82970.0,101370.0,108920.0,Technical Writers
26900,273091,700.0,44700.0,44970.0,47530.0,65340.0,80810.0,Interpreters and Translators
26900,274031,80.0,48350.0,48670.0,58480.0,68350.0,77100.0,"Camera Operators, Television, Video, and Film"
26900,274032,230.0,37900.0,38300.0,47340.0,59640.0,68540.0,Film and Video Editors
26900,291011,250.0,36600.0,51880.0,82430.0,102240.0,118780.0,Chiropractors
26900,291041,340.0,71100.0,100920.0,137590.0,165140.0,215290.0,Optometrists
26900,291081,120.0,66120.0,75220.0,150700.0,188510.0,243650.0,Podiatrists
26900,291124,70.0,69050.0,78010.0,98190.0,107060.0,110890.0,Radiation Therapists
26900,291125,100.0,38550.0,45560.0,52960.0,58700.0,69760.0,Recreational Therapists
26900,291128,160.0,31200.0,43680.0,48220.0,58240.0,62910.0,Exercise Physiologists
26900,291129,210.0,37640.0,51180.0,66370.0,74120.0,103020.0,"Therapists, All Other"
26900,291181,,65790.0,76870.0,90360.0,104550.0,108040.0,Audiologists
26900,291211,560.0,204240.0,359000.0,374730.0,410340.0,541190.0,Anesthesiologists
26900,291212,60.0,76490.0,77310.0,511400.0,512310.0,603000.0,Cardiologists
26900,291214,490.0,220400.0,265410.0,284930.0,352740.0,454660.0,Emergency Medicine Physicians
26900,291217,,182520.0,214610.0,365500.0,467550.0,467550.0,Neurologists
26900,291218,,66430.0,157410.0,346920.0,366350.0,366350.0,Obstetricians and Gynecologists
26900,291221,920.0,140450.0,167610.0,170020.0,212530.0,276030.0,"Pediatricians, General"
26900,291222,260.0,216130.0,325730.0,342090.0,342700.0,359420.0,"Physicians, Pathologists"
26900,291223,250.0,194840.0,232380.0,282600.0,446860.0,454930.0,Psychiatrists
26900,291242,420.0,,,,,,"Orthopedic Surgeons, Except Pediatric"
26900,291299,120.0,67830.0,80810.0,94210.0,125630.0,150820.0,"Healthcare Diagnosing or Treating Practitioners, All Other"
26900,292031,470.0,43340.0,46110.0,80720.0,99640.0,104800.0,Cardiovascular Technologists and Technicians
26900,292051,190.0,28490.0,28840.0,31590.0,36250.0,49000.0,Dietetic Technicians
26900,292092,100.0,40260.0,44770.0,65640.0,81620.0,104690.0,Hearing Aid Specialists
26900,299093,250.0,40550.0,42220.0,56120.0,75950.0,102260.0,Surgical Assistants
26900,299099,230.0,40560.0,41570.0,65550.0,87900.0,151460.0,"Healthcare Practitioners and Technical Workers, All Other"
26900,311132,500.0,37350.0,40420.0,40420.0,41450.0,41750.0,Orderlies
26900,312022,310.0,23900.0,29640.0,38050.0,61720.0,77000.0,Physical Therapist Aides
26900,319094,200.0,35930.0,43860.0,46790.0,49870.0,52300.0,Medical Transcriptionists
26900,319095,160.0,33280.0,34620.0,35900.0,38470.0,39630.0,Pharmacy Aides
26900,331011,360.0,52450.0,56930.0,63580.0,73560.0,91470.0,First-Line Supervisors of Correctional Officers
26900,331099,90.0,40710.0,43890.0,76720.0,82080.0,156270.0,"First-Line Supervisors of Protective Service Workers, All Other"
26900,333011,220.0,28740.0,28740.0,34940.0,43580.0,58310.0,Bailiffs
26900,339011,70.0,31410.0,41870.0,47730.0,50310.0,57260.0,Animal Control Workers
26900,339021,140.0,36660.0,38040.0,44550.0,63430.0,81450.0,Private Detectives and Investigators
26900,339031,80.0,35430.0,41570.0,57580.0,111990.0,111990.0,Gambling Surveillance Officers and Gambling Investigators
26900,339093,300.0,48360.0,50420.0,61670.0,65790.0,67830.0,Transportation Security Screeners
26900,339094,780.0,29360.0,31050.0,33590.0,36260.0,37570.0,School Bus Monitors
26900,359099,,19390.0,19390.0,38160.0,38160.0,38590.0,"Food Preparation and Serving Related Workers, All Other"
26900,373012,330.0,43720.0,47530.0,51220.0,52960.0,59230.0,"Pesticide Handlers, Sprayers, and Applicators, Vegetation"
26900,373013,370.0,37900.0,38640.0,46050.0,47740.0,62240.0,Tree Trimmers and Pruners
26900,394031,150.0,32910.0,46270.0,60900.0,77480.0,99260.0,"Morticians, Undertakers, and Funeral Arrangers"
26900,396012,80.0,25100.0,26760.0,36780.0,45900.0,101330.0,Concierges
26900,399099,30.0,27790.0,27790.0,27790.0,50540.0,58480.0,"Personal Care and Service Workers, All Other"
26900,413041,340.0,33650.0,36310.0,49670.0,61180.0,74600.0,Travel Agents
26900,419031,130.0,71230.0,78580.0,98820.0,117010.0,146250.0,Sales Engineers
26900,419041,,22870.0,31200.0,31980.0,37530.0,39880.0,Telemarketers
26900,432011,110.0,28230.0,35200.0,37980.0,47470.0,70070.0,"Switchboard Operators, Including Answering Service"
26900,434011,520.0,39850.0,50070.0,53090.0,60310.0,71430.0,Brokerage Clerks
26900,434041,170.0,39490.0,41090.0,48580.0,56380.0,62990.0,"Credit Authorizers, Checkers, and Clerks"
26900,434141,70.0,37920.0,42650.0,48400.0,56180.0,58540.0,New Accounts Clerks
26900,434151,670.0,37530.0,41660.0,44720.0,54640.0,62380.0,Order Clerks
26900,434181,390.0,34810.0,37170.0,40190.0,74600.0,76830.0,Reservation and Transportation Ticket Agents and Travel Clerks
26900,435011,580.0,40060.0,41600.0,48990.0,63780.0,85740.0,Cargo and Freight Agents
26900,439022,60.0,30880.0,37300.0,39520.0,39520.0,44550.0,Word Processors and Typists
26900,439071,260.0,31600.0,35620.0,37530.0,44930.0,52900.0,"Office Machine Operators, Except Computer"
26900,451011,50.0,58440.0,68190.0,91820.0,92740.0,97020.0,"First-Line Supervisors of Farming, Fishing, and Forestry Workers"
26900,452011,70.0,35770.0,35780.0,36280.0,51370.0,63810.0,Agricultural Inspectors
26900,452091,140.0,40600.0,45020.0,46840.0,57060.0,60980.0,Agricultural Equipment Operators
26900,452092,210.0,27300.0,36660.0,37440.0,48500.0,59090.0,"Farmworkers and Laborers, Crop, Nursery, and Greenhouse"
26900,452093,50.0,39570.0,40530.0,41570.0,45380.0,45380.0,"Farmworkers, Farm, Ranch, and Aquacultural Animals"
26900,472044,240.0,39700.0,47900.0,50570.0,57540.0,75950.0,Tile and Stone Setters
26900,472071,250.0,46290.0,46360.0,50070.0,70990.0,74720.0,"Paving, Surfacing, and Tamping Equipment Operators"
26900,472081,160.0,45850.0,47780.0,61260.0,67570.0,76010.0,Drywall and Ceiling Tile Installers
26900,472121,370.0,44830.0,48180.0,62470.0,70010.0,74560.0,Glaziers
26900,472131,240.0,40840.0,46070.0,59290.0,71470.0,79460.0,"Insulation Workers, Floor, Ceiling, and Wall"
26900,472132,520.0,48630.0,48720.0,74840.0,79760.0,98060.0,"Insulation Workers, Mechanical"
26900,472151,490.0,38400.0,45710.0,74180.0,95180.0,95180.0,Pipelayers
26900,472221,1110.0,46320.0,57190.0,70140.0,79820.0,97600.0,Structural Iron and Steel Workers
26900,473013,570.0,33020.0,36180.0,36210.0,43210.0,52270.0,Helpers--Electricians
26900,473015,,33380.0,33540.0,44510.0,49260.0,60810.0,"Helpers--Pipelayers, Plumbers, Pipefitters, and Steamfitters"
26900,473019,60.0,33970.0,39480.0,42290.0,48250.0,49160.0,"Helpers, Construction Trades, All Other"
26900,474041,530.0,38400.0,42290.0,46530.0,50100.0,60360.0,Hazardous Materials Removal Workers
26900,474071,190.0,35210.0,40570.0,50590.0,58160.0,65640.0,Septic Tank Servicers and Sewer Pipe Cleaners
26900,474090,100.0,45760.0,45760.0,49070.0,78750.0,78750.0,Miscellaneous Construction and Related Workers
26900,475022,320.0,49470.0,57840.0,61330.0,90350.0,90360.0,"Excavating and Loading Machine and Dragline Operators, Surface Mining"
26900,475023,160.0,48880.0,57030.0,62710.0,71030.0,99490.0,"Earth Drillers, Except Oil and Gas"
26900,492091,40.0,51970.0,65310.0,77240.0,81030.0,81030.0,Avionics Technicians
26900,492095,100.0,87520.0,109100.0,114170.0,121710.0,128070.0,"Electrical and Electronics Repairers, Powerhouse, Substation, and Relay"
26900,492097,,33930.0,34160.0,46770.0,51810.0,63910.0,Audiovisual Equipment Installers and Repairers
26900,493022,90.0,39350.0,44780.0,49340.0,58500.0,59540.0,Automotive Glass Installers and Repairers
26900,493051,110.0,35860.0,45710.0,48820.0,66020.0,66480.0,Motorboat Mechanics and Service Technicians
26900,493052,100.0,33010.0,39030.0,50670.0,59620.0,65920.0,Motorcycle Mechanics
26900,493053,300.0,34190.0,38930.0,47770.0,56230.0,59810.0,Outdoor Power Equipment and Other Small Engine Mechanics
26900,499011,250.0,49190.0,50590.0,62210.0,80630.0,83790.0,Mechanical Door Repairers
26900,499031,340.0,38550.0,38810.0,49900.0,60760.0,66670.0,Home Appliance Repairers
26900,499069,,40960.0,40960.0,52880.0,68800.0,76210.0,"Precision Instrument and Equipment Repairers, All Other"
26900,499091,170.0,36280.0,36850.0,45290.0,55960.0,64590.0,"Coin, Vending, and Amusement Machine Servicers and Repairers"
26900,499094,80.0,30020.0,38800.0,49180.0,57770.0,67160.0,Locksmiths and Safe Repairers
26900,512021,50.0,47720.0,48710.0,51270.0,60950.0,70860.0,"Coil Winders, Tapers, and Finishers"
26900,512041,480.0,42670.0,47360.0,55750.0,62460.0,69140.0,Structural Metal Fabricators and Fitters
26900,514023,220.0,38590.0,38600.0,44160.0,49940.0,60570.0,"Rolling Machine Setters, Operators, and Tenders, Metal and Plastic"
26900,514033,790.0,40560.0,42730.0,47680.0,51320.0,64530.0,"Grinding, Lapping, Polishing, & Buffing Machine Tool Setters, Operators, & Tenders, Metal & Plastic"
26900,514034,130.0,40300.0,43970.0,52570.0,64180.0,65220.0,"Lathe and Turning Machine Tool Setters, Operators, and Tenders, Metal and Plastic"
26900,514035,50.0,45080.0,48280.0,56700.0,63880.0,66860.0,"Milling and Planing Machine Setters, Operators, and Tenders, Metal and Plastic"
26900,514051,90.0,47590.0,50040.0,50040.0,61690.0,71850.0,Metal-Refining Furnace Operators and Tenders
26900,514122,550.0,36910.0,36910.0,38970.0,47530.0,51510.0,"Welding, Soldering, and Brazing Machine Setters, Operators, and Tenders"
26900,514191,210.0,34990.0,44590.0,55370.0,63380.0,75650.0,"Heat Treating Equipment Setters, Operators, and Tenders, Metal and Plastic"
26900,514193,200.0,33830.0,37630.0,40040.0,48120.0,62120.0,"Plating Machine Setters, Operators, and Tenders, Metal and Plastic"
26900,515111,280.0,36670.0,42870.0,49770.0,59110.0,65180.0,Prepress Technicians and Workers
26900,515113,300.0,33210.0,37780.0,39650.0,49000.0,52960.0,Print Binding and Finishing Workers
26900,516052,220.0,32210.0,34000.0,36450.0,50330.0,50360.0,"Tailors, Dressmakers, and Custom Sewers"
26900,516093,170.0,35450.0,38150.0,42240.0,48860.0,61350.0,Upholsterers
26900,517011,570.0,36260.0,39130.0,47140.0,49850.0,62990.0,Cabinetmakers and Bench Carpenters
26900,517021,80.0,36600.0,39750.0,43630.0,48880.0,55120.0,Furniture Finishers
26900,517041,170.0,35430.0,36500.0,39590.0,47650.0,59470.0,"Sawing Machine Setters, Operators, and Tenders, Wood"
26900,517042,290.0,36430.0,37120.0,40370.0,48060.0,50820.0,"Woodworking Machine Setters, Operators, and Tenders, Except Sawing"
26900,518013,100.0,69580.0,99750.0,109090.0,113530.0,134490.0,Power Plant Operators
26900,518021,120.0,49920.0,65580.0,79160.0,87930.0,99750.0,Stationary Engineers and Boiler Operators
26900,518099,90.0,49860.0,64290.0,72780.0,72780.0,72790.0,"Plant and System Operators, All Other"
26900,519012,670.0,46230.0,50890.0,57890.0,57910.0,58450.0,"Separating, Filtering, Clarifying, Precipitating, and Still Machine Setters, Operators, and Tenders"
26900,519021,150.0,38640.0,43890.0,63800.0,66630.0,70200.0,"Crushing, Grinding, and Polishing Machine Setters, Operators, and Tenders"
26900,519022,100.0,37310.0,39940.0,44940.0,48470.0,55550.0,"Grinding and Polishing Workers, Hand"
26900,519041,240.0,38540.0,44560.0,48700.0,50080.0,59870.0,"Extruding, Forming, Pressing, and Compacting Machine Setters, Operators, and Tenders"
26900,519051,70.0,38470.0,43700.0,47150.0,53680.0,63030.0,"Furnace, Kiln, Oven, Drier, and Kettle Operators and Tenders"
26900,519071,150.0,28230.0,35450.0,49350.0,58700.0,75150.0,Jewelers and Precious Stone and Metal Workers
26900,519081,210.0,38700.0,48510.0,51750.0,61510.0,75470.0,Dental Laboratory Technicians
26900,519191,90.0,36860.0,37500.0,43660.0,49870.0,58420.0,Adhesive Bonding Machine Operators and Tenders
26900,519192,210.0,35730.0,39100.0,43680.0,49400.0,53120.0,"Cleaning, Washing, and Metal Pickling Equipment Operators and Tenders"
26900,519194,50.0,29980.0,32170.0,42960.0,48750.0,50360.0,Etchers and Engravers
26900,519197,90.0,38550.0,44890.0,47190.0,50000.0,55410.0,Tire Builders
26900,531041,50.0,47130.0,59990.0,75880.0,87090.0,96280.0,Aircraft Cargo Handling Supervisors
26900,532011,,83680.0,83680.0,171260.0,338390.0,338390.0,"Airline Pilots, Copilots, and Flight Engineers"
26900,532012,370.0,75540.0,93560.0,128900.0,157390.0,225500.0,Commercial Pilots
26900,532021,470.0,104780.0,156290.0,171910.0,189090.0,204210.0,Air Traffic Controllers
26900,532022,190.0,35240.0,36300.0,40520.0,49960.0,61380.0,Airfield Operations Specialists
26900,533011,60.0,31170.0,33280.0,42330.0,49290.0,59670.0,"Ambulance Drivers and Attendants, Except Emergency Medical Technicians"
26900,533099,210.0,22060.0,25980.0,25990.0,26920.0,48530.0,"Motor Vehicle Operators, All Other"
26900,536032,120.0,35740.0,35740.0,35740.0,45320.0,45740.0,Aircraft Service Attendants
26900,536051,80.0,41140.0,69990.0,107330.0,134720.0,142440.0,Transportation Inspectors
26900,536099,80.0,30680.0,30690.0,48870.0,60390.0,60410.0,"Transportation Workers, All Other"
26900,537021,340.0,39870.0,44670.0,72020.0,90630.0,98730.0,Crane and Tower Operators
26900,537199,50.0,39630.0,50040.0,50040.0,56490.0,59060.0,"Material Moving Workers, All Other"
26900,514022,120.0,38120.0,41590.0,57740.0,57810.0,62590.0,"Forging Machine Setters, Operators, and Tenders, Metal and Plastic"
26900,172011,330.0,83000.0,87170.0,112140.0,135450.0,176860.0,Aerospace Engineers
26900,191032,40.0,47300.0,53490.0,64610.0,86230.0,100920.0,Foresters
26900,192043,30.0,62620.0,68860.0,80700.0,83840.0,116270.0,Hydrologists
26900,272021,240.0,,,,,,Athletes and Sports Competitors
26900,291161,120.0,101630.0,101630.0,101630.0,102920.0,134710.0,Nurse Midwives
26900,514052,80.0,45930.0,45960.0,47750.0,59500.0,66310.0,"Pourers and Casters, Metal"
26900,518093,90.0,47370.0,59140.0,78350.0,99480.0,104020.0,"Petroleum Pump System Operators, Refinery Operators, and Gaugers"
26900,519082,60.0,29470.0,36700.0,56390.0,94240.0,104250.0,Medical Appliance Technicians
26900,519151,90.0,35790.0,36580.0,37720.0,45830.0,63290.0,Photographic Process Workers and Processing Machine Operators
26900,194071,60.0,34190.0,37200.0,48610.0,53420.0,53420.0,Forest and Conservation Technicians
26900,493092,100.0,47440.0,59230.0,59970.0,61320.0,74930.0,Recreational Vehicle Service Technicians
26900,512031,200.0,40990.0,70660.0,80200.0,80200.0,99900.0,Engine and Other Machine Assemblers
26900,514199,160.0,49090.0,54890.0,54890.0,64630.0,64630.0,"Metal Workers and Plastic Workers, All Other"
26900,519123,,37070.0,40000.0,43780.0,58140.0,61870.0,"Painting, Coating, and Decorating Workers"
26900,192021,40.0,67430.0,92410.0,107690.0,131240.0,155000.0,Atmospheric and Space Scientists
26900,194012,150.0,37360.0,37360.0,46170.0,63980.0,73840.0,Agricultural Technicians
26900,231022,40.0,48730.0,57360.0,57360.0,79470.0,85990.0,"Arbitrators, Mediators, and Conciliators"
26900,272031,110.0,,,,,,Dancers
26900,272032,,44840.0,44840.0,44840.0,45950.0,82280.0,Choreographers
26900,291241,110.0,134430.0,135950.0,168600.0,435600.0,489710.0,"Ophthalmologists, Except Pediatric"
26900,333031,30.0,65990.0,75990.0,75990.0,105990.0,111990.0,Fish and Game Wardens
26900,394012,80.0,38170.0,38480.0,38980.0,57490.0,61580.0,Crematory Operators
26900,395011,210.0,30720.0,33220.0,33570.0,59180.0,60060.0,Barbers
26900,396011,80.0,27670.0,27900.0,27940.0,37430.0,37430.0,Baggage Porters and Bellhops
26900,439031,60.0,37120.0,43920.0,50980.0,53610.0,69830.0,Desktop Publishers
26900,472022,50.0,39800.0,41550.0,47770.0,59980.0,72890.0,Stonemasons
26900,472171,30.0,64630.0,64630.0,64630.0,66570.0,93310.0,Reinforcing Iron and Rebar Workers
26900,472231,240.0,39660.0,39670.0,39690.0,47850.0,54830.0,Solar Photovoltaic Installers
26900,474021,50.0,65220.0,106880.0,116520.0,125840.0,131250.0,Elevator and Escalator Installers and Repairers
26900,493091,40.0,27480.0,32490.0,32490.0,33010.0,44390.0,Bicycle Repairers
26900,499096,40.0,46350.0,48830.0,53610.0,78830.0,91200.0,Riggers
26900,516099,40.0,31890.0,35170.0,44690.0,48930.0,68070.0,"Textile, Apparel, and Furnishings Workers, All Other"
26900,519031,40.0,21770.0,30150.0,38420.0,50000.0,61710.0,"Cutters and Trimmers, Hand"
26900,519083,140.0,37100.0,37350.0,38770.0,46210.0,62550.0,Ophthalmic Laboratory Technicians
29020,000000,35500.0,28670.0,35720.0,48980.0,75930.0,96510.0,All Occupations
29020,110000,1380.0,52820.0,72630.0,99880.0,130580.0,181660.0,Management Occupations
29020,111021,450.0,48060.0,64110.0,97930.0,133460.0,210810.0,General and Operations Managers
29020,112022,70.0,52820.0,79460.0,119110.0,164200.0,220930.0,Sales Managers
29020,113013,30.0,61020.0,95690.0,131390.0,131390.0,131390.0,Facilities Managers
29020,113031,100.0,71920.0,83320.0,115140.0,160450.0,265430.0,Financial Managers
29020,113051,110.0,76000.0,101390.0,121790.0,128640.0,128640.0,Industrial Production Managers
29020,119021,40.0,80350.0,102240.0,127930.0,156000.0,185280.0,Construction Managers
29020,119032,80.0,79750.0,82080.0,96730.0,103490.0,134760.0,"Education Administrators, Kindergarten through Secondary"
29020,119051,50.0,44440.0,55600.0,72250.0,84050.0,99680.0,Food Service Managers
29020,119111,110.0,65890.0,78410.0,96710.0,120890.0,156280.0,Medical and Health Services Managers
29020,119141,30.0,40900.0,49150.0,62160.0,85010.0,109300.0,"Property, Real Estate, and Community Association Managers"
29020,119151,40.0,48450.0,59580.0,64470.0,77990.0,97430.0,Social and Community Service Managers
29020,119199,40.0,44180.0,44180.0,46990.0,65910.0,110960.0,"Managers, All Other"
29020,130000,1150.0,43160.0,55850.0,73330.0,96760.0,121140.0,Business and Financial Operations Occupations
29020,131020,80.0,46300.0,55570.0,70140.0,85620.0,115290.0,Buyers and Purchasing Agents
29020,131051,40.0,49620.0,58040.0,76490.0,97450.0,116920.0,Cost Estimators
29020,131071,130.0,47160.0,56620.0,66200.0,80040.0,104230.0,Human Resources Specialists
29020,131082,70.0,63750.0,87040.0,110920.0,129970.0,169160.0,Project Management Specialists
29020,131151,40.0,27970.0,38390.0,61680.0,81610.0,105150.0,Training and Development Specialists
29020,131161,70.0,39220.0,50050.0,62450.0,77250.0,96890.0,Market Research Analysts and Marketing Specialists
29020,131199,50.0,49880.0,50820.0,53740.0,85440.0,97970.0,"Business Operations Specialists, All Other"
29020,132011,170.0,50680.0,62200.0,77520.0,104410.0,120010.0,Accountants and Auditors
29020,132051,40.0,55000.0,63590.0,81040.0,93810.0,107260.0,Financial and Investment Analysts
29020,132052,80.0,45230.0,50280.0,97430.0,178650.0,337140.0,Personal Financial Advisors
29020,132072,60.0,46420.0,51340.0,60780.0,84650.0,120540.0,Loan Officers
29020,150000,300.0,43700.0,56790.0,79330.0,109740.0,149150.0,Computer and Mathematical Occupations
29020,151231,40.0,48210.0,61350.0,78690.0,91370.0,103730.0,Computer Network Support Specialists
29020,151232,70.0,37920.0,41050.0,47600.0,56990.0,64290.0,Computer User Support Specialists
29020,151252,60.0,75710.0,101850.0,132390.0,155750.0,175540.0,Software Developers
29020,170000,850.0,65400.0,83880.0,105410.0,127920.0,156100.0,Architecture and Engineering Occupations
29020,172071,210.0,97020.0,98860.0,106550.0,127650.0,158450.0,Electrical Engineers
29020,172112,100.0,78020.0,95820.0,106570.0,125000.0,151360.0,Industrial Engineers
29020,172141,300.0,81960.0,98760.0,105410.0,129830.0,157670.0,Mechanical Engineers
29020,173026,40.0,63750.0,73650.0,73650.0,85040.0,85040.0,Industrial Engineering Technologists and Technicians
29020,190000,140.0,47540.0,59730.0,76180.0,92880.0,115680.0,"Life, Physical, and Social Science Occupations"
29020,210000,690.0,35550.0,39290.0,47870.0,60700.0,76830.0,Community and Social Service Occupations
29020,211012,70.0,37170.0,45800.0,49660.0,61020.0,74230.0,"Educational, Guidance, and Career Counselors and Advisors"
29020,211018,170.0,38230.0,45220.0,59040.0,74430.0,88920.0,"Substance Abuse, Behavioral Disorder, and Mental Health Counselors"
29020,211021,100.0,38000.0,44980.0,48730.0,55780.0,63920.0,"Child, Family, and School Social Workers"
29020,211093,190.0,29780.0,35550.0,37690.0,46470.0,54990.0,Social and Human Service Assistants
29020,230000,130.0,43650.0,49710.0,78900.0,116810.0,183000.0,Legal Occupations
29020,231011,60.0,48090.0,81750.0,104320.0,137250.0,213790.0,Lawyers
29020,232011,50.0,43650.0,46340.0,57960.0,61360.0,82160.0,Paralegals and Legal Assistants
29020,250000,1850.0,29400.0,37440.0,51020.0,65750.0,81920.0,Educational Instruction and Library Occupations
29020,251071,40.0,58720.0,73190.0,96340.0,121580.0,192600.0,"Health Specialties Teachers, Postsecondary"
29020,251194,50.0,47960.0,49250.0,59530.0,81840.0,81840.0,"Career/Technical Education Teachers, Postsecondary"
29020,252011,50.0,30340.0,30980.0,39400.0,46560.0,58040.0,"Preschool Teachers, Except Special Education"
29020,252021,300.0,48030.0,50340.0,61180.0,64550.0,77070.0,"Elementary School Teachers, Except Special Education"
29020,252031,190.0,47770.0,49110.0,60320.0,72420.0,74170.0,"Secondary School Teachers, Except Special and Career/Technical Education"
29020,253021,60.0,23640.0,29380.0,38520.0,48580.0,48580.0,Self-Enrichment Teachers
29020,253031,120.0,29630.0,34460.0,37220.0,47480.0,61090.0,"Substitute Teachers, Short-Term"
29020,254022,30.0,33150.0,39360.0,60400.0,61740.0,79130.0,Librarians and Media Collections Specialists
29020,259045,300.0,23740.0,27430.0,30440.0,36240.0,39560.0,"Teaching Assistants, Except Postsecondary"
29020,270000,180.0,31090.0,34640.0,47440.0,60020.0,79920.0,"Arts, Design, Entertainment, Sports, and Media Occupations"
29020,271026,40.0,33420.0,35480.0,37250.0,45940.0,64120.0,Merchandise Displayers and Window Trimmers
29020,290000,2120.0,39610.0,59770.0,79450.0,99700.0,129480.0,Healthcare Practitioners and Technical Occupations
29020,291021,40.0,75840.0,100480.0,174240.0,306820.0,333810.0,"Dentists, General"
29020,291051,60.0,109800.0,135580.0,151730.0,160170.0,161830.0,Pharmacists
29020,291122,40.0,63320.0,77470.0,92320.0,98580.0,122290.0,Occupational Therapists
29020,291123,60.0,80460.0,82540.0,98350.0,103410.0,124720.0,Physical Therapists
29020,291141,740.0,69420.0,79000.0,83370.0,96660.0,101510.0,Registered Nurses
29020,291171,50.0,80590.0,116480.0,126220.0,129160.0,145950.0,Nurse Practitioners
29020,291292,80.0,78990.0,80430.0,94230.0,97140.0,124020.0,Dental Hygienists
29020,292034,70.0,58910.0,62210.0,79330.0,100780.0,100780.0,Radiologic Technologists and Technicians
29020,292042,40.0,31850.0,36660.0,41670.0,48650.0,48650.0,Emergency Medical Technicians
29020,292052,110.0,36770.0,38200.0,39400.0,46420.0,51970.0,Pharmacy Technicians
29020,292061,140.0,56320.0,62830.0,67240.0,73050.0,76040.0,Licensed Practical and Licensed Vocational Nurses
29020,292072,50.0,39610.0,47590.0,49160.0,65880.0,81160.0,Medical Records Specialists
29020,292081,50.0,34610.0,38000.0,38390.0,43230.0,46590.0,"Opticians, Dispensing"
29020,310000,1710.0,30830.0,34290.0,36800.0,43460.0,48490.0,Healthcare Support Occupations
29020,311120,710.0,30150.0,31740.0,35650.0,35760.0,37530.0,Home Health and Personal Care Aides
29020,311131,460.0,35600.0,36680.0,38250.0,39220.0,44910.0,Nursing Assistants
29020,319011,40.0,39370.0,48430.0,57060.0,57060.0,72990.0,Massage Therapists
29020,319091,140.0,37050.0,39470.0,48360.0,57510.0,60290.0,Dental Assistants
29020,319092,170.0,37320.0,39290.0,44700.0,47260.0,49810.0,Medical Assistants
29020,330000,600.0,28150.0,36040.0,57290.0,72300.0,86490.0,Protective Service Occupations
29020,331012,40.0,65560.0,75250.0,79500.0,89670.0,101500.0,First-Line Supervisors of Police and Detectives
29020,333051,140.0,51310.0,60360.0,72300.0,72300.0,86490.0,Police and Sheriff's Patrol Officers
29020,339032,110.0,30820.0,36040.0,44080.0,54770.0,65930.0,Security Guards
29020,350000,4050.0,21330.0,24830.0,29540.0,36030.0,44380.0,Food Preparation and Serving Related Occupations
29020,351012,320.0,31740.0,37810.0,46550.0,58960.0,67550.0,First-Line Supervisors of Food Preparation and Serving Workers
29020,352012,120.0,27290.0,30890.0,36290.0,39320.0,44380.0,"Cooks, Institution and Cafeteria"
29020,352014,370.0,26980.0,29530.0,35300.0,37700.0,42720.0,"Cooks, Restaurant"
29020,352015,30.0,21300.0,21300.0,28670.0,34480.0,38810.0,"Cooks, Short Order"
29020,352021,230.0,22880.0,27720.0,30160.0,35360.0,38170.0,Food Preparation Workers
29020,353011,180.0,17630.0,20530.0,23060.0,30180.0,38640.0,Bartenders
29020,353023,1540.0,22310.0,24470.0,29130.0,34440.0,36030.0,Fast Food and Counter Workers
29020,353031,690.0,18240.0,21240.0,28420.0,34560.0,47780.0,Waiters and Waitresses
29020,359011,120.0,19290.0,22820.0,28190.0,33310.0,36490.0,Dining Room and Cafeteria Attendants and Bartender Helpers
29020,359021,110.0,22730.0,27420.0,29430.0,34010.0,36590.0,Dishwashers
29020,359031,160.0,20250.0,22790.0,27150.0,30920.0,38260.0,"Hosts and Hostesses, Restaurant, Lounge, and Coffee Shop"
29020,370000,960.0,28500.0,30700.0,36520.0,45830.0,50810.0,Building and Grounds Cleaning and Maintenance Occupations
29020,371011,40.0,40630.0,47200.0,51560.0,60740.0,77290.0,First-Line Supervisors of Housekeeping and Janitorial Workers
29020,372011,530.0,28870.0,30670.0,36400.0,44910.0,47040.0,"Janitors and Cleaners, Except Maids and Housekeeping Cleaners"
29020,372012,110.0,28500.0,29260.0,33780.0,36110.0,38520.0,Maids and Housekeeping Cleaners
29020,373011,230.0,25670.0,31170.0,37490.0,42230.0,49720.0,Landscaping and Groundskeeping Workers
29020,390000,630.0,22480.0,25380.0,30220.0,39250.0,57460.0,Personal Care and Service Occupations
29020,392021,50.0,21940.0,23610.0,28750.0,31140.0,43810.0,Animal Caretakers
29020,395012,90.0,21940.0,27100.0,30320.0,49820.0,61290.0,"Hairdressers, Hairstylists, and Cosmetologists"
29020,399011,120.0,24180.0,24180.0,29930.0,31510.0,37460.0,Childcare Workers
29020,399031,40.0,28330.0,29380.0,35090.0,45020.0,61960.0,Exercise Trainers and Group Fitness Instructors
29020,399032,110.0,22440.0,24340.0,28320.0,34010.0,41630.0,Recreation Workers
29020,410000,3350.0,23630.0,28690.0,33940.0,45270.0,65930.0,Sales and Related Occupations
29020,411011,300.0,32340.0,36790.0,47970.0,60850.0,72620.0,First-Line Supervisors of Retail Sales Workers
29020,412011,980.0,21980.0,26490.0,29570.0,32700.0,36520.0,Cashiers
29020,412021,90.0,28240.0,29720.0,37650.0,46440.0,57580.0,Counter and Rental Clerks
29020,412022,90.0,27720.0,29710.0,35980.0,48160.0,57360.0,Parts Salespersons
29020,412031,1290.0,23230.0,27190.0,31580.0,37190.0,47510.0,Retail Salespersons
29020,413021,70.0,36630.0,45660.0,59500.0,84600.0,125410.0,Insurance Sales Agents
29020,413031,60.0,45260.0,55140.0,77190.0,99010.0,164420.0,"Securities, Commodities, and Financial Services Sales Agents"
29020,413091,170.0,36470.0,39170.0,53660.0,74560.0,102780.0,"Sales Representatives of Services, Except Advertising, Insurance, Financial Services, and Travel"
29020,414012,210.0,38830.0,48470.0,70620.0,103530.0,152790.0,"Sales Representatives, Wholesale and Manufacturing, Except Technical and Scientific Products"
29020,430000,3170.0,31170.0,36810.0,44160.0,51750.0,65770.0,Office and Administrative Support Occupations
29020,431011,160.0,41500.0,50900.0,62010.0,82370.0,101060.0,First-Line Supervisors of Office and Administrative Support Workers
29020,433021,110.0,36500.0,38690.0,45890.0,48070.0,59490.0,Billing and Posting Clerks
29020,433031,280.0,34830.0,38970.0,45990.0,54710.0,64580.0,"Bookkeeping, Accounting, and Auditing Clerks"
29020,433051,40.0,40190.0,44270.0,52140.0,64220.0,81650.0,Payroll and Timekeeping Clerks
29020,433071,100.0,35070.0,36970.0,38470.0,44090.0,46270.0,Tellers
29020,434051,340.0,30960.0,34060.0,38380.0,47080.0,55280.0,Customer Service Representatives
29020,434061,40.0,37640.0,38770.0,44180.0,46520.0,50350.0,"Eligibility Interviewers, Government Programs"
29020,434081,40.0,28860.0,29570.0,30080.0,35170.0,35530.0,"Hotel, Motel, and Resort Desk Clerks"
29020,434111,50.0,34820.0,37350.0,39100.0,47240.0,56210.0,"Interviewers, Except Eligibility and Loan"
29020,434121,50.0,27800.0,29640.0,29640.0,36180.0,37010.0,"Library Assistants, Clerical"
29020,434131,40.0,38850.0,45100.0,46560.0,48260.0,59270.0,Loan Interviewers and Clerks
29020,434171,200.0,25040.0,29950.0,35040.0,41410.0,48580.0,Receptionists and Information Clerks
29020,435032,40.0,38410.0,38940.0,51200.0,62470.0,66560.0,"Dispatchers, Except Police, Fire, and Ambulance"
29020,435052,100.0,42390.0,48940.0,59880.0,76640.0,81040.0,Postal Service Mail Carriers
29020,435061,70.0,38420.0,45930.0,61500.0,76360.0,80620.0,"Production, Planning, and Expediting Clerks"
29020,435071,170.0,32070.0,35630.0,43690.0,50920.0,61920.0,"Shipping, Receiving, and Inventory Clerks"
29020,436011,30.0,35090.0,44870.0,56870.0,70190.0,78840.0,Executive Secretaries and Executive Administrative Assistants
29020,436012,40.0,36760.0,39600.0,45860.0,46030.0,57700.0,Legal Secretaries and Administrative Assistants
29020,436013,230.0,36230.0,37870.0,43890.0,47100.0,56070.0,Medical Secretaries and Administrative Assistants
29020,436014,200.0,32220.0,37190.0,44220.0,47780.0,58640.0,"Secretaries and Administrative Assistants, Except Legal, Medical, and Executive"
29020,439041,70.0,,,,,,Insurance Claims and Policy Processing Clerks
29020,439061,600.0,28550.0,35700.0,41820.0,49760.0,62330.0,"Office Clerks, General"
29020,470000,1970.0,45600.0,57830.0,82820.0,91470.0,98720.0,Construction and Extraction Occupations
29020,471011,150.0,60820.0,75330.0,95680.0,102350.0,120580.0,First-Line Supervisors of Construction Trades and Extraction Workers
29020,472031,120.0,43150.0,50340.0,61000.0,80640.0,95000.0,Carpenters
29020,472061,210.0,34420.0,39870.0,48210.0,59980.0,68060.0,Construction Laborers
29020,472073,100.0,47480.0,59890.0,82270.0,95120.0,105380.0,Operating Engineers and Other Construction Equipment Operators
29020,472111,730.0,54450.0,79820.0,91290.0,95690.0,98720.0,Electricians
29020,472152,400.0,50430.0,79540.0,91470.0,91470.0,96660.0,"Plumbers, Pipefitters, and Steamfitters"
29020,490000,1820.0,38420.0,48070.0,68760.0,91410.0,97260.0,"Installation, Maintenance, and Repair Occupations"
29020,491011,230.0,56480.0,73300.0,97500.0,97500.0,106390.0,"First-Line Supervisors of Mechanics, Installers, and Repairers"
29020,493021,30.0,43680.0,48850.0,51970.0,63270.0,79440.0,Automotive Body and Related Repairers
29020,493023,200.0,35450.0,38680.0,48580.0,61590.0,77490.0,Automotive Service Technicians and Mechanics
29020,493031,60.0,42740.0,47690.0,56690.0,64070.0,79890.0,Bus and Truck Mechanics and Diesel Engine Specialists
29020,493042,40.0,50350.0,66390.0,90040.0,90040.0,90040.0,"Mobile Heavy Equipment Mechanics, Except Engines"
29020,499021,170.0,44460.0,48640.0,64800.0,96660.0,97830.0,"Heating, Air Conditioning, and Refrigeration Mechanics and Installers"
29020,499041,240.0,54150.0,62790.0,91470.0,91470.0,91470.0,Industrial Machinery Mechanics
29020,499071,280.0,34370.0,39600.0,48400.0,60660.0,73150.0,"Maintenance and Repair Workers, General"
29020,510000,5830.0,40060.0,60620.0,75930.0,75930.0,77240.0,Production Occupations
29020,511011,260.0,53420.0,69730.0,83500.0,88920.0,94700.0,First-Line Supervisors of Production and Operating Workers
29020,512090,230.0,28700.0,33880.0,38930.0,45470.0,56260.0,Miscellaneous Assemblers and Fabricators
29020,513011,40.0,26960.0,30160.0,34640.0,39980.0,39980.0,Bakers
29020,514031,30.0,38900.0,43240.0,44080.0,50550.0,91890.0,"Cutting, Punching, and Press Machine Setters, Operators, and Tenders, Metal and Plastic"
29020,514041,60.0,29570.0,32320.0,45200.0,59000.0,61440.0,Machinists
29020,514121,110.0,36360.0,43280.0,49860.0,65090.0,82440.0,"Welders, Cutters, Solderers, and Brazers"
29020,518031,40.0,46090.0,51100.0,66230.0,90510.0,90510.0,Water and Wastewater Treatment Plant and System Operators
29020,519061,130.0,37980.0,38010.0,45720.0,60080.0,90800.0,"Inspectors, Testers, Sorters, Samplers, and Weighers"
29020,519161,40.0,34550.0,38910.0,44320.0,57780.0,69200.0,Computer Numerically Controlled Tool Operators
29020,530000,2630.0,29340.0,33050.0,39000.0,50790.0,69140.0,Transportation and Material Moving Occupations
29020,531047,120.0,44350.0,52010.0,61120.0,77580.0,97350.0,"First-Line Supervisors of Transportation and Material Moving Workers, Except Aircraft Cargo Handling"
29020,533031,130.0,21650.0,23230.0,30540.0,46390.0,58260.0,Driver/Sales Workers
29020,533032,390.0,40120.0,48560.0,58370.0,73470.0,74990.0,Heavy and Tractor-Trailer Truck Drivers
29020,533033,280.0,30370.0,39310.0,50790.0,66240.0,97260.0,Light Truck Drivers
29020,533051,150.0,24500.0,27360.0,42920.0,49730.0,59650.0,"Bus Drivers, School"
29020,533053,40.0,26150.0,26150.0,31300.0,35260.0,39110.0,Shuttle Drivers and Chauffeurs
29020,536031,50.0,29600.0,30240.0,36050.0,37370.0,37930.0,Automotive and Watercraft Service Attendants
29020,537051,80.0,36490.0,36730.0,40840.0,48650.0,51870.0,Industrial Truck and Tractor Operators
29020,537061,90.0,23290.0,27280.0,30140.0,36620.0,44370.0,Cleaners of Vehicles and Equipment
29020,537062,550.0,31150.0,36140.0,39040.0,46550.0,50620.0,"Laborers and Freight, Stock, and Material Movers, Hand"
29020,537064,50.0,31200.0,31830.0,32270.0,35170.0,41000.0,"Packers and Packagers, Hand"
29020,537065,600.0,29690.0,31430.0,33050.0,36420.0,39170.0,Stockers and Order Fillers
29020,252022,160.0,47730.0,49630.0,60960.0,66360.0,79840.0,"Middle School Teachers, Except Special and Career/Technical Education"
29020,252058,30.0,47770.0,49100.0,56060.0,71360.0,73920.0,"Special Education Teachers, Secondary School"
29020,353041,80.0,22490.0,27030.0,32860.0,34570.0,37410.0,"Food Servers, Nonrestaurant"
29020,339094,30.0,24150.0,24150.0,24150.0,29440.0,33520.0,School Bus Monitors
29020,512041,30.0,36810.0,39780.0,46380.0,48700.0,48700.0,Structural Metal Fabricators and Fitters
29200,000000,102200.0,28810.0,36220.0,48780.0,71860.0,99750.0,All Occupations
29200,110000,4590.0,57820.0,77010.0,107310.0,153130.0,211090.0,Management Occupations
29200,111011,40.0,86830.0,137140.0,204450.0,321560.0,448890.0,Chief Executives
29200,111021,1030.0,51990.0,67660.0,100600.0,157760.0,221870.0,General and Operations Managers
29200,112021,80.0,71710.0,99500.0,117150.0,160670.0,198670.0,Marketing Managers
29200,112022,200.0,59520.0,78240.0,120980.0,159470.0,211740.0,Sales Managers
29200,113012,260.0,65190.0,81540.0,103340.0,137400.0,182210.0,Administrative Services Managers
29200,113013,220.0,53360.0,66120.0,88340.0,110300.0,163800.0,Facilities Managers
29200,113021,170.0,82320.0,110420.0,133270.0,174370.0,205420.0,Computer and Information Systems Managers
29200,113031,310.0,73700.0,91070.0,121020.0,166240.0,218470.0,Financial Managers
29200,113051,270.0,79370.0,99470.0,124050.0,159370.0,201180.0,Industrial Production Managers
29200,113071,80.0,69910.0,91120.0,112900.0,150980.0,212170.0,"Transportation, Storage, and Distribution Managers"
29200,113121,140.0,86570.0,99670.0,119620.0,149300.0,181550.0,Human Resources Managers
29200,119021,150.0,73270.0,82710.0,101120.0,133070.0,151150.0,Construction Managers
29200,119032,140.0,75540.0,92940.0,111470.0,131670.0,136970.0,"Education Administrators, Kindergarten through Secondary"
29200,119041,170.0,100040.0,141170.0,177640.0,214470.0,214470.0,Architectural and Engineering Managers
29200,119051,120.0,50080.0,54180.0,65200.0,81960.0,96800.0,Food Service Managers
29200,119111,320.0,67300.0,86790.0,106710.0,145880.0,203020.0,Medical and Health Services Managers
29200,119121,70.0,106350.0,130560.0,142640.0,167120.0,183070.0,Natural Sciences Managers
29200,119141,140.0,45290.0,49420.0,61510.0,77010.0,133040.0,"Property, Real Estate, and Community Association Managers"
29200,119151,120.0,49080.0,49470.0,64020.0,81010.0,99480.0,Social and Community Service Managers
29200,119199,70.0,45480.0,60610.0,87780.0,149870.0,177200.0,"Managers, All Other"
29200,130000,4230.0,45990.0,58470.0,75220.0,95210.0,121290.0,Business and Financial Operations Occupations
29200,131020,370.0,47560.0,60490.0,73960.0,82340.0,103870.0,Buyers and Purchasing Agents
29200,131031,60.0,44940.0,58790.0,78290.0,95410.0,101020.0,"Claims Adjusters, Examiners, and Investigators"
29200,131041,260.0,51160.0,62180.0,78120.0,89800.0,122210.0,Compliance Officers
29200,131051,120.0,49670.0,60460.0,74820.0,90780.0,99760.0,Cost Estimators
29200,131071,510.0,43520.0,54120.0,64140.0,79720.0,99410.0,Human Resources Specialists
29200,131081,210.0,65120.0,68890.0,83320.0,101920.0,131640.0,Logisticians
29200,131082,290.0,52140.0,68760.0,83330.0,108750.0,130150.0,Project Management Specialists
29200,131111,300.0,55160.0,74580.0,95600.0,122560.0,139930.0,Management Analysts
29200,131121,110.0,38160.0,43480.0,51570.0,67260.0,80200.0,"Meeting, Convention, and Event Planners"
29200,131131,200.0,,,,,,Fundraisers
29200,131141,40.0,51090.0,68300.0,72410.0,81380.0,93040.0,"Compensation, Benefits, and Job Analysis Specialists"
29200,131151,230.0,32890.0,47770.0,49960.0,77610.0,90880.0,Training and Development Specialists
29200,131161,280.0,38780.0,49400.0,64120.0,91640.0,131210.0,Market Research Analysts and Marketing Specialists
29200,131199,100.0,47800.0,57800.0,75220.0,86480.0,117970.0,"Business Operations Specialists, All Other"
29200,132011,570.0,50550.0,61560.0,77740.0,102810.0,123500.0,Accountants and Auditors
29200,132020,30.0,35930.0,49500.0,62140.0,77450.0,79340.0,Property Appraisers and Assessors
29200,132051,80.0,62280.0,68780.0,84540.0,111540.0,169960.0,Financial and Investment Analysts
29200,132052,70.0,43460.0,46870.0,81400.0,166400.0,268670.0,Personal Financial Advisors
29200,132072,110.0,49690.0,60310.0,75980.0,98070.0,158490.0,Loan Officers
29200,150000,2030.0,51450.0,63230.0,83910.0,105740.0,131820.0,Computer and Mathematical Occupations
29200,151211,210.0,63160.0,75970.0,87660.0,107280.0,130520.0,Computer Systems Analysts
29200,151231,90.0,47050.0,57380.0,72800.0,81110.0,114130.0,Computer Network Support Specialists
29200,151232,390.0,42080.0,46740.0,52990.0,63670.0,86420.0,Computer User Support Specialists
29200,151241,60.0,68750.0,88970.0,101500.0,116450.0,154950.0,Computer Network Architects
29200,151244,200.0,64700.0,68350.0,84100.0,85690.0,107100.0,Network and Computer Systems Administrators
29200,151252,490.0,68380.0,78670.0,99750.0,123570.0,153300.0,Software Developers
29200,152051,70.0,54180.0,72800.0,79280.0,107420.0,133670.0,Data Scientists
29200,170000,2090.0,55350.0,71670.0,94630.0,115820.0,129520.0,Architecture and Engineering Occupations
29200,172051,90.0,54040.0,62570.0,87380.0,114880.0,132050.0,Civil Engineers
29200,172071,120.0,70630.0,82340.0,95150.0,105990.0,126230.0,Electrical Engineers
29200,172112,630.0,77310.0,77310.0,98640.0,122820.0,148650.0,Industrial Engineers
29200,172141,510.0,63700.0,80740.0,100690.0,129520.0,152980.0,Mechanical Engineers
29200,173011,60.0,42440.0,49450.0,58810.0,74500.0,74660.0,Architectural and Civil Drafters
29200,173026,40.0,41150.0,56250.0,61350.0,74820.0,81400.0,Industrial Engineering Technologists and Technicians
29200,173031,30.0,39090.0,47860.0,61220.0,63270.0,80130.0,Surveying and Mapping Technicians
29200,190000,1150.0,42570.0,54760.0,65790.0,86380.0,118180.0,"Life, Physical, and Social Science Occupations"
29200,191042,140.0,65140.0,68480.0,82060.0,127120.0,133870.0,"Medical Scientists, Except Epidemiologists"
29200,192031,120.0,42570.0,42570.0,52140.0,98270.0,127290.0,Chemists
29200,193033,50.0,70070.0,77900.0,86670.0,96210.0,129120.0,Clinical and Counseling Psychologists
29200,194021,130.0,45140.0,51620.0,62630.0,78680.0,88050.0,Biological Technicians
29200,194031,80.0,42470.0,55970.0,64190.0,97720.0,97720.0,Chemical Technicians
29200,195011,120.0,47080.0,63860.0,77620.0,108850.0,121840.0,Occupational Health and Safety Specialists
29200,195012,30.0,44050.0,44050.0,54600.0,67920.0,99960.0,Occupational Health and Safety Technicians
29200,210000,1910.0,36880.0,43680.0,54010.0,66640.0,84570.0,Community and Social Service Occupations
29200,211012,460.0,54010.0,54010.0,59520.0,66640.0,85990.0,"Educational, Guidance, and Career Counselors and Advisors"
29200,211015,40.0,30300.0,42200.0,49150.0,57530.0,68680.0,Rehabilitation Counselors
29200,211018,380.0,41020.0,47110.0,52100.0,66630.0,89970.0,"Substance Abuse, Behavioral Disorder, and Mental Health Counselors"
29200,211021,140.0,36990.0,44980.0,48730.0,53300.0,67430.0,"Child, Family, and School Social Workers"
29200,211022,120.0,47720.0,56160.0,74140.0,79990.0,96000.0,Healthcare Social Workers
29200,211023,80.0,36680.0,40090.0,48650.0,56490.0,69990.0,Mental Health and Substance Abuse Social Workers
29200,211091,60.0,38490.0,50720.0,58300.0,80060.0,96010.0,Health Education Specialists
29200,211092,60.0,53690.0,53690.0,58040.0,69220.0,81120.0,Probation Officers and Correctional Treatment Specialists
29200,211093,460.0,32930.0,35710.0,39940.0,46000.0,60270.0,Social and Human Service Assistants
29200,230000,390.0,44170.0,50950.0,80970.0,116050.0,183000.0,Legal Occupations
29200,231011,220.0,66520.0,85610.0,100650.0,144550.0,207990.0,Lawyers
29200,232011,130.0,39130.0,45800.0,50950.0,62130.0,78820.0,Paralegals and Legal Assistants
29200,250000,8300.0,32120.0,45470.0,62290.0,85040.0,136850.0,Educational Instruction and Library Occupations
29200,251071,440.0,65610.0,65610.0,109110.0,176230.0,331210.0,"Health Specialties Teachers, Postsecondary"
29200,251194,240.0,24770.0,37440.0,51490.0,81960.0,81960.0,"Career/Technical Education Teachers, Postsecondary"
29200,251199,330.0,52530.0,67430.0,82390.0,103020.0,135190.0,"Postsecondary Teachers, All Other"
29200,252011,240.0,28670.0,29540.0,35490.0,39310.0,47830.0,"Preschool Teachers, Except Special Education"
29200,252021,720.0,50110.0,50760.0,59590.0,65760.0,77230.0,"Elementary School Teachers, Except Special Education"
29200,252031,630.0,49720.0,59640.0,62590.0,77620.0,97090.0,"Secondary School Teachers, Except Special and Career/Technical Education"
29200,252052,170.0,49050.0,49050.0,49050.0,58560.0,72330.0,"Special Education Teachers, Kindergarten and Elementary School"
29200,253021,90.0,22840.0,24680.0,28700.0,41960.0,58150.0,Self-Enrichment Teachers
29200,253031,350.0,21630.0,29560.0,35760.0,37520.0,47320.0,"Substitute Teachers, Short-Term"
29200,253099,80.0,30630.0,40020.0,50550.0,63940.0,77420.0,"Teachers and Instructors, All Other"
29200,254022,50.0,34400.0,43740.0,52850.0,64300.0,78360.0,Librarians and Media Collections Specialists
29200,254031,60.0,30550.0,31450.0,39290.0,39290.0,47480.0,Library Technicians
29200,259045,1010.0,28790.0,32030.0,32520.0,36080.0,45950.0,"Teaching Assistants, Except Postsecondary"
29200,270000,1110.0,31970.0,41650.0,57470.0,77850.0,108430.0,"Arts, Design, Entertainment, Sports, and Media Occupations"
29200,271024,100.0,43000.0,52520.0,66060.0,66060.0,85400.0,Graphic Designers
29200,271026,60.0,32030.0,33670.0,35920.0,46490.0,50460.0,Merchandise Displayers and Window Trimmers
29200,272022,150.0,32580.0,41530.0,66250.0,138750.0,653490.0,Coaches and Scouts
29200,273031,250.0,51310.0,55120.0,67380.0,84830.0,110050.0,Public Relations Specialists
29200,273092,30.0,45860.0,55440.0,57470.0,58860.0,58860.0,Court Reporters and Simultaneous Captioners
29200,274011,50.0,41830.0,41830.0,44550.0,55970.0,81780.0,Audio and Video Technicians
29200,290000,6590.0,39820.0,52160.0,79970.0,100930.0,139370.0,Healthcare Practitioners and Technical Occupations
29200,291031,70.0,41370.0,45200.0,61170.0,71590.0,76410.0,Dietitians and Nutritionists
29200,291051,290.0,41700.0,41700.0,122990.0,149100.0,157860.0,Pharmacists
29200,291071,50.0,108380.0,123210.0,133060.0,166190.0,208100.0,Physician Assistants
29200,291122,110.0,61550.0,78590.0,96740.0,98000.0,114910.0,Occupational Therapists
29200,291123,180.0,78480.0,82430.0,100310.0,106030.0,121520.0,Physical Therapists
29200,291126,110.0,65510.0,71100.0,80140.0,82800.0,94720.0,Respiratory Therapists
29200,291127,90.0,73830.0,82800.0,96570.0,107230.0,118320.0,Speech-Language Pathologists
29200,291131,90.0,55050.0,65350.0,91910.0,124730.0,164300.0,Veterinarians
29200,291141,2080.0,67780.0,79970.0,80790.0,100930.0,100930.0,Registered Nurses
29200,291171,240.0,93600.0,111310.0,126820.0,136660.0,164710.0,Nurse Practitioners
29200,291216,120.0,216200.0,298510.0,416860.0,489000.0,616880.0,General Internal Medicine Physicians
29200,291229,120.0,214540.0,323130.0,368750.0,382140.0,504670.0,"Physicians, All Other"
29200,291292,150.0,67570.0,80140.0,91750.0,100340.0,102030.0,Dental Hygienists
29200,292010,110.0,37410.0,41930.0,46150.0,65550.0,76480.0,Clinical Laboratory Technologists and Technicians
29200,292034,160.0,51250.0,65980.0,78570.0,98580.0,104520.0,Radiologic Technologists and Technicians
29200,292035,40.0,76760.0,80870.0,95810.0,95810.0,96850.0,Magnetic Resonance Imaging Technologists
29200,292042,140.0,32670.0,37750.0,39070.0,45310.0,47230.0,Emergency Medical Technicians
29200,292052,330.0,35790.0,38350.0,42830.0,48090.0,48150.0,Pharmacy Technicians
29200,292055,130.0,60100.0,60330.0,63200.0,78600.0,82220.0,Surgical Technologists
29200,292056,190.0,44190.0,48920.0,52160.0,52160.0,62810.0,Veterinary Technologists and Technicians
29200,292061,330.0,52610.0,61120.0,65160.0,73260.0,75900.0,Licensed Practical and Licensed Vocational Nurses
29200,292081,60.0,34030.0,37140.0,38370.0,43300.0,49620.0,"Opticians, Dispensing"
29200,292099,60.0,38320.0,43870.0,53790.0,60910.0,77210.0,"Health Technologists and Technicians, All Other"
29200,310000,3820.0,31210.0,34830.0,37470.0,44170.0,48350.0,Healthcare Support Occupations
29200,311120,1780.0,29580.0,31560.0,35710.0,37900.0,40610.0,Home Health and Personal Care Aides
29200,311131,770.0,34830.0,35610.0,37760.0,44060.0,46160.0,Nursing Assistants
29200,312021,110.0,35720.0,44060.0,62030.0,73970.0,76710.0,Physical Therapist Assistants
29200,319091,190.0,36550.0,38500.0,48730.0,53740.0,57620.0,Dental Assistants
29200,319092,400.0,36400.0,38320.0,44350.0,46580.0,48920.0,Medical Assistants
29200,319093,60.0,29090.0,35550.0,45060.0,47540.0,61360.0,Medical Equipment Preparers
29200,319096,150.0,30270.0,34180.0,37320.0,39660.0,50380.0,Veterinary Assistants and Laboratory Animal Caretakers
29200,330000,1630.0,30110.0,35450.0,49910.0,73890.0,79970.0,Protective Service Occupations
29200,331091,40.0,35920.0,63090.0,89610.0,120400.0,120400.0,First-Line Supervisors of Security Workers
29200,332011,200.0,48080.0,54850.0,54850.0,72240.0,77360.0,Firefighters
29200,333012,110.0,42700.0,49910.0,49910.0,49910.0,57990.0,Correctional Officers and Jailers
29200,333051,350.0,58830.0,64650.0,74320.0,75470.0,90990.0,Police and Sheriff's Patrol Officers
29200,339032,570.0,29930.0,30110.0,36230.0,45700.0,71100.0,Security Guards
29200,350000,10210.0,21310.0,23730.0,28700.0,35510.0,43640.0,Food Preparation and Serving Related Occupations
29200,351011,60.0,29960.0,31490.0,40300.0,59290.0,62950.0,Chefs and Head Cooks
29200,351012,790.0,31200.0,36710.0,44750.0,56050.0,63570.0,First-Line Supervisors of Food Preparation and Serving Workers
29200,352011,270.0,23500.0,27200.0,29540.0,35040.0,36400.0,"Cooks, Fast Food"
29200,352012,260.0,30040.0,34920.0,38580.0,43310.0,46490.0,"Cooks, Institution and Cafeteria"
29200,352014,930.0,25390.0,28710.0,34870.0,36470.0,43610.0,"Cooks, Restaurant"
29200,352021,420.0,22380.0,26850.0,29500.0,36530.0,38140.0,Food Preparation Workers
29200,353011,460.0,17050.0,19460.0,22680.0,31610.0,41880.0,Bartenders
29200,353023,4260.0,21980.0,23470.0,28230.0,29840.0,35390.0,Fast Food and Counter Workers
29200,353031,1490.0,17450.0,21190.0,28420.0,35900.0,47250.0,Waiters and Waitresses
29200,359011,470.0,21230.0,27350.0,34820.0,38290.0,39590.0,Dining Room and Cafeteria Attendants and Bartender Helpers
29200,359021,250.0,20800.0,23510.0,28690.0,33960.0,36400.0,Dishwashers
29200,359031,320.0,20800.0,22190.0,26170.0,28760.0,37110.0,"Hosts and Hostesses, Restaurant, Lounge, and Coffee Shop"
29200,370000,3250.0,28940.0,33080.0,38160.0,41600.0,48660.0,Building and Grounds Cleaning and Maintenance Occupations
29200,371011,140.0,29750.0,36720.0,56510.0,64590.0,65000.0,First-Line Supervisors of Housekeeping and Janitorial Workers
29200,371012,60.0,47680.0,48700.0,66080.0,75730.0,86590.0,"First-Line Supervisors of Landscaping, Lawn Service, and Groundskeeping Workers"
29200,372011,2100.0,28940.0,33080.0,38450.0,38930.0,44390.0,"Janitors and Cleaners, Except Maids and Housekeeping Cleaners"
29200,372012,370.0,28460.0,28920.0,35690.0,38160.0,43210.0,Maids and Housekeeping Cleaners
29200,373011,430.0,27080.0,33800.0,37810.0,45930.0,51420.0,Landscaping and Groundskeeping Workers
29200,390000,1710.0,23640.0,27390.0,31510.0,38440.0,48740.0,Personal Care and Service Occupations
29200,391014,40.0,30040.0,36330.0,44950.0,53810.0,60590.0,"First-Line Supervisors of Entertainment and Recreation Workers, Except Gambling Services"
29200,391022,60.0,36040.0,41000.0,47980.0,56780.0,71190.0,First-Line Supervisors of Personal Service Workers
29200,392021,230.0,21500.0,23240.0,29430.0,34450.0,45030.0,Animal Caretakers
29200,393091,140.0,21260.0,23790.0,26620.0,28030.0,36010.0,Amusement and Recreation Attendants
29200,395012,220.0,24130.0,26680.0,31270.0,44480.0,50900.0,"Hairdressers, Hairstylists, and Cosmetologists"
29200,399011,380.0,24130.0,28330.0,30720.0,35000.0,36180.0,Childcare Workers
29200,399031,210.0,24960.0,30780.0,35780.0,43620.0,46800.0,Exercise Trainers and Group Fitness Instructors
29200,399032,200.0,24430.0,27390.0,30640.0,35110.0,43240.0,Recreation Workers
29200,399041,60.0,32090.0,39570.0,43650.0,49910.0,71910.0,Residential Advisors
29200,410000,7400.0,24480.0,28740.0,35400.0,49190.0,77490.0,Sales and Related Occupations
29200,411011,610.0,33160.0,37170.0,48140.0,60440.0,72890.0,First-Line Supervisors of Retail Sales Workers
29200,411012,90.0,49070.0,65690.0,74640.0,95340.0,148200.0,First-Line Supervisors of Non-Retail Sales Workers
29200,412011,1910.0,22720.0,27210.0,29540.0,33600.0,36510.0,Cashiers
29200,412021,270.0,27400.0,32110.0,37120.0,47260.0,55960.0,Counter and Rental Clerks
29200,412022,160.0,27210.0,29410.0,36780.0,50910.0,61360.0,Parts Salespersons
29200,412031,2650.0,23880.0,26960.0,30670.0,36630.0,45410.0,Retail Salespersons
29200,413021,240.0,46810.0,48910.0,62150.0,93550.0,165240.0,Insurance Sales Agents
29200,413031,90.0,46040.0,53640.0,78560.0,158040.0,219790.0,"Securities, Commodities, and Financial Services Sales Agents"
29200,413091,450.0,37350.0,47460.0,62870.0,90700.0,122250.0,"Sales Representatives of Services, Except Advertising, Insurance, Financial Services, and Travel"
29200,414011,60.0,56470.0,72540.0,95590.0,127950.0,159750.0,"Sales Representatives, Wholesale and Manufacturing, Technical and Scientific Products"
29200,414012,630.0,40140.0,50110.0,68080.0,95980.0,130800.0,"Sales Representatives, Wholesale and Manufacturing, Except Technical and Scientific Products"
29200,419022,130.0,27370.0,39000.0,49190.0,58810.0,75600.0,Real Estate Sales Agents
29200,430000,9860.0,31980.0,37710.0,46220.0,56100.0,67600.0,Office and Administrative Support Occupations
29200,431011,780.0,48430.0,58010.0,67600.0,84110.0,104420.0,First-Line Supervisors of Office and Administrative Support Workers
29200,433011,40.0,37250.0,40540.0,44580.0,50500.0,59280.0,Bill and Account Collectors
29200,433021,180.0,36310.0,40630.0,46200.0,49190.0,62400.0,Billing and Posting Clerks
29200,433031,930.0,32750.0,40390.0,48400.0,56430.0,70830.0,"Bookkeeping, Accounting, and Auditing Clerks"
29200,433051,100.0,39240.0,44420.0,52920.0,58190.0,71780.0,Payroll and Timekeeping Clerks
29200,433071,230.0,35670.0,36940.0,37940.0,44020.0,50750.0,Tellers
29200,434031,80.0,34040.0,39110.0,44870.0,50210.0,61430.0,"Court, Municipal, and License Clerks"
29200,434051,900.0,29790.0,34790.0,41090.0,48070.0,60300.0,Customer Service Representatives
29200,434061,60.0,34590.0,38140.0,40190.0,46570.0,54210.0,"Eligibility Interviewers, Government Programs"
29200,434081,180.0,23740.0,28260.0,29380.0,34520.0,35870.0,"Hotel, Motel, and Resort Desk Clerks"
29200,434111,50.0,36070.0,37980.0,45030.0,48420.0,56100.0,"Interviewers, Except Eligibility and Loan"
29200,434121,70.0,20130.0,23000.0,32060.0,35510.0,65780.0,"Library Assistants, Clerical"
29200,434131,50.0,38780.0,43980.0,48060.0,50130.0,60690.0,Loan Interviewers and Clerks
29200,434161,60.0,38880.0,42750.0,46420.0,51500.0,56330.0,"Human Resources Assistants, Except Payroll and Timekeeping"
29200,434171,490.0,22340.0,28390.0,35110.0,39110.0,48130.0,Receptionists and Information Clerks
29200,434199,50.0,37840.0,43120.0,52350.0,64460.0,64460.0,"Information and Record Clerks, All Other"
29200,435031,70.0,47540.0,49680.0,51980.0,58770.0,58770.0,Public Safety Telecommunicators
29200,435032,110.0,34620.0,40780.0,48750.0,58210.0,63810.0,"Dispatchers, Except Police, Fire, and Ambulance"
29200,435051,40.0,42600.0,42600.0,58880.0,64670.0,75030.0,Postal Service Clerks
29200,435052,190.0,42390.0,53310.0,62070.0,76960.0,81040.0,Postal Service Mail Carriers
29200,435061,250.0,43260.0,50080.0,61200.0,74600.0,76810.0,"Production, Planning, and Expediting Clerks"
29200,435071,530.0,36070.0,39810.0,46890.0,48780.0,59120.0,"Shipping, Receiving, and Inventory Clerks"
29200,436011,180.0,50260.0,52920.0,64970.0,83210.0,84980.0,Executive Secretaries and Executive Administrative Assistants
29200,436012,50.0,31780.0,38440.0,44150.0,48630.0,63820.0,Legal Secretaries and Administrative Assistants
29200,436013,450.0,36120.0,38370.0,43840.0,47010.0,56880.0,Medical Secretaries and Administrative Assistants
29200,436014,1310.0,32480.0,38280.0,47270.0,52120.0,66690.0,"Secretaries and Administrative Assistants, Except Legal, Medical, and Executive"
29200,439021,40.0,26940.0,32190.0,38970.0,48370.0,55340.0,Data Entry Keyers
29200,439041,100.0,36830.0,39160.0,49360.0,63070.0,75480.0,Insurance Claims and Policy Processing Clerks
29200,439061,2040.0,31180.0,38030.0,42840.0,50860.0,63270.0,"Office Clerks, General"
29200,450000,230.0,35990.0,44540.0,48140.0,52100.0,63140.0,"Farming, Fishing, and Forestry Occupations"
29200,470000,3780.0,39220.0,47960.0,61920.0,81220.0,95820.0,Construction and Extraction Occupations
29200,471011,430.0,57100.0,66830.0,83520.0,97960.0,118480.0,First-Line Supervisors of Construction Trades and Extraction Workers
29200,472031,300.0,47000.0,50480.0,63050.0,77070.0,95940.0,Carpenters
29200,472051,130.0,47090.0,48250.0,57540.0,69970.0,73550.0,Cement Masons and Concrete Finishers
29200,472061,760.0,36590.0,41120.0,49960.0,62030.0,74020.0,Construction Laborers
29200,472073,340.0,47350.0,60570.0,83460.0,92770.0,95360.0,Operating Engineers and Other Construction Equipment Operators
29200,472111,580.0,43730.0,52320.0,78540.0,87970.0,96840.0,Electricians
29200,472141,130.0,36360.0,37350.0,46000.0,48740.0,61570.0,"Painters, Construction and Maintenance"
29200,472152,320.0,44800.0,49070.0,62780.0,80200.0,100350.0,"Plumbers, Pipefitters, and Steamfitters"
29200,472181,40.0,30580.0,39340.0,44140.0,60470.0,62320.0,Roofers
29200,474011,50.0,39130.0,58390.0,68090.0,78450.0,84080.0,Construction and Building Inspectors
29200,474051,100.0,40300.0,40940.0,44660.0,50740.0,62880.0,Highway Maintenance Workers
29200,490000,4160.0,36820.0,47170.0,59610.0,73830.0,83530.0,"Installation, Maintenance, and Repair Occupations"
29200,491011,400.0,52780.0,64510.0,80220.0,96130.0,106580.0,"First-Line Supervisors of Mechanics, Installers, and Repairers"
29200,492011,50.0,30720.0,37320.0,47880.0,57530.0,61840.0,"Computer, Automated Teller, and Office Machine Repairers"
29200,492022,70.0,47690.0,54230.0,62210.0,72360.0,74630.0,"Telecommunications Equipment Installers and Repairers, Except Line Installers"
29200,493021,170.0,38810.0,48960.0,62380.0,72500.0,72500.0,Automotive Body and Related Repairers
29200,493023,480.0,35420.0,37650.0,49290.0,62520.0,76940.0,Automotive Service Technicians and Mechanics
29200,493031,210.0,44210.0,49320.0,60200.0,65020.0,77740.0,Bus and Truck Mechanics and Diesel Engine Specialists
29200,493042,150.0,49710.0,58950.0,73830.0,73830.0,88890.0,"Mobile Heavy Equipment Mechanics, Except Engines"
29200,493093,60.0,30700.0,33120.0,35220.0,36390.0,42710.0,Tire Repairers and Changers
29200,499021,230.0,41040.0,48700.0,61430.0,73290.0,86390.0,"Heating, Air Conditioning, and Refrigeration Mechanics and Installers"
29200,499041,370.0,49580.0,59180.0,70130.0,78700.0,92540.0,Industrial Machinery Mechanics
29200,499052,30.0,26990.0,46840.0,58950.0,77810.0,80460.0,Telecommunications Line Installers and Repairers
29200,499071,1250.0,37340.0,46050.0,55480.0,70020.0,83530.0,"Maintenance and Repair Workers, General"
29200,510000,15420.0,36580.0,45000.0,50950.0,71430.0,74770.0,Production Occupations
29200,511011,1720.0,52500.0,63370.0,74770.0,76520.0,96580.0,First-Line Supervisors of Production and Operating Workers
29200,512090,6280.0,36750.0,46230.0,63140.0,71860.0,71860.0,Miscellaneous Assemblers and Fabricators
29200,513011,120.0,22160.0,27920.0,33830.0,36250.0,45220.0,Bakers
29200,513021,50.0,29410.0,35200.0,37260.0,48410.0,49370.0,Butchers and Meat Cutters
29200,514031,260.0,40250.0,49240.0,52710.0,63830.0,73840.0,"Cutting, Punching, and Press Machine Setters, Operators, and Tenders, Metal and Plastic"
29200,514041,720.0,41060.0,55720.0,62220.0,62220.0,75610.0,Machinists
29200,514081,80.0,34920.0,40680.0,44430.0,49320.0,64740.0,"Multiple Machine Tool Setters, Operators, and Tenders, Metal and Plastic"
29200,514121,560.0,39410.0,48910.0,49020.0,53420.0,61780.0,"Welders, Cutters, Solderers, and Brazers"
29200,515112,70.0,31260.0,36990.0,39100.0,49440.0,59220.0,Printing Press Operators
29200,516011,70.0,23000.0,27990.0,29320.0,34620.0,38960.0,Laundry and Dry-Cleaning Workers
29200,518031,110.0,46760.0,49280.0,54720.0,61360.0,61360.0,Water and Wastewater Treatment Plant and System Operators
29200,519061,680.0,31200.0,37900.0,49460.0,63100.0,75250.0,"Inspectors, Testers, Sorters, Samplers, and Weighers"
29200,519111,220.0,35590.0,38140.0,44920.0,47370.0,57220.0,Packaging and Filling Machine Operators and Tenders
29200,519161,180.0,44080.0,48020.0,57280.0,75230.0,75230.0,Computer Numerically Controlled Tool Operators
29200,530000,8320.0,29850.0,33240.0,37960.0,48910.0,61850.0,Transportation and Material Moving Occupations
29200,531047,290.0,44700.0,48110.0,61760.0,76150.0,93750.0,"First-Line Supervisors of Transportation and Material Moving Workers, Except Aircraft Cargo Handling"
29200,533031,370.0,19860.0,22680.0,28600.0,39170.0,48850.0,Driver/Sales Workers
29200,533032,1410.0,40560.0,48510.0,58360.0,62720.0,76450.0,Heavy and Tractor-Trailer Truck Drivers
29200,533033,620.0,29580.0,36850.0,43310.0,47810.0,93600.0,Light Truck Drivers
29200,533051,240.0,34440.0,34440.0,47350.0,52250.0,56090.0,"Bus Drivers, School"
29200,533053,150.0,25720.0,28910.0,31510.0,36350.0,42620.0,Shuttle Drivers and Chauffeurs
29200,536031,60.0,28590.0,29450.0,32300.0,36830.0,37450.0,Automotive and Watercraft Service Attendants
29200,537051,290.0,34360.0,37650.0,43720.0,46820.0,53880.0,Industrial Truck and Tractor Operators
29200,537061,210.0,26000.0,28420.0,33990.0,36590.0,43040.0,Cleaners of Vehicles and Equipment
29200,537062,2470.0,31980.0,34690.0,37310.0,43930.0,47460.0,"Laborers and Freight, Stock, and Material Movers, Hand"
29200,537064,190.0,26220.0,29690.0,36100.0,43710.0,49150.0,"Packers and Packagers, Hand"
29200,537065,1580.0,29850.0,30160.0,33840.0,35470.0,44970.0,Stockers and Order Fillers
29200,113061,30.0,75700.0,95930.0,122410.0,162920.0,211730.0,Purchasing Managers
29200,119031,30.0,37010.0,48950.0,59160.0,61890.0,88390.0,"Education and Childcare Administrators, Preschool and Daycare"
29200,119033,240.0,66460.0,86130.0,141700.0,180770.0,352730.0,"Education Administrators, Postsecondary"
29200,132082,50.0,26340.0,37510.0,46300.0,87100.0,87100.0,Tax Preparers
29200,211094,30.0,39520.0,41910.0,44940.0,57470.0,71740.0,Community Health Workers
29200,252012,100.0,46480.0,46480.0,55630.0,60310.0,61550.0,"Kindergarten Teachers, Except Special Education"
29200,252022,310.0,50300.0,50850.0,60700.0,76330.0,82230.0,"Middle School Teachers, Except Special and Career/Technical Education"
29200,252058,60.0,50970.0,52420.0,60130.0,76300.0,84600.0,"Special Education Teachers, Secondary School"
29200,259031,300.0,39370.0,50630.0,65150.0,72930.0,81730.0,Instructional Coordinators
29200,274021,40.0,24820.0,29330.0,41750.0,50550.0,69870.0,Photographers
29200,292043,70.0,44450.0,53820.0,58770.0,65510.0,76290.0,Paramedics
29200,292057,80.0,35770.0,36900.0,46230.0,55610.0,58210.0,Ophthalmic Medical Technicians
29200,299021,50.0,39500.0,39830.0,44950.0,59150.0,102740.0,Health Information Technologists and Medical Registrars
29200,299091,30.0,49410.0,66110.0,67210.0,67210.0,71620.0,Athletic Trainers
29200,312011,60.0,40740.0,53180.0,71930.0,73620.0,78800.0,Occupational Therapy Assistants
29200,333021,40.0,61740.0,63430.0,77960.0,77960.0,77960.0,Detectives and Criminal Investigators
29200,339092,140.0,27480.0,27640.0,31090.0,33630.0,33630.0,"Lifeguards, Ski Patrol, and Other Recreational Protective Service Workers"
29200,353041,140.0,26360.0,27440.0,29990.0,35660.0,37150.0,"Food Servers, Nonrestaurant"
29200,395094,30.0,27040.0,35290.0,47140.0,61170.0,61170.0,Skincare Specialists
29200,472211,140.0,42890.0,47730.0,62900.0,90880.0,102600.0,Sheet Metal Workers
29200,493041,50.0,38710.0,46030.0,62180.0,71100.0,71100.0,Farm Equipment Mechanics and Service Technicians
29200,499044,40.0,47020.0,60760.0,72450.0,76920.0,76920.0,Millwrights
29200,499098,40.0,26260.0,32660.0,39120.0,44470.0,47000.0,"Helpers--Installation, Maintenance, and Repair Workers"
29200,499099,70.0,36440.0,50090.0,60470.0,69080.0,73920.0,"Installation, Maintenance, and Repair Workers, All Other"
29200,513092,150.0,29220.0,35880.0,60680.0,60690.0,60690.0,Food Batchmakers
29200,514072,,31400.0,31400.0,36560.0,40600.0,46370.0,"Molding, Coremaking, and Casting Machine Setters, Operators, and Tenders, Metal and Plastic"
29200,514111,80.0,59260.0,69820.0,80060.0,81360.0,81360.0,Tool and Die Makers
29200,516031,80.0,30130.0,30910.0,35120.0,43070.0,43070.0,Sewing Machine Operators
29200,519124,190.0,38190.0,46640.0,47520.0,57250.0,72440.0,"Coating, Painting, and Spraying Machine Setters, Operators, and Tenders"
29200,519162,30.0,49410.0,50550.0,63570.0,78220.0,93220.0,Computer Numerically Controlled Tool Programmers
29200,537063,60.0,32510.0,34890.0,45680.0,48490.0,52690.0,Machine Feeders and Offbearers
29200,131075,100.0,44680.0,61840.0,79050.0,82420.0,101350.0,Labor Relations Specialists
29200,132053,50.0,61460.0,77080.0,95130.0,95140.0,118110.0,Insurance Underwriters
29200,151212,,60450.0,60450.0,101390.0,159310.0,159310.0,Information Security Analysts
29200,152031,240.0,54480.0,67340.0,86910.0,90000.0,110180.0,Operations Research Analysts
29200,173023,80.0,43720.0,43720.0,53640.0,61710.0,77110.0,Electrical and Electronic Engineering Technologists and Technicians
29200,173027,90.0,39110.0,56260.0,74280.0,105970.0,106640.0,Mechanical Engineering Technologists and Technicians
29200,212011,30.0,51550.0,59480.0,65670.0,71190.0,71190.0,Clergy
29200,253011,30.0,37750.0,48870.0,50590.0,62320.0,77440.0,"Adult Basic Education, Adult Secondary Education, and English as a Second Language Instructors"
29200,253041,50.0,32720.0,35470.0,35470.0,35470.0,58570.0,Tutors
29200,271023,40.0,23420.0,28580.0,30900.0,39210.0,47480.0,Floral Designers
29200,372021,30.0,36290.0,36630.0,49460.0,51740.0,63170.0,Pest Control Workers
29200,472021,70.0,49200.0,51090.0,60320.0,77730.0,84400.0,Brickmasons and Blockmasons
29200,492094,50.0,47350.0,67530.0,67550.0,80040.0,85600.0,"Electrical and Electronics Repairers, Commercial and Industrial Equipment"
29200,512028,250.0,35620.0,36230.0,38730.0,45840.0,49240.0,"Electrical, Electronic, and Electromechanical Assemblers, Except Coil Winders, Tapers, and Finishers"
29200,112032,40.0,88190.0,88190.0,131280.0,187810.0,198300.0,Public Relations Managers
29200,151255,40.0,58450.0,61990.0,68150.0,83910.0,98180.0,Web and Digital Interface Designers
29200,172131,40.0,58040.0,82720.0,85130.0,102910.0,120810.0,Materials Engineers
29200,191013,30.0,66790.0,79250.0,86380.0,136550.0,171080.0,Soil and Plant Scientists
29200,191029,80.0,55240.0,55240.0,55240.0,61790.0,86740.0,"Biological Scientists, All Other"
29200,271021,30.0,68200.0,71290.0,85280.0,89870.0,128260.0,Commercial and Industrial Designers
29200,273041,40.0,29910.0,39930.0,39930.0,61990.0,86520.0,Editors
29200,291041,50.0,73320.0,105280.0,134830.0,156240.0,193350.0,Optometrists
29200,292031,40.0,37630.0,49130.0,82050.0,101920.0,108820.0,Cardiovascular Technologists and Technicians
29200,339094,30.0,32030.0,32030.0,32030.0,32030.0,35540.0,School Bus Monitors
29200,373012,50.0,40400.0,48510.0,49040.0,51300.0,58220.0,"Pesticide Handlers, Sprayers, and Applicators, Vegetation"
29200,373013,60.0,40510.0,40510.0,40520.0,55860.0,57480.0,Tree Trimmers and Pruners
29200,434141,50.0,39330.0,39330.0,39330.0,50920.0,50920.0,New Accounts Clerks
29200,452011,70.0,48140.0,48140.0,48140.0,52100.0,61800.0,Agricultural Inspectors
29200,452091,30.0,44750.0,48040.0,52100.0,52170.0,60130.0,Agricultural Equipment Operators
29200,452092,30.0,26620.0,35140.0,37940.0,48910.0,52270.0,"Farmworkers and Laborers, Crop, Nursery, and Greenhouse"
29200,475022,30.0,48080.0,51740.0,65290.0,67980.0,87590.0,"Excavating and Loading Machine and Dragline Operators, Surface Mining"
29200,499031,40.0,25980.0,30870.0,44130.0,54820.0,72270.0,Home Appliance Repairers
29200,514122,40.0,39660.0,40040.0,46370.0,53730.0,75130.0,"Welding, Soldering, and Brazing Machine Setters, Operators, and Tenders"
29200,519012,40.0,27780.0,46900.0,52170.0,58890.0,58900.0,"Separating, Filtering, Clarifying, Precipitating, and Still Machine Setters, Operators, and Tenders"
29200,519021,70.0,39410.0,54750.0,66800.0,67040.0,67040.0,"Crushing, Grinding, and Polishing Machine Setters, Operators, and Tenders"
29200,194012,50.0,35360.0,36290.0,44720.0,53160.0,61180.0,Agricultural Technicians
29200,172021,50.0,53880.0,67250.0,86320.0,108210.0,139880.0,Agricultural Engineers
30460,000000,286910.0,28820.0,36260.0,48620.0,75360.0,103390.0,All Occupations
30460,110000,18590.0,47740.0,65410.0,101540.0,140690.0,200530.0,Management Occupations
30460,111011,270.0,79740.0,120380.0,179520.0,318310.0,515150.0,Chief Executives
30460,111021,8100.0,38900.0,54680.0,80440.0,125430.0,188210.0,General and Operations Managers
30460,112021,330.0,73510.0,97700.0,127040.0,166260.0,203860.0,Marketing Managers
30460,112022,950.0,63340.0,85470.0,124860.0,175180.0,248590.0,Sales Managers
30460,113012,460.0,71400.0,92130.0,123790.0,163930.0,203460.0,Administrative Services Managers
30460,113013,140.0,65690.0,83990.0,109820.0,134410.0,181860.0,Facilities Managers
30460,113021,470.0,88460.0,114990.0,144160.0,177770.0,223610.0,Computer and Information Systems Managers
30460,113031,940.0,89400.0,107120.0,135760.0,172630.0,231260.0,Financial Managers
30460,113051,830.0,78630.0,96930.0,124230.0,142030.0,180370.0,Industrial Production Managers
30460,113071,280.0,65070.0,73390.0,96840.0,130850.0,166520.0,"Transportation, Storage, and Distribution Managers"
30460,113121,270.0,79960.0,99830.0,122850.0,162480.0,207160.0,Human Resources Managers
30460,119021,590.0,54310.0,75440.0,100810.0,152880.0,213230.0,Construction Managers
30460,119032,620.0,75270.0,86700.0,110210.0,117730.0,136690.0,"Education Administrators, Kindergarten through Secondary"
30460,119041,390.0,124990.0,135660.0,161170.0,181250.0,200530.0,Architectural and Engineering Managers
30460,119051,250.0,55930.0,62080.0,73560.0,79900.0,99950.0,Food Service Managers
30460,119111,1260.0,64960.0,85770.0,109890.0,140690.0,202250.0,Medical and Health Services Managers
30460,119121,100.0,52280.0,107970.0,161450.0,191780.0,193270.0,Natural Sciences Managers
30460,119141,600.0,38890.0,46510.0,50770.0,60610.0,79550.0,"Property, Real Estate, and Community Association Managers"
30460,119151,370.0,48200.0,61330.0,79280.0,95840.0,125780.0,Social and Community Service Managers
30460,119199,320.0,59900.0,97640.0,128870.0,165400.0,199570.0,"Managers, All Other"
30460,130000,14140.0,46540.0,58060.0,75130.0,97840.0,123340.0,Business and Financial Operations Occupations
30460,131020,910.0,43990.0,53520.0,66800.0,83420.0,109060.0,Buyers and Purchasing Agents
30460,131031,560.0,58820.0,62250.0,77310.0,86860.0,100420.0,"Claims Adjusters, Examiners, and Investigators"
30460,131041,470.0,46580.0,55550.0,71700.0,86870.0,106810.0,Compliance Officers
30460,131051,330.0,45620.0,53650.0,71630.0,96340.0,114810.0,Cost Estimators
30460,131071,1320.0,46380.0,57040.0,69990.0,83310.0,104250.0,Human Resources Specialists
30460,131081,360.0,53110.0,62990.0,72250.0,82240.0,101900.0,Logisticians
30460,131082,2020.0,55640.0,66280.0,84520.0,105690.0,134240.0,Project Management Specialists
30460,131111,560.0,57720.0,76740.0,99190.0,119710.0,141010.0,Management Analysts
30460,131121,240.0,34070.0,41820.0,49280.0,65480.0,85600.0,"Meeting, Convention, and Event Planners"
30460,131131,270.0,42590.0,58980.0,75230.0,92010.0,124380.0,Fundraisers
30460,131141,120.0,44050.0,52820.0,64670.0,77230.0,92700.0,"Compensation, Benefits, and Job Analysis Specialists"
30460,131151,980.0,40030.0,50820.0,59870.0,83500.0,110250.0,Training and Development Specialists
30460,131161,1140.0,40680.0,49550.0,65280.0,86870.0,156200.0,Market Research Analysts and Marketing Specialists
30460,131199,890.0,51370.0,58010.0,76390.0,99530.0,124010.0,"Business Operations Specialists, All Other"
30460,132011,1830.0,53900.0,62750.0,77780.0,99490.0,125880.0,Accountants and Auditors
30460,132051,430.0,54030.0,64890.0,81410.0,102200.0,132120.0,Financial and Investment Analysts
30460,132052,200.0,45160.0,50700.0,74260.0,108250.0,241770.0,Personal Financial Advisors
30460,132072,420.0,43570.0,50200.0,63760.0,100840.0,134220.0,Loan Officers
30460,150000,6150.0,52070.0,65760.0,90600.0,125600.0,156180.0,Computer and Mathematical Occupations
30460,151211,780.0,60210.0,71820.0,95500.0,108160.0,135510.0,Computer Systems Analysts
30460,151231,200.0,40900.0,52450.0,70980.0,90770.0,108620.0,Computer Network Support Specialists
30460,151232,1460.0,,,,,,Computer User Support Specialists
30460,151241,240.0,68830.0,83300.0,103840.0,132070.0,172230.0,Computer Network Architects
30460,151242,110.0,47670.0,66940.0,88490.0,109500.0,127500.0,Database Administrators
30460,151244,430.0,62760.0,79100.0,92390.0,110660.0,180380.0,Network and Computer Systems Administrators
30460,151251,130.0,67900.0,81120.0,90850.0,112910.0,137340.0,Computer Programmers
30460,151252,1430.0,79770.0,97680.0,123510.0,156180.0,167270.0,Software Developers
30460,151299,210.0,48250.0,58830.0,79610.0,118380.0,145830.0,"Computer Occupations, All Other"
30460,152051,230.0,61890.0,72550.0,84460.0,106180.0,139370.0,Data Scientists
30460,170000,5430.0,53500.0,71520.0,91710.0,109900.0,136850.0,Architecture and Engineering Occupations
30460,171011,270.0,58590.0,74600.0,93640.0,117390.0,131760.0,"Architects, Except Landscape and Naval"
30460,172051,600.0,67340.0,79240.0,103090.0,131460.0,138270.0,Civil Engineers
30460,172071,200.0,62010.0,79760.0,98160.0,120730.0,151600.0,Electrical Engineers
30460,172112,1160.0,71750.0,79780.0,101000.0,123530.0,134790.0,Industrial Engineers
30460,172141,900.0,68490.0,81950.0,103820.0,125510.0,139810.0,Mechanical Engineers
30460,173011,250.0,44060.0,46980.0,55640.0,66560.0,81600.0,Architectural and Civil Drafters
30460,173026,140.0,43480.0,48790.0,58160.0,74160.0,85610.0,Industrial Engineering Technologists and Technicians
30460,173031,130.0,39650.0,44840.0,45560.0,58840.0,73720.0,Surveying and Mapping Technicians
30460,190000,2600.0,47000.0,53500.0,67200.0,88610.0,118540.0,"Life, Physical, and Social Science Occupations"
30460,191042,190.0,55320.0,66190.0,66490.0,88610.0,134090.0,"Medical Scientists, Except Epidemiologists"
30460,192031,120.0,52410.0,62810.0,68640.0,84090.0,98030.0,Chemists
30460,192041,50.0,45190.0,56250.0,73980.0,95800.0,139990.0,"Environmental Scientists and Specialists, Including Health"
30460,193033,160.0,52960.0,52960.0,75420.0,156670.0,156670.0,Clinical and Counseling Psychologists
30460,193039,60.0,83160.0,122490.0,130400.0,146200.0,150160.0,"Psychologists, All Other"
30460,193051,30.0,52220.0,63600.0,81020.0,81020.0,101990.0,Urban and Regional Planners
30460,194021,50.0,44510.0,47000.0,54810.0,64320.0,79440.0,Biological Technicians
30460,194031,100.0,40370.0,44760.0,55170.0,74150.0,102710.0,Chemical Technicians
30460,195011,270.0,51570.0,65080.0,79950.0,107410.0,136520.0,Occupational Health and Safety Specialists
30460,195012,140.0,53580.0,64700.0,87870.0,100160.0,100160.0,Occupational Health and Safety Technicians
30460,210000,5140.0,37060.0,44580.0,57760.0,72450.0,88430.0,Community and Social Service Occupations
30460,211012,830.0,44180.0,55490.0,65230.0,76850.0,89160.0,"Educational, Guidance, and Career Counselors and Advisors"
30460,211015,240.0,39640.0,39640.0,58570.0,68570.0,84160.0,Rehabilitation Counselors
30460,211018,970.0,37070.0,44470.0,58190.0,76580.0,88830.0,"Substance Abuse, Behavioral Disorder, and Mental Health Counselors"
30460,211021,1030.0,39840.0,46440.0,63780.0,75810.0,88430.0,"Child, Family, and School Social Workers"
30460,211022,440.0,44690.0,45760.0,59340.0,75740.0,81320.0,Healthcare Social Workers
30460,211023,200.0,37280.0,42040.0,46860.0,54980.0,70390.0,Mental Health and Substance Abuse Social Workers
30460,211091,180.0,56580.0,58450.0,58450.0,82910.0,102570.0,Health Education Specialists
30460,211092,60.0,52490.0,54070.0,59610.0,61310.0,69000.0,Probation Officers and Correctional Treatment Specialists
30460,211093,660.0,29270.0,35050.0,37700.0,46870.0,53040.0,Social and Human Service Assistants
30460,230000,1870.0,48750.0,63130.0,80970.0,133660.0,170780.0,Legal Occupations
30460,231011,1040.0,64130.0,81990.0,111040.0,162710.0,213600.0,Lawyers
30460,232011,640.0,43260.0,49390.0,63640.0,74790.0,79750.0,Paralegals and Legal Assistants
30460,250000,16230.0,33030.0,46110.0,60820.0,82230.0,103270.0,Educational Instruction and Library Occupations
30460,251011,190.0,39430.0,60970.0,89430.0,137630.0,213940.0,"Business Teachers, Postsecondary"
30460,251071,720.0,64610.0,65110.0,83680.0,176580.0,313530.0,"Health Specialties Teachers, Postsecondary"
30460,251121,250.0,39640.0,52290.0,66570.0,83460.0,108180.0,"Art, Drama, and Music Teachers, Postsecondary"
30460,251194,160.0,44270.0,49610.0,62370.0,71590.0,79990.0,"Career/Technical Education Teachers, Postsecondary"
30460,251199,290.0,47580.0,51170.0,51170.0,77060.0,105710.0,"Postsecondary Teachers, All Other"
30460,252011,1280.0,23960.0,28000.0,29370.0,36290.0,48520.0,"Preschool Teachers, Except Special Education"
30460,252021,2420.0,47140.0,51420.0,61460.0,72640.0,82820.0,"Elementary School Teachers, Except Special Education"
30460,252031,1540.0,48560.0,59140.0,64850.0,83310.0,83310.0,"Secondary School Teachers, Except Special and Career/Technical Education"
30460,252052,480.0,47880.0,51130.0,61450.0,73570.0,83190.0,"Special Education Teachers, Kindergarten and Elementary School"
30460,253021,300.0,23230.0,28270.0,41930.0,52450.0,78280.0,Self-Enrichment Teachers
30460,253099,250.0,50970.0,65270.0,83770.0,83770.0,105530.0,"Teachers and Instructors, All Other"
30460,254022,380.0,41600.0,49540.0,62900.0,82170.0,85190.0,Librarians and Media Collections Specialists
30460,254031,110.0,28550.0,28550.0,34280.0,35830.0,45310.0,Library Technicians
30460,259045,2080.0,28830.0,35130.0,39960.0,44330.0,50190.0,"Teaching Assistants, Except Postsecondary"
30460,270000,3290.0,30790.0,39290.0,53960.0,72110.0,97690.0,"Arts, Design, Entertainment, Sports, and Media Occupations"
30460,271024,380.0,39140.0,47120.0,58880.0,67450.0,88410.0,Graphic Designers
30460,271026,290.0,33870.0,36180.0,41070.0,44620.0,51640.0,Merchandise Displayers and Window Trimmers
30460,272012,260.0,36050.0,47220.0,55460.0,74100.0,86910.0,Producers and Directors
30460,272022,500.0,26230.0,30040.0,39210.0,66730.0,154210.0,Coaches and Scouts
30460,273011,40.0,23190.0,33610.0,48820.0,104020.0,142300.0,Broadcast Announcers and Radio Disc Jockeys
30460,273031,520.0,41060.0,53790.0,62380.0,78850.0,107820.0,Public Relations Specialists
30460,274011,130.0,34430.0,40100.0,52950.0,63190.0,95370.0,Audio and Video Technicians
30460,274012,40.0,23390.0,39350.0,44910.0,58690.0,70880.0,Broadcast Technicians
30460,290000,24710.0,43660.0,62610.0,79040.0,104100.0,167990.0,Healthcare Practitioners and Technical Occupations
30460,291021,160.0,56060.0,85020.0,114990.0,155580.0,164380.0,"Dentists, General"
30460,291031,220.0,38990.0,56450.0,67270.0,78160.0,87860.0,Dietitians and Nutritionists
30460,291051,1060.0,100260.0,131970.0,136530.0,157470.0,161260.0,Pharmacists
30460,291071,300.0,52010.0,103180.0,112230.0,137890.0,187220.0,Physician Assistants
30460,291122,320.0,67360.0,78420.0,95820.0,103060.0,117060.0,Occupational Therapists
30460,291123,590.0,65700.0,79320.0,94710.0,108020.0,123220.0,Physical Therapists
30460,291126,430.0,62910.0,67450.0,80040.0,91770.0,98430.0,Respiratory Therapists
30460,291127,360.0,65570.0,75420.0,87470.0,103230.0,111950.0,Speech-Language Pathologists
30460,291131,330.0,50660.0,86130.0,109050.0,169220.0,214870.0,Veterinarians
30460,291141,8070.0,66270.0,75860.0,79040.0,97250.0,107880.0,Registered Nurses
30460,291171,540.0,102040.0,108670.0,123070.0,131320.0,175600.0,Nurse Practitioners
30460,291216,470.0,65080.0,86900.0,180790.0,288010.0,456710.0,General Internal Medicine Physicians
30460,291229,820.0,74500.0,127790.0,283730.0,360350.0,452650.0,"Physicians, All Other"
30460,291292,410.0,57450.0,78640.0,80110.0,91330.0,96790.0,Dental Hygienists
30460,292010,980.0,38900.0,40930.0,59710.0,75020.0,87530.0,Clinical Laboratory Technologists and Technicians
30460,292032,120.0,46670.0,75610.0,83930.0,101350.0,105390.0,Diagnostic Medical Sonographers
30460,292034,660.0,53120.0,62070.0,79010.0,89130.0,99810.0,Radiologic Technologists and Technicians
30460,292035,80.0,66840.0,80230.0,80410.0,99680.0,102010.0,Magnetic Resonance Imaging Technologists
30460,292042,240.0,29820.0,36560.0,43660.0,64890.0,64890.0,Emergency Medical Technicians
30460,292052,1380.0,36730.0,38360.0,40700.0,49010.0,59920.0,Pharmacy Technicians
30460,292053,130.0,34230.0,34960.0,39220.0,42910.0,49570.0,Psychiatric Technicians
30460,292055,270.0,48490.0,51980.0,61870.0,65940.0,81440.0,Surgical Technologists
30460,292056,550.0,36260.0,39220.0,43430.0,47750.0,56920.0,Veterinary Technologists and Technicians
30460,292061,970.0,48140.0,56790.0,61480.0,64770.0,73540.0,Licensed Practical and Licensed Vocational Nurses
30460,292072,540.0,37820.0,44320.0,49760.0,59590.0,71680.0,Medical Records Specialists
30460,292081,120.0,37280.0,39690.0,47310.0,61850.0,65630.0,"Opticians, Dispensing"
30460,292099,620.0,41470.0,44730.0,66890.0,81950.0,81950.0,"Health Technologists and Technicians, All Other"
30460,310000,11100.0,31070.0,35960.0,39670.0,45820.0,50020.0,Healthcare Support Occupations
30460,311120,2990.0,29590.0,32130.0,35190.0,43180.0,43780.0,Home Health and Personal Care Aides
30460,311131,3250.0,33090.0,36500.0,39380.0,44770.0,46930.0,Nursing Assistants
30460,312021,310.0,26980.0,49160.0,62730.0,75730.0,82710.0,Physical Therapist Assistants
30460,319011,170.0,36000.0,47470.0,76250.0,82840.0,93180.0,Massage Therapists
30460,319091,750.0,30400.0,46760.0,48690.0,58430.0,62200.0,Dental Assistants
30460,319092,2210.0,36510.0,38380.0,40370.0,46670.0,47620.0,Medical Assistants
30460,319093,250.0,37500.0,38960.0,47150.0,48320.0,56670.0,Medical Equipment Preparers
30460,319096,400.0,28530.0,30160.0,36400.0,37070.0,45250.0,Veterinary Assistants and Laboratory Animal Caretakers
30460,330000,6840.0,29100.0,34430.0,38900.0,60520.0,75780.0,Protective Service Occupations
30460,331012,190.0,55200.0,66730.0,96140.0,126360.0,126360.0,First-Line Supervisors of Police and Detectives
30460,331091,170.0,36640.0,37450.0,44910.0,57090.0,72500.0,First-Line Supervisors of Security Workers
30460,332011,940.0,29460.0,34630.0,36490.0,46520.0,58170.0,Firefighters
30460,333012,700.0,33120.0,42310.0,51510.0,61080.0,72830.0,Correctional Officers and Jailers
30460,333051,1090.0,47940.0,58700.0,61720.0,75780.0,88250.0,Police and Sheriff's Patrol Officers
30460,339032,2560.0,28310.0,33990.0,35400.0,37140.0,47850.0,Security Guards
30460,339091,140.0,32380.0,32380.0,34450.0,35200.0,41950.0,Crossing Guards and Flaggers
30460,350000,26620.0,20780.0,24110.0,29290.0,36340.0,47460.0,Food Preparation and Serving Related Occupations
30460,351011,270.0,36030.0,40350.0,56790.0,71020.0,109390.0,Chefs and Head Cooks
30460,351012,2410.0,28850.0,30700.0,36350.0,46700.0,60860.0,First-Line Supervisors of Food Preparation and Serving Workers
30460,352011,3040.0,21920.0,22650.0,26840.0,27890.0,30510.0,"Cooks, Fast Food"
30460,352012,1410.0,29440.0,33740.0,36470.0,40140.0,50380.0,"Cooks, Institution and Cafeteria"
30460,352014,2300.0,28130.0,30100.0,35970.0,37250.0,43680.0,"Cooks, Restaurant"
30460,352015,130.0,25040.0,30850.0,39040.0,45780.0,47440.0,"Cooks, Short Order"
30460,352021,2310.0,22180.0,24230.0,27340.0,34750.0,37420.0,Food Preparation Workers
30460,353011,1340.0,16210.0,17670.0,30640.0,47540.0,63490.0,Bartenders
30460,353023,5500.0,22170.0,23710.0,27990.0,30840.0,34370.0,Fast Food and Counter Workers
30460,353031,5020.0,16940.0,19040.0,34910.0,46760.0,63020.0,Waiters and Waitresses
30460,359011,550.0,15080.0,19970.0,24090.0,29450.0,35370.0,Dining Room and Cafeteria Attendants and Bartender Helpers
30460,359021,960.0,21870.0,27830.0,31110.0,35410.0,35960.0,Dishwashers
30460,359031,910.0,20880.0,23560.0,27920.0,30680.0,35660.0,"Hosts and Hostesses, Restaurant, Lounge, and Coffee Shop"
30460,370000,7460.0,27880.0,30000.0,36110.0,42160.0,51110.0,Building and Grounds Cleaning and Maintenance Occupations
30460,371011,380.0,36550.0,38780.0,46950.0,56250.0,67770.0,First-Line Supervisors of Housekeeping and Janitorial Workers
30460,371012,220.0,41030.0,48170.0,57160.0,65080.0,76650.0,"First-Line Supervisors of Landscaping, Lawn Service, and Groundskeeping Workers"
30460,372011,3410.0,27880.0,30000.0,35460.0,40250.0,49640.0,"Janitors and Cleaners, Except Maids and Housekeeping Cleaners"
30460,372012,1780.0,26680.0,28700.0,30830.0,36410.0,39540.0,Maids and Housekeeping Cleaners
30460,373011,1340.0,29280.0,35380.0,36800.0,44410.0,47940.0,Landscaping and Groundskeeping Workers
30460,390000,6890.0,23390.0,28550.0,34250.0,41510.0,52590.0,Personal Care and Service Occupations
30460,391014,150.0,31010.0,33280.0,41770.0,55970.0,77210.0,"First-Line Supervisors of Entertainment and Recreation Workers, Except Gambling Services"
30460,391022,250.0,26450.0,36340.0,44550.0,57080.0,76460.0,First-Line Supervisors of Personal Service Workers
30460,392011,200.0,26070.0,29560.0,34310.0,46790.0,60000.0,Animal Trainers
30460,392021,2400.0,23540.0,29100.0,34590.0,38690.0,47370.0,Animal Caretakers
30460,393091,560.0,17750.0,23440.0,26940.0,32720.0,38170.0,Amusement and Recreation Attendants
30460,395012,530.0,22580.0,25670.0,29230.0,35640.0,63230.0,"Hairdressers, Hairstylists, and Cosmetologists"
30460,399011,850.0,24030.0,28580.0,35100.0,39550.0,39750.0,Childcare Workers
30460,399031,370.0,29630.0,39930.0,48600.0,61850.0,77540.0,Exercise Trainers and Group Fitness Instructors
30460,399032,540.0,26280.0,29660.0,32720.0,36770.0,47760.0,Recreation Workers
30460,399041,150.0,28160.0,29240.0,41600.0,44980.0,49430.0,Residential Advisors
30460,410000,23320.0,23760.0,28510.0,35370.0,51460.0,80350.0,Sales and Related Occupations
30460,411011,2150.0,29020.0,34830.0,44870.0,59500.0,72720.0,First-Line Supervisors of Retail Sales Workers
30460,411012,350.0,48840.0,57750.0,72860.0,85060.0,125590.0,First-Line Supervisors of Non-Retail Sales Workers
30460,412011,5250.0,23040.0,26280.0,29590.0,31880.0,35900.0,Cashiers
30460,412021,560.0,29740.0,35820.0,38990.0,47400.0,62350.0,Counter and Rental Clerks
30460,412022,480.0,28820.0,29720.0,36480.0,48870.0,59110.0,Parts Salespersons
30460,412031,7810.0,22880.0,27120.0,30100.0,35760.0,44500.0,Retail Salespersons
30460,413011,80.0,28280.0,36510.0,51480.0,59970.0,76390.0,Advertising Sales Agents
30460,413021,750.0,32970.0,47550.0,59510.0,80070.0,130110.0,Insurance Sales Agents
30460,413031,660.0,45620.0,48150.0,60170.0,80850.0,130560.0,"Securities, Commodities, and Financial Services Sales Agents"
30460,413091,1950.0,35100.0,41260.0,50690.0,77290.0,123230.0,"Sales Representatives of Services, Except Advertising, Insurance, Financial Services, and Travel"
30460,414011,680.0,45890.0,63080.0,91800.0,149800.0,172360.0,"Sales Representatives, Wholesale and Manufacturing, Technical and Scientific Products"
30460,414012,2140.0,37380.0,48040.0,61810.0,93610.0,129270.0,"Sales Representatives, Wholesale and Manufacturing, Except Technical and Scientific Products"
30460,419022,200.0,34430.0,38880.0,55460.0,76040.0,96750.0,Real Estate Sales Agents
30460,430000,36510.0,30400.0,37080.0,44980.0,54450.0,67590.0,Office and Administrative Support Occupations
30460,431011,3090.0,40230.0,47620.0,59300.0,78530.0,98790.0,First-Line Supervisors of Office and Administrative Support Workers
30460,433011,360.0,38000.0,46010.0,48010.0,48010.0,57780.0,Bill and Account Collectors
30460,433021,650.0,37790.0,41440.0,48080.0,55500.0,59520.0,Billing and Posting Clerks
30460,433031,3120.0,30700.0,39410.0,48000.0,58400.0,68770.0,"Bookkeeping, Accounting, and Auditing Clerks"
30460,433051,190.0,40270.0,47290.0,56230.0,69660.0,80320.0,Payroll and Timekeeping Clerks
30460,433071,500.0,34580.0,37140.0,42930.0,45930.0,47080.0,Tellers
30460,434031,270.0,35790.0,39450.0,45500.0,47760.0,61660.0,"Court, Municipal, and License Clerks"
30460,434051,5200.0,30370.0,36200.0,39160.0,47700.0,60000.0,Customer Service Representatives
30460,434061,60.0,38050.0,38060.0,45800.0,63910.0,71500.0,"Eligibility Interviewers, Government Programs"
30460,434071,30.0,28980.0,38370.0,44510.0,48140.0,57100.0,File Clerks
30460,434081,690.0,23090.0,27700.0,30160.0,34630.0,36640.0,"Hotel, Motel, and Resort Desk Clerks"
30460,434111,190.0,34320.0,39620.0,42100.0,46760.0,56140.0,"Interviewers, Except Eligibility and Loan"
30460,434121,,28170.0,32320.0,34520.0,35680.0,44930.0,"Library Assistants, Clerical"
30460,434131,290.0,31890.0,43190.0,48560.0,58340.0,64150.0,Loan Interviewers and Clerks
30460,434161,150.0,37340.0,45870.0,50690.0,56770.0,63350.0,"Human Resources Assistants, Except Payroll and Timekeeping"
30460,434171,1410.0,23920.0,28050.0,33970.0,38780.0,44600.0,Receptionists and Information Clerks
30460,434199,210.0,38850.0,44450.0,51720.0,56620.0,64540.0,"Information and Record Clerks, All Other"
30460,435031,130.0,39140.0,45670.0,51670.0,58770.0,58770.0,Public Safety Telecommunicators
30460,435032,240.0,34160.0,44190.0,48880.0,60700.0,75050.0,"Dispatchers, Except Police, Fire, and Ambulance"
30460,435041,70.0,36550.0,43440.0,44890.0,49210.0,62840.0,"Meter Readers, Utilities"
30460,435051,80.0,42600.0,57430.0,64670.0,75030.0,76360.0,Postal Service Clerks
30460,435052,520.0,43120.0,52520.0,62090.0,80500.0,81040.0,Postal Service Mail Carriers
30460,435061,1410.0,40840.0,47760.0,64660.0,78360.0,78360.0,"Production, Planning, and Expediting Clerks"
30460,435071,1750.0,32200.0,36530.0,43690.0,48200.0,57590.0,"Shipping, Receiving, and Inventory Clerks"
30460,436011,580.0,45700.0,53600.0,64840.0,69970.0,83000.0,Executive Secretaries and Executive Administrative Assistants
30460,436012,460.0,28980.0,36410.0,41840.0,53760.0,69360.0,Legal Secretaries and Administrative Assistants
30460,436013,4600.0,35310.0,37810.0,44450.0,46960.0,54450.0,Medical Secretaries and Administrative Assistants
30460,436014,2500.0,34100.0,39160.0,47790.0,53550.0,63120.0,"Secretaries and Administrative Assistants, Except Legal, Medical, and Executive"
30460,439021,470.0,30460.0,31060.0,35830.0,45620.0,60540.0,Data Entry Keyers
30460,439041,320.0,38560.0,47100.0,57300.0,65810.0,76950.0,Insurance Claims and Policy Processing Clerks
30460,439061,5000.0,20750.0,31200.0,40250.0,50140.0,57350.0,"Office Clerks, General"
30460,450000,630.0,29130.0,34210.0,43870.0,54750.0,66770.0,"Farming, Fishing, and Forestry Occupations"
30460,470000,10060.0,37280.0,45450.0,53170.0,66000.0,83010.0,Construction and Extraction Occupations
30460,471011,1490.0,50780.0,60560.0,76490.0,84510.0,103570.0,First-Line Supervisors of Construction Trades and Extraction Workers
30460,472031,1200.0,37660.0,47080.0,52030.0,61590.0,75340.0,Carpenters
30460,472051,110.0,37490.0,44470.0,51820.0,65170.0,73840.0,Cement Masons and Concrete Finishers
30460,472061,1810.0,35170.0,38200.0,46300.0,50750.0,61110.0,Construction Laborers
30460,472073,760.0,44320.0,49380.0,58560.0,66000.0,77760.0,Operating Engineers and Other Construction Equipment Operators
30460,472111,1500.0,36420.0,43750.0,57320.0,67340.0,78330.0,Electricians
30460,472141,240.0,34520.0,38440.0,47730.0,60750.0,66630.0,"Painters, Construction and Maintenance"
30460,472152,810.0,45280.0,48990.0,61870.0,81350.0,96190.0,"Plumbers, Pipefitters, and Steamfitters"
30460,472181,230.0,39160.0,44860.0,46630.0,55110.0,65090.0,Roofers
30460,474011,270.0,36320.0,38740.0,53630.0,85670.0,129210.0,Construction and Building Inspectors
30460,474051,180.0,36510.0,38480.0,47160.0,48840.0,50730.0,Highway Maintenance Workers
30460,490000,11750.0,34600.0,43600.0,56270.0,70560.0,86150.0,"Installation, Maintenance, and Repair Occupations"
30460,491011,1280.0,47880.0,60390.0,78270.0,106810.0,117000.0,"First-Line Supervisors of Mechanics, Installers, and Repairers"
30460,492011,140.0,37280.0,45740.0,48700.0,59340.0,64090.0,"Computer, Automated Teller, and Office Machine Repairers"
30460,492022,210.0,41630.0,54820.0,66750.0,82740.0,94670.0,"Telecommunications Equipment Installers and Repairers, Except Line Installers"
30460,492098,160.0,45610.0,47910.0,61790.0,71110.0,72720.0,Security and Fire Alarm Systems Installers
30460,493021,200.0,28720.0,35590.0,46170.0,56820.0,81450.0,Automotive Body and Related Repairers
30460,493023,1530.0,31550.0,36300.0,46080.0,60650.0,74620.0,Automotive Service Technicians and Mechanics
30460,493031,390.0,44210.0,49820.0,57470.0,64640.0,80690.0,Bus and Truck Mechanics and Diesel Engine Specialists
30460,493042,240.0,44210.0,53100.0,61040.0,69550.0,80280.0,"Mobile Heavy Equipment Mechanics, Except Engines"
30460,493093,210.0,29480.0,30130.0,36360.0,45580.0,52440.0,Tire Repairers and Changers
30460,499021,740.0,37470.0,48260.0,60280.0,76580.0,81180.0,"Heating, Air Conditioning, and Refrigeration Mechanics and Installers"
30460,499041,870.0,46320.0,50560.0,61320.0,73490.0,80590.0,Industrial Machinery Mechanics
30460,499052,200.0,48240.0,48840.0,62800.0,76540.0,90280.0,Telecommunications Line Installers and Repairers
30460,499062,60.0,37240.0,37760.0,61590.0,78380.0,93090.0,Medical Equipment Repairers
30460,499071,3220.0,33760.0,36410.0,44910.0,57990.0,71230.0,"Maintenance and Repair Workers, General"
30460,510000,23080.0,34800.0,39970.0,56850.0,78020.0,78330.0,Production Occupations
30460,511011,1890.0,48260.0,59850.0,76410.0,96750.0,98770.0,First-Line Supervisors of Production and Operating Workers
30460,512090,8650.0,37320.0,47520.0,59730.0,78330.0,78330.0,Miscellaneous Assemblers and Fabricators
30460,513011,300.0,22750.0,29330.0,34460.0,37900.0,46320.0,Bakers
30460,513021,220.0,30080.0,31670.0,36780.0,43390.0,48700.0,Butchers and Meat Cutters
30460,514031,570.0,31660.0,39080.0,44440.0,46090.0,52630.0,"Cutting, Punching, and Press Machine Setters, Operators, and Tenders, Metal and Plastic"
30460,514081,380.0,33850.0,39630.0,48740.0,64730.0,84220.0,"Multiple Machine Tool Setters, Operators, and Tenders, Metal and Plastic"
30460,514121,480.0,40170.0,47390.0,53680.0,64740.0,66300.0,"Welders, Cutters, Solderers, and Brazers"
30460,515112,350.0,36650.0,42220.0,47400.0,57980.0,64210.0,Printing Press Operators
30460,516011,350.0,24210.0,27910.0,29350.0,35240.0,37650.0,Laundry and Dry-Cleaning Workers
30460,518031,240.0,31260.0,37210.0,49280.0,59850.0,61050.0,Water and Wastewater Treatment Plant and System Operators
30460,519032,120.0,36230.0,40800.0,47160.0,56960.0,58170.0,"Cutting and Slicing Machine Setters, Operators, and Tenders"
30460,519061,2100.0,34460.0,37520.0,44340.0,62220.0,78120.0,"Inspectors, Testers, Sorters, Samplers, and Weighers"
30460,519111,380.0,29340.0,36920.0,45510.0,50080.0,53520.0,Packaging and Filling Machine Operators and Tenders
30460,519161,100.0,40520.0,40530.0,52150.0,59460.0,72130.0,Computer Numerically Controlled Tool Operators
30460,530000,24490.0,30990.0,35960.0,43780.0,54120.0,73500.0,Transportation and Material Moving Occupations
30460,531047,1330.0,44630.0,47570.0,60070.0,75420.0,84380.0,"First-Line Supervisors of Transportation and Material Moving Workers, Except Aircraft Cargo Handling"
30460,533031,750.0,21760.0,26050.0,39420.0,48360.0,58160.0,Driver/Sales Workers
30460,533032,4460.0,43780.0,49170.0,56950.0,75450.0,94090.0,Heavy and Tractor-Trailer Truck Drivers
30460,533033,1900.0,27710.0,33290.0,42810.0,56160.0,89810.0,Light Truck Drivers
30460,533051,680.0,46050.0,47140.0,52260.0,64100.0,64100.0,"Bus Drivers, School"
30460,533053,330.0,26960.0,29900.0,35120.0,39760.0,44010.0,Shuttle Drivers and Chauffeurs
30460,536031,170.0,22830.0,30160.0,33700.0,37530.0,38360.0,Automotive and Watercraft Service Attendants
30460,537051,1150.0,36880.0,39380.0,47490.0,62470.0,74510.0,Industrial Truck and Tractor Operators
30460,537061,760.0,27920.0,29570.0,34410.0,37340.0,46090.0,Cleaners of Vehicles and Equipment
30460,537062,5500.0,31330.0,35580.0,41910.0,46120.0,49120.0,"Laborers and Freight, Stock, and Material Movers, Hand"
30460,537064,530.0,29240.0,31810.0,36190.0,43410.0,48720.0,"Packers and Packagers, Hand"
30460,537065,5430.0,30920.0,33230.0,37080.0,43460.0,48260.0,Stockers and Order Fillers
30460,113061,140.0,84760.0,101370.0,128910.0,155150.0,197290.0,Purchasing Managers
30460,119031,140.0,30770.0,37540.0,45650.0,59370.0,73320.0,"Education and Childcare Administrators, Preschool and Daycare"
30460,119033,200.0,77860.0,95750.0,137250.0,229630.0,424710.0,"Education Administrators, Postsecondary"
30460,132082,240.0,27510.0,34690.0,38510.0,68180.0,93390.0,Tax Preparers
30460,171022,190.0,46720.0,69360.0,78690.0,78690.0,92240.0,Surveyors
30460,173022,250.0,46970.0,57420.0,60670.0,75200.0,91710.0,Civil Engineering Technologists and Technicians
30460,194061,370.0,42940.0,51780.0,51780.0,66390.0,66390.0,Social Science Research Assistants
30460,211094,150.0,36370.0,38390.0,49550.0,68600.0,78450.0,Community Health Workers
30460,252012,300.0,48750.0,51240.0,63950.0,82660.0,82660.0,"Kindergarten Teachers, Except Special Education"
30460,252022,1130.0,48040.0,51930.0,65150.0,83870.0,83870.0,"Middle School Teachers, Except Special and Career/Technical Education"
30460,252057,200.0,48470.0,50970.0,65810.0,82970.0,82970.0,"Special Education Teachers, Middle School"
30460,252058,270.0,48430.0,52490.0,62440.0,72650.0,82710.0,"Special Education Teachers, Secondary School"
30460,259031,520.0,49240.0,52700.0,63640.0,80720.0,101540.0,Instructional Coordinators
30460,259099,320.0,29120.0,38640.0,47090.0,65740.0,96520.0,"Educational Instruction and Library Workers, All Other"
30460,274021,60.0,26270.0,35780.0,47170.0,65080.0,76450.0,Photographers
30460,292043,200.0,39160.0,49480.0,63210.0,64890.0,65620.0,Paramedics
30460,292057,230.0,33620.0,36770.0,39150.0,45810.0,47600.0,Ophthalmic Medical Technicians
30460,299021,310.0,37310.0,42560.0,63500.0,78660.0,84730.0,Health Information Technologists and Medical Registrars
30460,299091,170.0,48170.0,51290.0,61710.0,63440.0,75700.0,Athletic Trainers
30460,312011,40.0,50840.0,59880.0,65210.0,66360.0,80010.0,Occupational Therapy Assistants
30460,319097,330.0,37390.0,39430.0,43630.0,46890.0,53390.0,Phlebotomists
30460,333021,120.0,54920.0,63600.0,84900.0,140500.0,166860.0,Detectives and Criminal Investigators
30460,339092,,19930.0,24960.0,29180.0,32400.0,32400.0,"Lifeguards, Ski Patrol, and Other Recreational Protective Service Workers"
30460,353041,400.0,23360.0,27260.0,30430.0,35750.0,36720.0,"Food Servers, Nonrestaurant"
30460,393031,210.0,18720.0,23680.0,24990.0,27340.0,30420.0,"Ushers, Lobby Attendants, and Ticket Takers"
30460,395094,180.0,27520.0,27600.0,38580.0,45840.0,58250.0,Skincare Specialists
30460,397010,80.0,27080.0,28510.0,35160.0,36570.0,46360.0,Tour and Travel Guides
30460,433061,130.0,39680.0,44350.0,50350.0,60690.0,68210.0,Procurement Clerks
30460,435021,170.0,24450.0,28080.0,35910.0,40040.0,42250.0,Couriers and Messengers
30460,435111,370.0,,,,,,"Weighers, Measurers, Checkers, and Samplers, Recordkeeping"
30460,493041,40.0,36400.0,43710.0,55150.0,58650.0,61480.0,Farm Equipment Mechanics and Service Technicians
30460,499043,220.0,51550.0,59410.0,74610.0,77760.0,154290.0,"Maintenance Workers, Machinery"
30460,499044,140.0,46550.0,61470.0,66240.0,73160.0,86640.0,Millwrights
30460,499051,600.0,47770.0,62390.0,77700.0,100720.0,100720.0,Electrical Power-Line Installers and Repairers
30460,499098,110.0,30600.0,35950.0,38030.0,44800.0,52340.0,"Helpers--Installation, Maintenance, and Repair Workers"
30460,499099,120.0,36400.0,40660.0,47330.0,62000.0,71020.0,"Installation, Maintenance, and Repair Workers, All Other"
30460,513092,490.0,36500.0,44700.0,56730.0,78800.0,78800.0,Food Batchmakers
30460,514072,390.0,36440.0,46370.0,48710.0,57960.0,75440.0,"Molding, Coremaking, and Casting Machine Setters, Operators, and Tenders, Metal and Plastic"
30460,514111,290.0,46670.0,61140.0,83510.0,94960.0,94960.0,Tool and Die Makers
30460,516021,120.0,24690.0,28850.0,32720.0,34720.0,36990.0,"Pressers, Textile, Garment, and Related Materials"
30460,516031,300.0,24510.0,30010.0,36170.0,36170.0,44730.0,Sewing Machine Operators
30460,519011,270.0,39470.0,45690.0,45820.0,57730.0,76370.0,Chemical Equipment Operators and Tenders
30460,519124,260.0,36120.0,36560.0,45470.0,57450.0,66000.0,"Coating, Painting, and Spraying Machine Setters, Operators, and Tenders"
30460,519198,160.0,34680.0,38260.0,41250.0,49360.0,56680.0,Helpers--Production Workers
30460,533052,250.0,37530.0,43370.0,54740.0,54740.0,54740.0,"Bus Drivers, Transit and Intercity"
30460,536021,340.0,24120.0,31230.0,32750.0,35960.0,38740.0,Parking Attendants
30460,537063,40.0,37010.0,37970.0,42460.0,43440.0,55630.0,Machine Feeders and Offbearers
30460,537081,270.0,31770.0,35980.0,48140.0,48140.0,58260.0,Refuse and Recyclable Material Collectors
30460,119039,30.0,50290.0,77700.0,104690.0,125310.0,157460.0,"Education Administrators, All Other"
30460,131075,100.0,15080.0,45370.0,77530.0,83100.0,96690.0,Labor Relations Specialists
30460,132041,40.0,54470.0,70480.0,84140.0,94750.0,105620.0,Credit Analysts
30460,132053,290.0,56620.0,64880.0,100990.0,100990.0,100990.0,Insurance Underwriters
30460,132061,120.0,60340.0,70310.0,89730.0,105510.0,140400.0,Financial Examiners
30460,132071,50.0,43360.0,44310.0,50430.0,63580.0,77140.0,Credit Counselors
30460,132099,40.0,49600.0,63130.0,77400.0,94560.0,128910.0,"Financial Specialists, All Other"
30460,151212,270.0,65230.0,85610.0,102190.0,132390.0,141590.0,Information Security Analysts
30460,151243,60.0,71790.0,84350.0,101540.0,127760.0,160620.0,Database Architects
30460,151253,,47140.0,66400.0,78800.0,101910.0,123030.0,Software Quality Assurance Analysts and Testers
30460,152031,140.0,58970.0,62450.0,72500.0,91250.0,106240.0,Operations Research Analysts
30460,172081,100.0,80670.0,107520.0,107830.0,135050.0,159510.0,Environmental Engineers
30460,172151,,83370.0,83380.0,105890.0,133210.0,133220.0,"Mining and Geological Engineers, Including Mining Safety Engineers"
30460,172199,110.0,78270.0,82950.0,93400.0,115700.0,149430.0,"Engineers, All Other"
30460,173023,150.0,36010.0,42600.0,62770.0,85510.0,100440.0,Electrical and Electronic Engineering Technologists and Technicians
30460,173027,120.0,50810.0,69650.0,76230.0,88240.0,102830.0,Mechanical Engineering Technologists and Technicians
30460,173029,70.0,48980.0,54020.0,65660.0,65660.0,77030.0,"Engineering Technologists and Technicians, Except Drafters, All Other"
30460,193034,120.0,64270.0,67010.0,81040.0,86940.0,102180.0,School Psychologists
30460,194042,90.0,36910.0,39780.0,46840.0,63580.0,81640.0,"Environmental Science and Protection Technicians, Including Health"
30460,194099,30.0,46950.0,52190.0,67200.0,95340.0,95340.0,"Life, Physical, and Social Science Technicians, All Other"
30460,211029,120.0,43130.0,72170.0,102070.0,111950.0,118540.0,"Social Workers, All Other"
30460,211099,60.0,47240.0,58150.0,61160.0,72230.0,77810.0,"Community and Social Service Specialists, All Other"
30460,212011,90.0,37430.0,49700.0,59220.0,65530.0,72050.0,Clergy
30460,232093,50.0,37990.0,44170.0,57150.0,61530.0,82470.0,"Title Examiners, Abstractors, and Searchers"
30460,232099,40.0,40330.0,51630.0,58430.0,71930.0,139190.0,"Legal Support Workers, All Other"
30460,251042,150.0,46840.0,67690.0,85830.0,106100.0,169890.0,"Biological Science Teachers, Postsecondary"
30460,251081,170.0,36750.0,45930.0,65620.0,84350.0,104060.0,"Education Teachers, Postsecondary"
30460,252032,40.0,50530.0,55380.0,83320.0,99180.0,99180.0,"Career/Technical Education Teachers, Secondary School"
30460,252059,70.0,51740.0,65170.0,65170.0,81320.0,97450.0,"Special Education Teachers, All Other"
30460,253011,40.0,40450.0,45490.0,46120.0,62850.0,80530.0,"Adult Basic Education, Adult Secondary Education, and English as a Second Language Instructors"
30460,253041,100.0,21800.0,28430.0,34150.0,35890.0,46070.0,Tutors
30460,271023,60.0,24200.0,30230.0,36500.0,40800.0,48310.0,Floral Designers
30460,273043,50.0,37950.0,43450.0,51170.0,66570.0,73770.0,Writers and Authors
30460,291151,270.0,207080.0,207710.0,242700.0,271530.0,271530.0,Nurse Anesthetists
30460,291215,210.0,106880.0,127020.0,237650.0,521680.0,533710.0,Family Medicine Physicians
30460,291224,120.0,66240.0,73790.0,112790.0,145130.0,145130.0,Radiologists
30460,291249,330.0,64630.0,74400.0,128960.0,468680.0,468680.0,"Surgeons, All Other"
30460,292033,30.0,76250.0,83550.0,90990.0,98580.0,116080.0,Nuclear Medicine Technologists
30460,319099,100.0,42520.0,44350.0,49940.0,61610.0,67200.0,"Healthcare Support Workers, All Other"
30460,331021,220.0,43130.0,46230.0,69140.0,93070.0,127380.0,First-Line Supervisors of Firefighting and Prevention Workers
30460,339099,50.0,40330.0,51510.0,60230.0,70440.0,87490.0,"Protective Service Workers, All Other"
30460,372021,110.0,30130.0,33210.0,45240.0,54640.0,66410.0,Pest Control Workers
30460,419011,40.0,,,,,,Demonstrators and Product Promoters
30460,435053,200.0,42600.0,50460.0,58470.0,75030.0,75280.0,"Postal Service Mail Sorters, Processors, and Processing Machine Operators"
30460,439051,100.0,29210.0,34510.0,37890.0,39830.0,46740.0,"Mail Clerks and Mail Machine Operators, Except Postal Service"
30460,439199,60.0,32240.0,44350.0,50940.0,58430.0,71280.0,"Office and Administrative Support Workers, All Other"
30460,472021,90.0,38040.0,45020.0,59540.0,70670.0,77110.0,Brickmasons and Blockmasons
30460,492094,90.0,36380.0,53290.0,57910.0,61530.0,101510.0,"Electrical and Electronics Repairers, Commercial and Industrial Equipment"
30460,493011,270.0,48480.0,64290.0,64290.0,64290.0,64290.0,Aircraft Mechanics and Service Technicians
30460,519023,110.0,37560.0,39240.0,44920.0,50700.0,56740.0,"Mixing and Blending Machine Setters, Operators, and Tenders"
30460,112011,30.0,61640.0,81660.0,101340.0,130120.0,132710.0,Advertising and Promotions Managers
30460,112032,90.0,75710.0,95100.0,112420.0,145630.0,169670.0,Public Relations Managers
30460,112033,60.0,66310.0,96300.0,140090.0,150100.0,177430.0,Fundraising Managers
30460,113131,90.0,61580.0,78610.0,108600.0,149900.0,188940.0,Training and Development Managers
30460,119072,40.0,70590.0,82760.0,99770.0,110500.0,180580.0,"Entertainment and Recreation Managers, Except Gambling"
30460,119081,,39420.0,49210.0,61100.0,84610.0,97820.0,Lodging Managers
30460,132031,80.0,65170.0,65170.0,82930.0,91960.0,108880.0,Budget Analysts
30460,132054,50.0,51530.0,59700.0,78820.0,87860.0,98670.0,Financial Risk Specialists
30460,151254,70.0,55620.0,66000.0,91260.0,98830.0,123790.0,Web Developers
30460,151255,130.0,61600.0,74560.0,74590.0,91520.0,108450.0,Web and Digital Interface Designers
30460,171012,40.0,40560.0,60930.0,74990.0,90820.0,104350.0,Landscape Architects
30460,172061,100.0,69950.0,97280.0,123370.0,123370.0,154460.0,Computer Hardware Engineers
30460,172072,140.0,60520.0,74690.0,104490.0,130830.0,138140.0,"Electronics Engineers, Except Computer"
30460,172111,30.0,76500.0,106600.0,108090.0,148070.0,162370.0,"Health and Safety Engineers, Except Mining Safety Engineers and Inspectors"
30460,173013,100.0,49370.0,62720.0,71520.0,73170.0,93640.0,Mechanical Drafters
30460,173025,40.0,45620.0,45620.0,50260.0,77390.0,77390.0,Environmental Engineering Technologists and Technicians
30460,191013,80.0,57090.0,61170.0,67340.0,86890.0,95680.0,Soil and Plant Scientists
30460,191022,50.0,55650.0,63400.0,66500.0,85740.0,126320.0,Microbiologists
30460,191029,40.0,56310.0,63450.0,68970.0,88610.0,106330.0,"Biological Scientists, All Other"
30460,191041,40.0,55240.0,64230.0,78700.0,83700.0,96190.0,Epidemiologists
30460,192042,70.0,43940.0,59000.0,67700.0,114440.0,118280.0,"Geoscientists, Except Hydrologists and Geographers"
30460,192099,210.0,41370.0,51950.0,67610.0,86240.0,108410.0,"Physical Scientists, All Other"
30460,193099,50.0,56590.0,63130.0,75780.0,91170.0,112400.0,"Social Scientists and Related Workers, All Other"
30460,212021,60.0,35080.0,36470.0,57760.0,99230.0,178430.0,"Directors, Religious Activities and Education"
30460,231021,60.0,54270.0,59690.0,65670.0,166990.0,207480.0,"Administrative Law Judges, Adjudicators, and Hearing Officers"
30460,251021,90.0,49590.0,67080.0,105690.0,137920.0,176180.0,"Computer Science Teachers, Postsecondary"
30460,251022,130.0,50320.0,65820.0,82740.0,104030.0,165450.0,"Mathematical Science Teachers, Postsecondary"
30460,251052,80.0,61880.0,77250.0,138890.0,138890.0,228750.0,"Chemistry Teachers, Postsecondary"
30460,251054,50.0,57620.0,107130.0,138980.0,181700.0,214410.0,"Physics Teachers, Postsecondary"
30460,251065,40.0,43740.0,67420.0,121300.0,176620.0,208290.0,"Political Science Teachers, Postsecondary"
30460,251066,110.0,35990.0,59270.0,76680.0,92580.0,134230.0,"Psychology Teachers, Postsecondary"
30460,251122,140.0,41740.0,50770.0,64760.0,83050.0,105720.0,"Communications Teachers, Postsecondary"
30460,251123,150.0,40450.0,50950.0,65670.0,82870.0,105400.0,"English Language and Literature Teachers, Postsecondary"
30460,251124,60.0,40340.0,50490.0,67530.0,103950.0,107260.0,"Foreign Language and Literature Teachers, Postsecondary"
30460,251125,70.0,48020.0,52490.0,71580.0,109180.0,139140.0,"History Teachers, Postsecondary"
30460,251126,130.0,38230.0,47130.0,68070.0,89560.0,90540.0,"Philosophy and Religion Teachers, Postsecondary"
30460,251193,90.0,40390.0,50460.0,64890.0,83010.0,105400.0,"Recreation and Fitness Studies Teachers, Postsecondary"
30460,259044,290.0,31270.0,31270.0,50640.0,64270.0,80200.0,"Teaching Assistants, Postsecondary"
30460,271011,50.0,54690.0,59240.0,73960.0,95460.0,118950.0,Art Directors
30460,271021,80.0,47840.0,65780.0,81740.0,85300.0,106050.0,Commercial and Industrial Designers
30460,271025,140.0,40540.0,47800.0,60200.0,77490.0,108170.0,Interior Designers
30460,272023,40.0,,,,,,"Umpires, Referees, and Other Sports Officials"
30460,273023,70.0,,,,,,"News Analysts, Reporters, and Journalists"
30460,273041,80.0,41480.0,46250.0,60830.0,80570.0,105660.0,Editors
30460,273042,50.0,55680.0,58970.0,68900.0,99030.0,143800.0,Technical Writers
30460,273091,120.0,40280.0,52400.0,66320.0,76660.0,110120.0,Interpreters and Translators
30460,274031,40.0,45730.0,46060.0,52580.0,60490.0,78320.0,"Camera Operators, Television, Video, and Film"
30460,291011,50.0,35690.0,44860.0,81350.0,108570.0,165960.0,Chiropractors
30460,291041,40.0,78920.0,93580.0,139060.0,175660.0,276860.0,Optometrists
30460,291129,80.0,50730.0,58930.0,112070.0,136540.0,136540.0,"Therapists, All Other"
30460,291211,230.0,65180.0,71600.0,273190.0,391490.0,453860.0,Anesthesiologists
30460,291212,140.0,75260.0,126400.0,558180.0,565060.0,610380.0,Cardiologists
30460,291214,160.0,65240.0,73320.0,148180.0,316490.0,316490.0,Emergency Medicine Physicians
30460,291217,70.0,65340.0,65340.0,84760.0,350000.0,452620.0,Neurologists
30460,291218,130.0,65140.0,65140.0,109070.0,389320.0,389320.0,Obstetricians and Gynecologists
30460,291221,250.0,65160.0,73380.0,165300.0,246380.0,338450.0,"Pediatricians, General"
30460,291223,70.0,74200.0,74200.0,132450.0,239350.0,361640.0,Psychiatrists
30460,291242,80.0,65380.0,73290.0,256240.0,596460.0,596460.0,"Orthopedic Surgeons, Except Pediatric"
30460,292031,170.0,37870.0,37870.0,45300.0,82270.0,98380.0,Cardiovascular Technologists and Technicians
30460,292051,70.0,28230.0,30850.0,36750.0,58020.0,58020.0,Dietetic Technicians
30460,292092,30.0,36970.0,45760.0,76750.0,82370.0,114560.0,Hearing Aid Specialists
30460,299093,100.0,68530.0,86280.0,102330.0,140550.0,168200.0,Surgical Assistants
30460,312022,40.0,29070.0,35490.0,35490.0,47780.0,47780.0,Physical Therapist Aides
30460,319094,130.0,33060.0,39450.0,42900.0,44440.0,49960.0,Medical Transcriptionists
30460,319095,60.0,27110.0,30000.0,33880.0,36570.0,45760.0,Pharmacy Aides
30460,331011,60.0,45940.0,61270.0,67530.0,93240.0,93240.0,First-Line Supervisors of Correctional Officers
30460,333011,30.0,29100.0,30220.0,32020.0,38390.0,45440.0,Bailiffs
30460,339021,40.0,39030.0,39130.0,41930.0,56080.0,66350.0,Private Detectives and Investigators
30460,339093,70.0,49940.0,61110.0,63130.0,67200.0,73320.0,Transportation Security Screeners
30460,373013,140.0,42210.0,43870.0,43870.0,45970.0,57880.0,Tree Trimmers and Pruners
30460,396012,130.0,24130.0,30020.0,35810.0,53310.0,53310.0,Concierges
30460,413041,60.0,36520.0,39740.0,48720.0,58190.0,73900.0,Travel Agents
30460,419031,60.0,74020.0,76540.0,91880.0,146660.0,200250.0,Sales Engineers
30460,432011,80.0,36680.0,36680.0,38150.0,43730.0,43730.0,"Switchboard Operators, Including Answering Service"
30460,434151,100.0,32020.0,35920.0,43100.0,47020.0,53550.0,Order Clerks
30460,434181,110.0,37580.0,40630.0,45260.0,76580.0,77590.0,Reservation and Transportation Ticket Agents and Travel Clerks
30460,435011,260.0,39620.0,39620.0,39620.0,41520.0,64110.0,Cargo and Freight Agents
30460,451011,110.0,37740.0,52350.0,57590.0,80270.0,94160.0,"First-Line Supervisors of Farming, Fishing, and Forestry Workers"
30460,452092,90.0,27520.0,29130.0,33230.0,42010.0,45950.0,"Farmworkers and Laborers, Crop, Nursery, and Greenhouse"
30460,452093,330.0,25060.0,32650.0,39330.0,54750.0,54810.0,"Farmworkers, Farm, Ranch, and Aquacultural Animals"
30460,472044,50.0,35100.0,46470.0,47840.0,54750.0,56160.0,Tile and Stone Setters
30460,472081,60.0,38530.0,42210.0,48340.0,57460.0,58980.0,Drywall and Ceiling Tile Installers
30460,472121,80.0,39700.0,46170.0,48000.0,55690.0,62210.0,Glaziers
30460,472131,60.0,38420.0,41910.0,43470.0,48260.0,77850.0,"Insulation Workers, Floor, Ceiling, and Wall"
30460,472221,40.0,45030.0,52010.0,64000.0,66420.0,79270.0,Structural Iron and Steel Workers
30460,473013,100.0,35590.0,36870.0,40310.0,45040.0,48780.0,Helpers--Electricians
30460,473015,150.0,37040.0,37600.0,43000.0,45450.0,55770.0,"Helpers--Pipelayers, Plumbers, Pipefitters, and Steamfitters"
30460,474071,60.0,37740.0,37800.0,43690.0,47820.0,47820.0,Septic Tank Servicers and Sewer Pipe Cleaners
30460,475022,70.0,37180.0,44580.0,57640.0,60990.0,69870.0,"Excavating and Loading Machine and Dragline Operators, Surface Mining"
30460,492092,,40530.0,40530.0,47810.0,48630.0,59990.0,"Electric Motor, Power Tool, and Related Repairers"
30460,493053,60.0,41240.0,43440.0,51850.0,64330.0,67810.0,Outdoor Power Equipment and Other Small Engine Mechanics
30460,499031,50.0,34000.0,49200.0,49200.0,60790.0,60800.0,Home Appliance Repairers
30460,499091,30.0,29810.0,29810.0,35170.0,46500.0,50450.0,"Coin, Vending, and Amusement Machine Servicers and Repairers"
30460,514193,150.0,27520.0,27520.0,28380.0,33330.0,37780.0,"Plating Machine Setters, Operators, and Tenders, Metal and Plastic"
30460,515111,100.0,39020.0,44250.0,47280.0,53830.0,58250.0,Prepress Technicians and Workers
30460,515113,100.0,,,,,,Print Binding and Finishing Workers
30460,516052,60.0,30920.0,30920.0,33380.0,35620.0,39650.0,"Tailors, Dressmakers, and Custom Sewers"
30460,517011,70.0,29520.0,34740.0,38650.0,49630.0,58080.0,Cabinetmakers and Bench Carpenters
30460,517042,40.0,32880.0,36960.0,37270.0,44720.0,54380.0,"Woodworking Machine Setters, Operators, and Tenders, Except Sawing"
30460,518013,30.0,47200.0,50780.0,84150.0,115760.0,115810.0,Power Plant Operators
30460,519012,150.0,38340.0,47880.0,49440.0,58490.0,70470.0,"Separating, Filtering, Clarifying, Precipitating, and Still Machine Setters, Operators, and Tenders"
30460,519071,50.0,29860.0,38250.0,46080.0,56300.0,71140.0,Jewelers and Precious Stone and Metal Workers
30460,519081,70.0,32750.0,46620.0,55540.0,55640.0,68660.0,Dental Laboratory Technicians
30460,532011,,99990.0,189290.0,208770.0,363470.0,375710.0,"Airline Pilots, Copilots, and Flight Engineers"
30460,532012,60.0,74240.0,84990.0,111030.0,159780.0,246990.0,Commercial Pilots
30460,533011,40.0,32850.0,35940.0,35940.0,35940.0,39570.0,"Ambulance Drivers and Attendants, Except Emergency Medical Technicians"
30460,533099,50.0,21850.0,23450.0,25020.0,47960.0,58090.0,"Motor Vehicle Operators, All Other"
30460,537021,50.0,50840.0,57190.0,74130.0,87670.0,88660.0,Crane and Tower Operators
30460,251063,30.0,59990.0,122290.0,220690.0,220690.0,378850.0,"Economics Teachers, Postsecondary"
30460,291241,30.0,65240.0,65240.0,182490.0,451590.0,451590.0,"Ophthalmologists, Except Pediatric"
30460,119013,70.0,58350.0,67000.0,74640.0,100100.0,155350.0,"Farmers, Ranchers, and Other Agricultural Managers"
30460,251061,30.0,88210.0,89040.0,113550.0,169360.0,211600.0,"Anthropology and Archeology Teachers, Postsecondary"
30620,000000,49950.0,27970.0,35530.0,47170.0,72610.0,97350.0,All Occupations
30620,110000,3040.0,49220.0,66390.0,96630.0,131530.0,174860.0,Management Occupations
30620,111011,30.0,51000.0,89850.0,150740.0,357940.0,457360.0,Chief Executives
30620,111021,1210.0,43760.0,58600.0,80720.0,126270.0,179990.0,General and Operations Managers
30620,112021,60.0,60260.0,94230.0,122260.0,167920.0,188830.0,Marketing Managers
30620,112022,160.0,69550.0,76690.0,114100.0,161670.0,209380.0,Sales Managers
30620,113012,60.0,45290.0,57470.0,78960.0,111080.0,171940.0,Administrative Services Managers
30620,113013,50.0,49660.0,66170.0,93610.0,121200.0,139920.0,Facilities Managers
30620,113021,70.0,88480.0,101190.0,140030.0,181260.0,234590.0,Computer and Information Systems Managers
30620,113031,150.0,73780.0,85660.0,125380.0,164160.0,217990.0,Financial Managers
30620,113051,150.0,74270.0,94160.0,117990.0,152610.0,166880.0,Industrial Production Managers
30620,113071,90.0,56650.0,77740.0,94960.0,109880.0,128820.0,"Transportation, Storage, and Distribution Managers"
30620,113121,50.0,72090.0,94940.0,115800.0,164230.0,178050.0,Human Resources Managers
30620,119021,100.0,59820.0,70080.0,91350.0,104410.0,126810.0,Construction Managers
30620,119032,120.0,59450.0,77980.0,97240.0,102800.0,123120.0,"Education Administrators, Kindergarten through Secondary"
30620,119041,50.0,117990.0,128490.0,152770.0,166430.0,209060.0,Architectural and Engineering Managers
30620,119051,70.0,48510.0,57620.0,62650.0,73480.0,80620.0,Food Service Managers
30620,119111,260.0,66800.0,85550.0,105690.0,132270.0,167150.0,Medical and Health Services Managers
30620,119141,60.0,31870.0,43870.0,55660.0,74940.0,94330.0,"Property, Real Estate, and Community Association Managers"
30620,119151,40.0,49340.0,57050.0,67190.0,79210.0,95060.0,Social and Community Service Managers
30620,119199,30.0,47390.0,75620.0,121000.0,166460.0,255820.0,"Managers, All Other"
30620,130000,1920.0,43470.0,55040.0,71650.0,92340.0,119990.0,Business and Financial Operations Occupations
30620,131020,160.0,46430.0,58350.0,72330.0,83220.0,116590.0,Buyers and Purchasing Agents
30620,131031,40.0,49430.0,60590.0,80130.0,84340.0,101110.0,"Claims Adjusters, Examiners, and Investigators"
30620,131041,70.0,45900.0,57410.0,71210.0,86950.0,108780.0,Compliance Officers
30620,131051,60.0,38560.0,58080.0,74460.0,92220.0,120680.0,Cost Estimators
30620,131071,230.0,44130.0,53890.0,63510.0,80530.0,97980.0,Human Resources Specialists
30620,131081,70.0,49820.0,61690.0,77000.0,107410.0,128560.0,Logisticians
30620,131082,150.0,53750.0,64720.0,81670.0,104710.0,152030.0,Project Management Specialists
30620,131111,60.0,53460.0,72690.0,81530.0,101620.0,134020.0,Management Analysts
30620,131151,130.0,28190.0,32630.0,49550.0,74420.0,91450.0,Training and Development Specialists
30620,131161,130.0,37850.0,48510.0,61560.0,82100.0,102090.0,Market Research Analysts and Marketing Specialists
30620,131199,140.0,40820.0,55110.0,77330.0,107110.0,140300.0,"Business Operations Specialists, All Other"
30620,132011,300.0,48710.0,58720.0,72980.0,86340.0,120690.0,Accountants and Auditors
30620,132072,70.0,37980.0,46210.0,62430.0,102290.0,151090.0,Loan Officers
30620,150000,560.0,46390.0,61410.0,82430.0,114760.0,152950.0,Computer and Mathematical Occupations
30620,151211,50.0,63670.0,70330.0,87920.0,120850.0,152950.0,Computer Systems Analysts
30620,151231,40.0,42540.0,48720.0,64440.0,74140.0,87700.0,Computer Network Support Specialists
30620,151232,110.0,34990.0,40680.0,49980.0,66330.0,83190.0,Computer User Support Specialists
30620,151244,80.0,57070.0,65700.0,80510.0,98700.0,125720.0,Network and Computer Systems Administrators
30620,151252,140.0,74030.0,91560.0,114600.0,154460.0,175250.0,Software Developers
30620,170000,790.0,58250.0,76370.0,98980.0,120110.0,142340.0,Architecture and Engineering Occupations
30620,172051,90.0,67050.0,78470.0,98990.0,122160.0,131270.0,Civil Engineers
30620,172112,310.0,79210.0,89220.0,105140.0,122540.0,142340.0,Industrial Engineers
30620,172141,50.0,62490.0,78250.0,99290.0,128670.0,139760.0,Mechanical Engineers
30620,190000,500.0,46420.0,52040.0,65910.0,94580.0,110460.0,"Life, Physical, and Social Science Occupations"
30620,191042,30.0,65910.0,77860.0,94580.0,94580.0,103320.0,"Medical Scientists, Except Epidemiologists"
30620,192031,100.0,55980.0,56680.0,72570.0,95660.0,127930.0,Chemists
30620,195011,70.0,53890.0,64990.0,82420.0,108980.0,126590.0,Occupational Health and Safety Specialists
30620,210000,1000.0,35990.0,43880.0,50020.0,62150.0,78180.0,Community and Social Service Occupations
30620,211012,140.0,38830.0,46730.0,59790.0,79050.0,94720.0,"Educational, Guidance, and Career Counselors and Advisors"
30620,211018,120.0,36820.0,45340.0,57230.0,60430.0,69670.0,"Substance Abuse, Behavioral Disorder, and Mental Health Counselors"
30620,211021,230.0,43310.0,50020.0,50020.0,57340.0,63040.0,"Child, Family, and School Social Workers"
30620,211022,110.0,48360.0,51310.0,61290.0,67090.0,75310.0,Healthcare Social Workers
30620,211023,50.0,35650.0,36910.0,47910.0,78790.0,91780.0,Mental Health and Substance Abuse Social Workers
30620,211092,50.0,49270.0,49270.0,62150.0,74340.0,98200.0,Probation Officers and Correctional Treatment Specialists
30620,211093,160.0,30220.0,31930.0,37560.0,48460.0,48460.0,Social and Human Service Assistants
30620,230000,160.0,38540.0,46950.0,72350.0,96800.0,180860.0,Legal Occupations
30620,231011,90.0,41750.0,67660.0,83260.0,116160.0,192340.0,Lawyers
30620,232011,30.0,38160.0,39520.0,48140.0,56560.0,68190.0,Paralegals and Legal Assistants
30620,250000,2800.0,29290.0,39540.0,59530.0,77850.0,95510.0,Educational Instruction and Library Occupations
30620,251194,90.0,39540.0,50320.0,78770.0,105860.0,129720.0,"Career/Technical Education Teachers, Postsecondary"
30620,251199,110.0,49280.0,62540.0,77210.0,96490.0,129380.0,"Postsecondary Teachers, All Other"
30620,252011,130.0,23890.0,28430.0,33480.0,36620.0,52250.0,"Preschool Teachers, Except Special Education"
30620,252021,540.0,46040.0,57410.0,75830.0,77900.0,93720.0,"Elementary School Teachers, Except Special Education"
30620,252031,380.0,46570.0,57990.0,75760.0,92990.0,97380.0,"Secondary School Teachers, Except Special and Career/Technical Education"
30620,252052,140.0,41430.0,48900.0,64020.0,77820.0,82320.0,"Special Education Teachers, Kindergarten and Elementary School"
30620,253021,60.0,22850.0,28100.0,37720.0,48170.0,59110.0,Self-Enrichment Teachers
30620,253031,60.0,30250.0,31150.0,33730.0,34710.0,38040.0,"Substitute Teachers, Short-Term"
30620,254022,30.0,37200.0,46180.0,46180.0,58190.0,61180.0,Librarians and Media Collections Specialists
30620,259045,440.0,23870.0,27720.0,34130.0,38110.0,44940.0,"Teaching Assistants, Except Postsecondary"
30620,270000,450.0,28110.0,34480.0,44060.0,60010.0,77120.0,"Arts, Design, Entertainment, Sports, and Media Occupations"
30620,271024,50.0,37760.0,45210.0,53310.0,68060.0,75900.0,Graphic Designers
30620,272022,110.0,25150.0,29520.0,37380.0,47420.0,75250.0,Coaches and Scouts
30620,273031,40.0,43670.0,51220.0,57970.0,69220.0,83420.0,Public Relations Specialists
30620,290000,4530.0,45960.0,62090.0,79560.0,97350.0,142230.0,Healthcare Practitioners and Technical Occupations
30620,291031,40.0,34690.0,34690.0,61000.0,73910.0,86950.0,Dietitians and Nutritionists
30620,291051,140.0,50890.0,120310.0,137460.0,156700.0,158780.0,Pharmacists
30620,291071,110.0,102950.0,109210.0,125100.0,131730.0,161140.0,Physician Assistants
30620,291122,80.0,62900.0,82610.0,84890.0,100120.0,107310.0,Occupational Therapists
30620,291123,110.0,73360.0,79750.0,97880.0,102880.0,118670.0,Physical Therapists
30620,291126,90.0,65210.0,74530.0,77570.0,80450.0,92730.0,Respiratory Therapists
30620,291127,80.0,59050.0,75420.0,80810.0,96620.0,103950.0,Speech-Language Pathologists
30620,291141,1630.0,64090.0,77890.0,81440.0,93200.0,97350.0,Registered Nurses
30620,291171,210.0,101710.0,108580.0,120350.0,127560.0,146360.0,Nurse Practitioners
30620,291216,30.0,,,,,,General Internal Medicine Physicians
30620,291229,220.0,62210.0,62210.0,208000.0,389130.0,479530.0,"Physicians, All Other"
30620,291292,70.0,66220.0,76980.0,78530.0,91470.0,98670.0,Dental Hygienists
30620,292010,130.0,39040.0,45960.0,56720.0,74010.0,79120.0,Clinical Laboratory Technologists and Technicians
30620,292032,40.0,67840.0,79120.0,82430.0,91990.0,97800.0,Diagnostic Medical Sonographers
30620,292034,150.0,53610.0,62090.0,74810.0,79560.0,91740.0,Radiologic Technologists and Technicians
30620,292042,50.0,,,,,,Emergency Medical Technicians
30620,292052,150.0,35890.0,38110.0,44150.0,48320.0,54060.0,Pharmacy Technicians
30620,292055,70.0,48820.0,48830.0,61520.0,64050.0,81280.0,Surgical Technologists
30620,292061,500.0,49470.0,55560.0,62080.0,62890.0,72700.0,Licensed Practical and Licensed Vocational Nurses
30620,292072,90.0,37360.0,39770.0,47360.0,48400.0,61830.0,Medical Records Specialists
30620,292099,70.0,38400.0,38570.0,47390.0,63730.0,65590.0,"Health Technologists and Technicians, All Other"
30620,310000,2390.0,29970.0,33170.0,37220.0,44680.0,53930.0,Healthcare Support Occupations
30620,311120,810.0,28700.0,30090.0,31980.0,35530.0,37980.0,Home Health and Personal Care Aides
30620,311131,690.0,31590.0,35670.0,37360.0,43610.0,47210.0,Nursing Assistants
30620,312021,80.0,48850.0,51400.0,60420.0,61840.0,63060.0,Physical Therapist Assistants
30620,319091,90.0,35670.0,37570.0,45570.0,54130.0,75370.0,Dental Assistants
30620,319092,420.0,35500.0,37840.0,43530.0,46140.0,46470.0,Medical Assistants
30620,319093,40.0,36490.0,37350.0,40150.0,45980.0,47330.0,Medical Equipment Preparers
30620,319096,30.0,28120.0,30840.0,34270.0,35870.0,35870.0,Veterinary Assistants and Laboratory Animal Caretakers
30620,330000,1040.0,29940.0,46000.0,58370.0,68060.0,75200.0,Protective Service Occupations
30620,331012,60.0,66000.0,66000.0,76010.0,78460.0,113620.0,First-Line Supervisors of Police and Detectives
30620,332011,150.0,30620.0,46000.0,60020.0,61230.0,61230.0,Firefighters
30620,333012,330.0,47130.0,48090.0,59240.0,68060.0,68060.0,Correctional Officers and Jailers
30620,333051,180.0,47770.0,57960.0,62170.0,69730.0,72700.0,Police and Sheriff's Patrol Officers
30620,339032,140.0,22970.0,25170.0,30060.0,44230.0,66190.0,Security Guards
30620,350000,4850.0,23230.0,26840.0,28800.0,35900.0,45150.0,Food Preparation and Serving Related Occupations
30620,351011,30.0,36400.0,38040.0,45270.0,63400.0,74990.0,Chefs and Head Cooks
30620,351012,510.0,29920.0,33730.0,35900.0,45120.0,56500.0,First-Line Supervisors of Food Preparation and Serving Workers
30620,352011,140.0,22460.0,22700.0,26210.0,27900.0,34350.0,"Cooks, Fast Food"
30620,352012,260.0,29230.0,31070.0,35820.0,37920.0,44360.0,"Cooks, Institution and Cafeteria"
30620,352014,380.0,27580.0,28890.0,34200.0,36340.0,42760.0,"Cooks, Restaurant"
30620,352021,230.0,24280.0,27460.0,29720.0,37680.0,38210.0,Food Preparation Workers
30620,353011,220.0,22660.0,24430.0,30270.0,40560.0,62060.0,Bartenders
30620,353023,1830.0,23010.0,24050.0,27320.0,28200.0,30810.0,Fast Food and Counter Workers
30620,353031,680.0,23610.0,28570.0,36720.0,48220.0,62550.0,Waiters and Waitresses
30620,359011,110.0,22860.0,27060.0,28580.0,35930.0,36870.0,Dining Room and Cafeteria Attendants and Bartender Helpers
30620,359021,130.0,22870.0,25470.0,28480.0,33400.0,35360.0,Dishwashers
30620,359031,120.0,23120.0,23710.0,27470.0,29350.0,34730.0,"Hosts and Hostesses, Restaurant, Lounge, and Coffee Shop"
30620,370000,1460.0,27510.0,29660.0,35170.0,40080.0,47140.0,Building and Grounds Cleaning and Maintenance Occupations
30620,371011,40.0,30190.0,36030.0,43960.0,56640.0,63440.0,First-Line Supervisors of Housekeeping and Janitorial Workers
30620,372011,830.0,28320.0,29660.0,35390.0,41240.0,46870.0,"Janitors and Cleaners, Except Maids and Housekeeping Cleaners"
30620,372012,310.0,27330.0,28750.0,30060.0,36060.0,37370.0,Maids and Housekeeping Cleaners
30620,373011,230.0,24400.0,29880.0,36200.0,42850.0,46170.0,Landscaping and Groundskeeping Workers
30620,390000,710.0,23260.0,25760.0,29880.0,38830.0,55460.0,Personal Care and Service Occupations
30620,392021,70.0,22260.0,26950.0,28630.0,35500.0,47840.0,Animal Caretakers
30620,393091,100.0,22260.0,23270.0,25190.0,31010.0,33380.0,Amusement and Recreation Attendants
30620,395012,100.0,22570.0,27000.0,33530.0,51440.0,71850.0,"Hairdressers, Hairstylists, and Cosmetologists"
30620,399011,80.0,22560.0,23680.0,28790.0,32720.0,37760.0,Childcare Workers
30620,399031,60.0,24280.0,29880.0,31200.0,46320.0,55080.0,Exercise Trainers and Group Fitness Instructors
30620,399032,80.0,25960.0,28130.0,29390.0,38180.0,44670.0,Recreation Workers
30620,410000,4030.0,23770.0,27660.0,34230.0,47480.0,74590.0,Sales and Related Occupations
30620,411011,390.0,29930.0,34790.0,43670.0,57580.0,70270.0,First-Line Supervisors of Retail Sales Workers
30620,411012,50.0,47250.0,58620.0,70130.0,103010.0,138210.0,First-Line Supervisors of Non-Retail Sales Workers
30620,412011,940.0,23450.0,25150.0,28230.0,31340.0,35930.0,Cashiers
30620,412021,90.0,28970.0,32580.0,43160.0,53340.0,74250.0,Counter and Rental Clerks
30620,412022,130.0,27230.0,34010.0,37440.0,45760.0,54950.0,Parts Salespersons
30620,412031,1490.0,23590.0,26190.0,28900.0,35620.0,44800.0,Retail Salespersons
30620,413021,90.0,34030.0,41250.0,52990.0,76570.0,95540.0,Insurance Sales Agents
30620,413031,60.0,45720.0,48170.0,51320.0,74470.0,124860.0,"Securities, Commodities, and Financial Services Sales Agents"
30620,413091,250.0,36630.0,40120.0,54940.0,79250.0,106010.0,"Sales Representatives of Services, Except Advertising, Insurance, Financial Services, and Travel"
30620,414012,460.0,32020.0,46160.0,61690.0,90330.0,138330.0,"Sales Representatives, Wholesale and Manufacturing, Except Technical and Scientific Products"
30620,430000,4990.0,30170.0,36790.0,44230.0,52500.0,65600.0,Office and Administrative Support Occupations
30620,431011,330.0,44240.0,49540.0,60900.0,76040.0,85090.0,First-Line Supervisors of Office and Administrative Support Workers
30620,433011,60.0,29930.0,29930.0,35410.0,46100.0,60420.0,Bill and Account Collectors
30620,433021,150.0,35100.0,38230.0,45170.0,48570.0,57210.0,Billing and Posting Clerks
30620,433031,430.0,35360.0,39200.0,46570.0,54060.0,64960.0,"Bookkeeping, Accounting, and Auditing Clerks"
30620,433051,50.0,38450.0,43990.0,55280.0,66870.0,80030.0,Payroll and Timekeeping Clerks
30620,433071,160.0,35280.0,36410.0,38070.0,44460.0,48080.0,Tellers
30620,434031,90.0,30170.0,40290.0,47500.0,53170.0,58490.0,"Court, Municipal, and License Clerks"
30620,434051,460.0,28380.0,35170.0,42340.0,48840.0,60370.0,Customer Service Representatives
30620,434061,50.0,30390.0,37790.0,52110.0,60150.0,71860.0,"Eligibility Interviewers, Government Programs"
30620,434081,70.0,24220.0,29180.0,29640.0,32130.0,34140.0,"Hotel, Motel, and Resort Desk Clerks"
30620,434111,50.0,36710.0,37320.0,45600.0,45600.0,59260.0,"Interviewers, Except Eligibility and Loan"
30620,434131,30.0,42210.0,45180.0,45760.0,56890.0,66010.0,Loan Interviewers and Clerks
30620,434171,370.0,26460.0,29120.0,35600.0,37150.0,43400.0,Receptionists and Information Clerks
30620,435032,60.0,31750.0,40100.0,45610.0,58910.0,64370.0,"Dispatchers, Except Police, Fire, and Ambulance"
30620,435052,120.0,46030.0,52520.0,57700.0,81040.0,81040.0,Postal Service Mail Carriers
30620,435061,150.0,39420.0,45840.0,60230.0,79990.0,97460.0,"Production, Planning, and Expediting Clerks"
30620,435071,340.0,35900.0,40150.0,45130.0,47160.0,57010.0,"Shipping, Receiving, and Inventory Clerks"
30620,436011,80.0,45180.0,49320.0,62010.0,77260.0,99090.0,Executive Secretaries and Executive Administrative Assistants
30620,436013,420.0,36570.0,38180.0,39090.0,47220.0,48450.0,Medical Secretaries and Administrative Assistants
30620,436014,490.0,32160.0,37000.0,44460.0,53550.0,62230.0,"Secretaries and Administrative Assistants, Except Legal, Medical, and Executive"
30620,439021,30.0,28150.0,35510.0,36600.0,44750.0,55550.0,Data Entry Keyers
30620,439061,730.0,27320.0,34510.0,41410.0,49920.0,61780.0,"Office Clerks, General"
30620,450000,50.0,24950.0,35010.0,50210.0,53880.0,57420.0,"Farming, Fishing, and Forestry Occupations"
30620,470000,1640.0,39480.0,48090.0,60710.0,84690.0,101420.0,Construction and Extraction Occupations
30620,471011,150.0,56530.0,62910.0,73510.0,94720.0,115800.0,First-Line Supervisors of Construction Trades and Extraction Workers
30620,472031,130.0,39350.0,46640.0,53800.0,92590.0,120310.0,Carpenters
30620,472051,90.0,44970.0,60450.0,81270.0,99960.0,99960.0,Cement Masons and Concrete Finishers
30620,472061,230.0,35740.0,44530.0,51110.0,73930.0,101420.0,Construction Laborers
30620,472073,130.0,44320.0,48250.0,58860.0,67040.0,91550.0,Operating Engineers and Other Construction Equipment Operators
30620,472111,250.0,39480.0,52170.0,75600.0,84690.0,95400.0,Electricians
30620,472141,40.0,29000.0,37410.0,46530.0,60960.0,71560.0,"Painters, Construction and Maintenance"
30620,472152,170.0,47010.0,58690.0,61160.0,90580.0,98240.0,"Plumbers, Pipefitters, and Steamfitters"
30620,472181,40.0,38540.0,41730.0,44980.0,60710.0,93580.0,Roofers
30620,474051,70.0,40570.0,47990.0,53250.0,59000.0,68520.0,Highway Maintenance Workers
30620,490000,2250.0,36470.0,45790.0,59280.0,74020.0,86950.0,"Installation, Maintenance, and Repair Occupations"
30620,491011,210.0,47600.0,59280.0,78820.0,99260.0,109920.0,"First-Line Supervisors of Mechanics, Installers, and Repairers"
30620,493021,60.0,30010.0,30210.0,47160.0,56100.0,64490.0,Automotive Body and Related Repairers
30620,493023,270.0,34450.0,36030.0,45740.0,62670.0,77210.0,Automotive Service Technicians and Mechanics
30620,493031,210.0,46570.0,52100.0,62450.0,68640.0,85050.0,Bus and Truck Mechanics and Diesel Engine Specialists
30620,493042,40.0,40390.0,59030.0,67380.0,80580.0,84990.0,"Mobile Heavy Equipment Mechanics, Except Engines"
30620,493093,50.0,28140.0,36580.0,40510.0,46020.0,55080.0,Tire Repairers and Changers
30620,499021,160.0,39210.0,47830.0,60950.0,66040.0,77530.0,"Heating, Air Conditioning, and Refrigeration Mechanics and Installers"
30620,499041,180.0,47580.0,61270.0,74470.0,83450.0,93570.0,Industrial Machinery Mechanics
30620,499071,620.0,36760.0,45110.0,57180.0,70300.0,84510.0,"Maintenance and Repair Workers, General"
30620,510000,6170.0,35120.0,38510.0,48320.0,69030.0,85790.0,Production Occupations
30620,511011,460.0,48020.0,56740.0,76350.0,96250.0,108660.0,First-Line Supervisors of Production and Operating Workers
30620,512090,690.0,30150.0,35830.0,43970.0,62850.0,84650.0,Miscellaneous Assemblers and Fabricators
30620,513011,150.0,23070.0,28800.0,29330.0,35530.0,44150.0,Bakers
30620,514031,100.0,29740.0,31950.0,39440.0,50220.0,60530.0,"Cutting, Punching, and Press Machine Setters, Operators, and Tenders, Metal and Plastic"
30620,514041,120.0,37760.0,49020.0,53950.0,59600.0,106100.0,Machinists
30620,514081,220.0,,,,,,"Multiple Machine Tool Setters, Operators, and Tenders, Metal and Plastic"
30620,514121,470.0,44610.0,53680.0,85790.0,85790.0,85790.0,"Welders, Cutters, Solderers, and Brazers"
30620,515112,70.0,35250.0,35670.0,35670.0,42920.0,49340.0,Printing Press Operators
30620,516011,50.0,22260.0,26120.0,28040.0,34230.0,36940.0,Laundry and Dry-Cleaning Workers
30620,518031,50.0,43980.0,62870.0,64310.0,64310.0,74250.0,Water and Wastewater Treatment Plant and System Operators
30620,519061,500.0,35530.0,44010.0,57990.0,74370.0,85120.0,"Inspectors, Testers, Sorters, Samplers, and Weighers"
30620,519111,510.0,35640.0,35640.0,37430.0,43640.0,45170.0,Packaging and Filling Machine Operators and Tenders
30620,519161,160.0,37520.0,43480.0,46240.0,62490.0,87340.0,Computer Numerically Controlled Tool Operators
30620,519199,210.0,26010.0,26010.0,34350.0,37440.0,45970.0,"Production Workers, All Other"
30620,530000,4630.0,28450.0,33120.0,38710.0,49700.0,61690.0,Transportation and Material Moving Occupations
30620,531047,230.0,44260.0,52940.0,61930.0,73190.0,80140.0,"First-Line Supervisors of Transportation and Material Moving Workers, Except Aircraft Cargo Handling"
30620,533031,190.0,22460.0,26440.0,37880.0,50500.0,61090.0,Driver/Sales Workers
30620,533032,660.0,42960.0,50020.0,58140.0,64300.0,73400.0,Heavy and Tractor-Trailer Truck Drivers
30620,533033,340.0,27250.0,34940.0,40530.0,44090.0,55350.0,Light Truck Drivers
30620,533053,140.0,25370.0,28080.0,31340.0,37640.0,42290.0,Shuttle Drivers and Chauffeurs
30620,537051,290.0,34720.0,37930.0,43740.0,46450.0,49080.0,Industrial Truck and Tractor Operators
30620,537061,210.0,26980.0,28590.0,34710.0,39400.0,46910.0,Cleaners of Vehicles and Equipment
30620,537062,960.0,28500.0,34460.0,37050.0,45700.0,54770.0,"Laborers and Freight, Stock, and Material Movers, Hand"
30620,537064,220.0,26230.0,29180.0,33090.0,36450.0,42730.0,"Packers and Packagers, Hand"
30620,537065,1120.0,29110.0,30070.0,35920.0,36740.0,46340.0,Stockers and Order Fillers
30620,113061,40.0,89990.0,95110.0,114430.0,137240.0,181000.0,Purchasing Managers
30620,119033,70.0,47490.0,60820.0,78240.0,105900.0,137410.0,"Education Administrators, Postsecondary"
30620,252022,320.0,45030.0,49080.0,73060.0,84430.0,94740.0,"Middle School Teachers, Except Special and Career/Technical Education"
30620,252058,80.0,48060.0,58010.0,74270.0,78720.0,96110.0,"Special Education Teachers, Secondary School"
30620,312011,50.0,47040.0,49500.0,60550.0,62080.0,72050.0,Occupational Therapy Assistants
30620,319097,100.0,35860.0,36040.0,37220.0,43910.0,45030.0,Phlebotomists
30620,339092,40.0,24910.0,26220.0,26220.0,26220.0,26370.0,"Lifeguards, Ski Patrol, and Other Recreational Protective Service Workers"
30620,353041,130.0,27620.0,27920.0,30080.0,36510.0,42860.0,"Food Servers, Nonrestaurant"
30620,499044,90.0,60870.0,66130.0,82640.0,91640.0,91640.0,Millwrights
30620,499099,50.0,43130.0,48190.0,59600.0,59690.0,72910.0,"Installation, Maintenance, and Repair Workers, All Other"
30620,513092,130.0,33960.0,37070.0,43990.0,45540.0,51400.0,Food Batchmakers
30620,514072,90.0,37590.0,38590.0,43720.0,45920.0,59200.0,"Molding, Coremaking, and Casting Machine Setters, Operators, and Tenders, Metal and Plastic"
30620,514111,70.0,47700.0,62890.0,84730.0,93650.0,93650.0,Tool and Die Makers
30620,519124,90.0,37580.0,40190.0,48040.0,59170.0,85700.0,"Coating, Painting, and Spraying Machine Setters, Operators, and Tenders"
30620,537081,50.0,32970.0,39490.0,45600.0,55320.0,58080.0,Refuse and Recyclable Material Collectors
30620,131075,80.0,59060.0,75590.0,78530.0,100190.0,120890.0,Labor Relations Specialists
30620,291215,40.0,168140.0,216130.0,223700.0,268350.0,411010.0,Family Medicine Physicians
30620,472021,40.0,51230.0,62960.0,94220.0,116500.0,116500.0,Brickmasons and Blockmasons
30620,519023,180.0,38960.0,43920.0,43920.0,57500.0,77050.0,"Mixing and Blending Machine Setters, Operators, and Tenders"
30620,434151,30.0,31110.0,36810.0,47430.0,54180.0,58860.0,Order Clerks
30620,514122,40.0,36490.0,36490.0,36490.0,44840.0,53860.0,"Welding, Soldering, and Brazing Machine Setters, Operators, and Tenders"
30620,518021,30.0,67720.0,81610.0,85930.0,93200.0,93200.0,Stationary Engineers and Boiler Operators
30620,519041,70.0,39000.0,45920.0,45920.0,61500.0,61500.0,"Extruding, Forming, Pressing, and Compacting Machine Setters, Operators, and Tenders"
30620,533099,40.0,23370.0,24750.0,25850.0,35350.0,56120.0,"Motor Vehicle Operators, All Other"
31140,000000,685190.0,29410.0,36960.0,48370.0,72040.0,101860.0,All Occupations
31140,110000,41960.0,50840.0,73730.0,105630.0,156190.0,209310.0,Management Occupations
31140,111011,640.0,81800.0,129540.0,213920.0,324270.0,466660.0,Chief Executives
31140,111021,16830.0,44440.0,58170.0,89140.0,136100.0,206940.0,General and Operations Managers
31140,112021,920.0,79830.0,96450.0,136350.0,172980.0,211130.0,Marketing Managers
31140,112022,2710.0,71090.0,100700.0,137880.0,187220.0,260050.0,Sales Managers
31140,113013,460.0,59940.0,77020.0,98090.0,128730.0,165340.0,Facilities Managers
31140,113021,1280.0,93750.0,113390.0,150710.0,180130.0,220850.0,Computer and Information Systems Managers
31140,113031,2670.0,88620.0,104450.0,136970.0,177200.0,230840.0,Financial Managers
31140,113051,1930.0,75060.0,93720.0,111440.0,156190.0,197630.0,Industrial Production Managers
31140,113071,1050.0,59030.0,74510.0,98040.0,129480.0,166540.0,"Transportation, Storage, and Distribution Managers"
31140,113121,730.0,74380.0,97700.0,122360.0,153950.0,195970.0,Human Resources Managers
31140,119021,970.0,57030.0,78960.0,101780.0,139540.0,199460.0,Construction Managers
31140,119032,1380.0,81440.0,100560.0,115400.0,130310.0,134860.0,"Education Administrators, Kindergarten through Secondary"
31140,119041,600.0,115270.0,130180.0,149430.0,174200.0,203170.0,Architectural and Engineering Managers
31140,119051,710.0,43760.0,58320.0,72500.0,82140.0,100010.0,Food Service Managers
31140,119111,3010.0,58040.0,82010.0,112070.0,163530.0,249990.0,Medical and Health Services Managers
31140,119121,80.0,53470.0,88590.0,120000.0,161890.0,190000.0,Natural Sciences Managers
31140,119141,1040.0,45250.0,48330.0,58980.0,73130.0,97750.0,"Property, Real Estate, and Community Association Managers"
31140,119151,660.0,48280.0,60330.0,73940.0,91330.0,125300.0,Social and Community Service Managers
31140,119199,790.0,62140.0,104440.0,134710.0,167730.0,209310.0,"Managers, All Other"
31140,130000,33040.0,46510.0,58420.0,73440.0,96390.0,122710.0,Business and Financial Operations Occupations
31140,131020,1650.0,45740.0,55190.0,67270.0,85280.0,106890.0,Buyers and Purchasing Agents
31140,131031,1910.0,54510.0,62020.0,72510.0,89850.0,100400.0,"Claims Adjusters, Examiners, and Investigators"
31140,131041,1550.0,45880.0,57370.0,71120.0,100970.0,124800.0,Compliance Officers
31140,131051,810.0,49920.0,59590.0,77000.0,99730.0,123380.0,Cost Estimators
31140,131071,3680.0,45760.0,56070.0,71880.0,87850.0,108420.0,Human Resources Specialists
31140,131081,900.0,47210.0,58190.0,63880.0,80810.0,98030.0,Logisticians
31140,131082,3630.0,55520.0,65210.0,82660.0,104160.0,129630.0,Project Management Specialists
31140,131111,1910.0,59030.0,72800.0,91560.0,120780.0,136990.0,Management Analysts
31140,131121,440.0,33850.0,42690.0,50020.0,65190.0,82430.0,"Meeting, Convention, and Event Planners"
31140,131131,350.0,45040.0,56410.0,71350.0,86930.0,106590.0,Fundraisers
31140,131141,250.0,46110.0,59380.0,68660.0,83090.0,99180.0,"Compensation, Benefits, and Job Analysis Specialists"
31140,131151,2110.0,40930.0,49320.0,63270.0,81220.0,106260.0,Training and Development Specialists
31140,131161,2290.0,38230.0,49090.0,63280.0,81190.0,103650.0,Market Research Analysts and Marketing Specialists
31140,131199,1910.0,52550.0,59340.0,65680.0,93280.0,115920.0,"Business Operations Specialists, All Other"
31140,132011,4590.0,53070.0,62760.0,76320.0,97470.0,121630.0,Accountants and Auditors
31140,132020,160.0,38210.0,39630.0,39630.0,56860.0,77830.0,Property Appraisers and Assessors
31140,132051,1200.0,49900.0,59340.0,77700.0,105710.0,135820.0,Financial and Investment Analysts
31140,132052,670.0,43880.0,46030.0,72760.0,141530.0,241370.0,Personal Financial Advisors
31140,132072,1120.0,42700.0,49330.0,64460.0,100450.0,125760.0,Loan Officers
31140,150000,14560.0,47460.0,62850.0,86670.0,124290.0,157150.0,Computer and Mathematical Occupations
31140,151211,2340.0,59350.0,76190.0,97970.0,130240.0,180450.0,Computer Systems Analysts
31140,151231,660.0,49260.0,59730.0,73160.0,94240.0,126400.0,Computer Network Support Specialists
31140,151232,3310.0,37520.0,46120.0,57620.0,70390.0,83140.0,Computer User Support Specialists
31140,151241,620.0,62850.0,71810.0,101040.0,130240.0,169300.0,Computer Network Architects
31140,151242,190.0,52070.0,66880.0,96850.0,129170.0,141030.0,Database Administrators
31140,151244,990.0,62080.0,77200.0,96110.0,126120.0,184490.0,Network and Computer Systems Administrators
31140,151251,,66260.0,86040.0,105050.0,128350.0,140460.0,Computer Programmers
31140,151252,2770.0,77750.0,93190.0,110270.0,135380.0,163350.0,Software Developers
31140,151299,590.0,39510.0,51630.0,76900.0,114950.0,147500.0,"Computer Occupations, All Other"
31140,152051,650.0,64100.0,79350.0,99980.0,129380.0,164110.0,Data Scientists
31140,170000,9000.0,49920.0,64270.0,84320.0,111400.0,135290.0,Architecture and Engineering Occupations
31140,171011,220.0,64510.0,76820.0,100760.0,119930.0,134760.0,"Architects, Except Landscape and Naval"
31140,172031,70.0,78550.0,83580.0,98900.0,107860.0,127250.0,Bioengineers and Biomedical Engineers
31140,172051,940.0,68940.0,79760.0,102650.0,125000.0,147850.0,Civil Engineers
31140,172071,660.0,63270.0,68950.0,97960.0,115780.0,137440.0,Electrical Engineers
31140,172112,2000.0,61470.0,79090.0,95370.0,113930.0,140720.0,Industrial Engineers
31140,172141,1320.0,65240.0,76370.0,99290.0,119580.0,149940.0,Mechanical Engineers
31140,173011,280.0,42380.0,52700.0,62900.0,77120.0,86190.0,Architectural and Civil Drafters
31140,173026,350.0,45810.0,51480.0,61030.0,73570.0,82830.0,Industrial Engineering Technologists and Technicians
31140,173031,380.0,40550.0,45930.0,47760.0,60180.0,74870.0,Surveying and Mapping Technicians
31140,190000,3680.0,47950.0,55290.0,76400.0,99580.0,134800.0,"Life, Physical, and Social Science Occupations"
31140,191042,280.0,55290.0,64560.0,76730.0,95100.0,141740.0,"Medical Scientists, Except Epidemiologists"
31140,192031,110.0,58570.0,66350.0,86090.0,105370.0,129970.0,Chemists
31140,192041,100.0,47440.0,56070.0,71040.0,81240.0,107120.0,"Environmental Scientists and Specialists, Including Health"
31140,193033,240.0,49220.0,68850.0,82930.0,134670.0,187310.0,Clinical and Counseling Psychologists
31140,193051,60.0,52830.0,64110.0,79760.0,98550.0,112400.0,Urban and Regional Planners
31140,194021,90.0,35890.0,42460.0,50210.0,51130.0,62800.0,Biological Technicians
31140,194031,170.0,44120.0,46940.0,58540.0,67320.0,80630.0,Chemical Technicians
31140,195011,700.0,53300.0,70240.0,88270.0,111700.0,139720.0,Occupational Health and Safety Specialists
31140,195012,240.0,50370.0,52100.0,58870.0,60860.0,86540.0,Occupational Health and Safety Technicians
31140,210000,10230.0,36850.0,44380.0,55710.0,73850.0,93800.0,Community and Social Service Occupations
31140,211012,1510.0,43560.0,52110.0,72910.0,99390.0,116300.0,"Educational, Guidance, and Career Counselors and Advisors"
31140,211015,160.0,30450.0,30750.0,39860.0,59990.0,64190.0,Rehabilitation Counselors
31140,211018,2870.0,37530.0,41730.0,50970.0,74350.0,87360.0,"Substance Abuse, Behavioral Disorder, and Mental Health Counselors"
31140,211021,1760.0,39680.0,46080.0,59100.0,73830.0,81540.0,"Child, Family, and School Social Workers"
31140,211022,620.0,47370.0,59540.0,68970.0,83580.0,88860.0,Healthcare Social Workers
31140,211023,440.0,37370.0,39370.0,45930.0,54110.0,76150.0,Mental Health and Substance Abuse Social Workers
31140,211091,220.0,45040.0,64540.0,67720.0,94670.0,98880.0,Health Education Specialists
31140,211092,330.0,52490.0,54070.0,58380.0,65570.0,73340.0,Probation Officers and Correctional Treatment Specialists
31140,211093,1410.0,31410.0,35850.0,41880.0,47780.0,58650.0,Social and Human Service Assistants
31140,230000,3880.0,48370.0,61270.0,80040.0,132500.0,172920.0,Legal Occupations
31140,231011,2000.0,65310.0,83300.0,124530.0,165200.0,211880.0,Lawyers
31140,232011,1460.0,38890.0,49840.0,61270.0,74980.0,81000.0,Paralegals and Legal Assistants
31140,250000,29700.0,30010.0,42650.0,60090.0,79650.0,92760.0,Educational Instruction and Library Occupations
31140,251011,110.0,47830.0,61680.0,78050.0,127300.0,127300.0,"Business Teachers, Postsecondary"
31140,251071,140.0,41190.0,65430.0,84080.0,106020.0,133630.0,"Health Specialties Teachers, Postsecondary"
31140,251121,150.0,37930.0,49890.0,63300.0,96750.0,139520.0,"Art, Drama, and Music Teachers, Postsecondary"
31140,251194,180.0,31830.0,45270.0,51630.0,63000.0,78940.0,"Career/Technical Education Teachers, Postsecondary"
31140,251199,2110.0,48600.0,65080.0,83090.0,107710.0,133060.0,"Postsecondary Teachers, All Other"
31140,252011,2810.0,27650.0,29050.0,34360.0,39300.0,49240.0,"Preschool Teachers, Except Special Education"
31140,252021,5510.0,47230.0,49490.0,61610.0,79740.0,92760.0,"Elementary School Teachers, Except Special Education"
31140,252031,3960.0,49180.0,61040.0,74040.0,80060.0,93990.0,"Secondary School Teachers, Except Special and Career/Technical Education"
31140,252052,790.0,48110.0,49850.0,62340.0,79710.0,92260.0,"Special Education Teachers, Kindergarten and Elementary School"
31140,253021,670.0,23110.0,27890.0,36250.0,51490.0,73890.0,Self-Enrichment Teachers
31140,253031,450.0,27340.0,31350.0,36030.0,47610.0,62720.0,"Substitute Teachers, Short-Term"
31140,253099,700.0,45850.0,51160.0,58200.0,76670.0,76670.0,"Teachers and Instructors, All Other"
31140,254022,440.0,47300.0,51070.0,71260.0,87700.0,95160.0,Librarians and Media Collections Specialists
31140,254031,210.0,25610.0,32340.0,36980.0,45000.0,49380.0,Library Technicians
31140,259045,3760.0,27570.0,30010.0,36250.0,46370.0,56530.0,"Teaching Assistants, Except Postsecondary"
31140,270000,6870.0,29050.0,36650.0,50350.0,69200.0,94660.0,"Arts, Design, Entertainment, Sports, and Media Occupations"
31140,271024,820.0,32620.0,45880.0,57340.0,73910.0,88820.0,Graphic Designers
31140,271026,850.0,28950.0,28950.0,35860.0,45400.0,47420.0,Merchandise Displayers and Window Trimmers
31140,272011,90.0,,,,,,Actors
31140,272012,360.0,43740.0,49190.0,61350.0,78350.0,99950.0,Producers and Directors
31140,272022,1030.0,22290.0,29380.0,34780.0,46930.0,76490.0,Coaches and Scouts
31140,273011,70.0,27790.0,31200.0,46710.0,59000.0,145550.0,Broadcast Announcers and Radio Disc Jockeys
31140,273031,820.0,37280.0,52180.0,61640.0,81330.0,108870.0,Public Relations Specialists
31140,273092,110.0,30070.0,47340.0,49370.0,50350.0,50350.0,Court Reporters and Simultaneous Captioners
31140,274011,250.0,38580.0,43040.0,48320.0,60140.0,83190.0,Audio and Video Technicians
31140,274012,60.0,20370.0,21750.0,40240.0,46220.0,77960.0,Broadcast Technicians
31140,290000,48350.0,44850.0,62410.0,81450.0,105500.0,160100.0,Healthcare Practitioners and Technical Occupations
31140,291021,230.0,75240.0,107870.0,151420.0,215760.0,304930.0,"Dentists, General"
31140,291031,350.0,31840.0,48620.0,73810.0,79500.0,89880.0,Dietitians and Nutritionists
31140,291051,1830.0,97700.0,129580.0,143920.0,160890.0,173620.0,Pharmacists
31140,291071,380.0,103490.0,109970.0,130830.0,138180.0,165500.0,Physician Assistants
31140,291122,710.0,75640.0,81440.0,100040.0,112850.0,126420.0,Occupational Therapists
31140,291123,1140.0,77800.0,82070.0,102260.0,116670.0,122130.0,Physical Therapists
31140,291126,840.0,62100.0,66180.0,76560.0,78740.0,92510.0,Respiratory Therapists
31140,291127,710.0,66650.0,79900.0,103420.0,121180.0,142030.0,Speech-Language Pathologists
31140,291131,360.0,44200.0,62390.0,108000.0,155940.0,167890.0,Veterinarians
31140,291141,18180.0,65300.0,77870.0,84850.0,97710.0,118200.0,Registered Nurses
31140,291171,1580.0,104090.0,107220.0,122900.0,137830.0,159860.0,Nurse Practitioners
31140,291216,260.0,198130.0,239990.0,291090.0,406480.0,440430.0,General Internal Medicine Physicians
31140,291229,1100.0,138590.0,231350.0,335670.0,474720.0,513680.0,"Physicians, All Other"
31140,291292,780.0,63870.0,77040.0,81390.0,97160.0,99250.0,Dental Hygienists
31140,292010,1600.0,38990.0,46510.0,61460.0,80440.0,94090.0,Clinical Laboratory Technologists and Technicians
31140,292032,370.0,71530.0,85760.0,97700.0,105500.0,123160.0,Diagnostic Medical Sonographers
31140,292034,1200.0,57970.0,64750.0,76860.0,97500.0,103630.0,Radiologic Technologists and Technicians
31140,292035,210.0,76550.0,80610.0,94630.0,100620.0,119530.0,Magnetic Resonance Imaging Technologists
31140,292042,800.0,35120.0,38650.0,45210.0,49900.0,57840.0,Emergency Medical Technicians
31140,292052,2750.0,35350.0,37840.0,42880.0,48030.0,57200.0,Pharmacy Technicians
31140,292053,530.0,35010.0,36790.0,39620.0,47880.0,54130.0,Psychiatric Technicians
31140,292055,540.0,49310.0,61940.0,63590.0,77910.0,90550.0,Surgical Technologists
31140,292056,500.0,31420.0,36500.0,44710.0,47220.0,50820.0,Veterinary Technologists and Technicians
31140,292061,2850.0,53340.0,59610.0,64460.0,70930.0,74270.0,Licensed Practical and Licensed Vocational Nurses
31140,292072,1610.0,38650.0,42100.0,53460.0,73970.0,74520.0,Medical Records Specialists
31140,292081,340.0,29050.0,36750.0,40560.0,47760.0,62970.0,"Opticians, Dispensing"
31140,292099,630.0,42010.0,45790.0,47740.0,63270.0,77590.0,"Health Technologists and Technicians, All Other"
31140,310000,28540.0,30230.0,35740.0,41240.0,46760.0,55640.0,Healthcare Support Occupations
31140,311120,10970.0,28800.0,31430.0,35860.0,45330.0,47880.0,Home Health and Personal Care Aides
31140,311131,7650.0,35360.0,37870.0,42220.0,45910.0,47260.0,Nursing Assistants
31140,311133,170.0,37970.0,38400.0,38800.0,39630.0,48360.0,Psychiatric Aides
31140,312021,750.0,28790.0,50280.0,61830.0,75870.0,80600.0,Physical Therapist Assistants
31140,319011,380.0,46080.0,48910.0,68230.0,87450.0,95290.0,Massage Therapists
31140,319091,1500.0,37900.0,47490.0,49100.0,60050.0,62760.0,Dental Assistants
31140,319092,4140.0,37280.0,38490.0,44450.0,47420.0,49940.0,Medical Assistants
31140,319093,480.0,35340.0,38210.0,48800.0,59650.0,60410.0,Medical Equipment Preparers
31140,319096,550.0,29400.0,30850.0,35950.0,37810.0,45520.0,Veterinary Assistants and Laboratory Animal Caretakers
31140,330000,13360.0,30010.0,35650.0,44090.0,61690.0,77970.0,Protective Service Occupations
31140,331012,480.0,74260.0,78050.0,95610.0,115280.0,127940.0,First-Line Supervisors of Police and Detectives
31140,331091,310.0,38160.0,39760.0,50910.0,66310.0,90040.0,First-Line Supervisors of Security Workers
31140,332011,1640.0,35700.0,37120.0,45160.0,56560.0,65720.0,Firefighters
31140,333012,880.0,37300.0,39460.0,45330.0,51020.0,61200.0,Correctional Officers and Jailers
31140,333051,2270.0,46980.0,57630.0,63220.0,73230.0,77970.0,Police and Sheriff's Patrol Officers
31140,339032,5000.0,28810.0,34490.0,36420.0,43800.0,54350.0,Security Guards
31140,339091,,33220.0,33220.0,36000.0,36810.0,38940.0,Crossing Guards and Flaggers
31140,350000,59950.0,21430.0,25830.0,29850.0,36730.0,46770.0,Food Preparation and Serving Related Occupations
31140,351011,750.0,35710.0,36850.0,46310.0,64480.0,94990.0,Chefs and Head Cooks
31140,351012,5360.0,29150.0,35050.0,38800.0,50330.0,62690.0,First-Line Supervisors of Food Preparation and Serving Workers
31140,352011,5060.0,21990.0,22080.0,26990.0,28640.0,35050.0,"Cooks, Fast Food"
31140,352012,2700.0,29710.0,34040.0,37370.0,44690.0,46670.0,"Cooks, Institution and Cafeteria"
31140,352014,5390.0,27880.0,30210.0,35950.0,37840.0,44480.0,"Cooks, Restaurant"
31140,352015,260.0,20860.0,24690.0,29630.0,37620.0,43680.0,"Cooks, Short Order"
31140,352021,4910.0,21250.0,26540.0,29640.0,36470.0,39980.0,Food Preparation Workers
31140,353011,2830.0,16800.0,20430.0,29120.0,45770.0,62430.0,Bartenders
31140,353023,15540.0,22670.0,24410.0,28690.0,30570.0,35470.0,Fast Food and Counter Workers
31140,353031,10220.0,17070.0,20970.0,30180.0,46040.0,63500.0,Waiters and Waitresses
31140,359011,1570.0,18720.0,22070.0,28030.0,35420.0,37810.0,Dining Room and Cafeteria Attendants and Bartender Helpers
31140,359021,1660.0,22880.0,27370.0,29770.0,35410.0,36560.0,Dishwashers
31140,359031,1990.0,20800.0,22820.0,27590.0,31840.0,37150.0,"Hosts and Hostesses, Restaurant, Lounge, and Coffee Shop"
31140,370000,18470.0,28510.0,30570.0,36310.0,44340.0,50410.0,Building and Grounds Cleaning and Maintenance Occupations
31140,371011,1090.0,36370.0,40000.0,48060.0,63270.0,71390.0,First-Line Supervisors of Housekeeping and Janitorial Workers
31140,371012,410.0,45370.0,48490.0,60490.0,64600.0,76790.0,"First-Line Supervisors of Landscaping, Lawn Service, and Groundskeeping Workers"
31140,372011,9220.0,28620.0,30450.0,35000.0,39260.0,49230.0,"Janitors and Cleaners, Except Maids and Housekeeping Cleaners"
31140,372012,3770.0,27940.0,29910.0,33100.0,36790.0,42780.0,Maids and Housekeeping Cleaners
31140,373011,3130.0,28880.0,35340.0,37820.0,46590.0,51920.0,Landscaping and Groundskeeping Workers
31140,390000,12120.0,21750.0,27780.0,33190.0,43310.0,58050.0,Personal Care and Service Occupations
31140,391014,380.0,35650.0,37180.0,47170.0,67970.0,80510.0,"First-Line Supervisors of Entertainment and Recreation Workers, Except Gambling Services"
31140,391022,320.0,24310.0,37170.0,44020.0,62180.0,73780.0,First-Line Supervisors of Personal Service Workers
31140,392011,180.0,24000.0,29160.0,34220.0,46940.0,62810.0,Animal Trainers
31140,392021,1640.0,22470.0,28300.0,30830.0,39060.0,46020.0,Animal Caretakers
31140,393091,1490.0,18370.0,22970.0,29220.0,35660.0,48280.0,Amusement and Recreation Attendants
31140,395012,930.0,23580.0,28810.0,33620.0,45620.0,89750.0,"Hairdressers, Hairstylists, and Cosmetologists"
31140,399011,1720.0,21490.0,26810.0,30150.0,36650.0,48130.0,Childcare Workers
31140,399031,910.0,27720.0,35440.0,45180.0,54940.0,71270.0,Exercise Trainers and Group Fitness Instructors
31140,399032,1310.0,22360.0,27920.0,30190.0,35980.0,45280.0,Recreation Workers
31140,399041,910.0,19600.0,19600.0,25310.0,39950.0,42730.0,Residential Advisors
31140,410000,57990.0,24760.0,29500.0,36430.0,58270.0,90200.0,Sales and Related Occupations
31140,411011,5240.0,29320.0,35620.0,46550.0,60000.0,74940.0,First-Line Supervisors of Retail Sales Workers
31140,411012,760.0,49160.0,61820.0,77940.0,102410.0,140020.0,First-Line Supervisors of Non-Retail Sales Workers
31140,412011,12630.0,23250.0,27970.0,30560.0,34950.0,36060.0,Cashiers
31140,412021,1240.0,23520.0,31130.0,38740.0,47790.0,60360.0,Counter and Rental Clerks
31140,412022,1480.0,28210.0,30040.0,39250.0,52560.0,60460.0,Parts Salespersons
31140,412031,17540.0,23210.0,27430.0,30660.0,36580.0,45510.0,Retail Salespersons
31140,413011,230.0,35710.0,49780.0,60180.0,77970.0,103400.0,Advertising Sales Agents
31140,413021,2850.0,,,,,,Insurance Sales Agents
31140,413031,2060.0,44860.0,49920.0,57310.0,83000.0,132170.0,"Securities, Commodities, and Financial Services Sales Agents"
31140,413091,5190.0,34400.0,43280.0,55190.0,81450.0,111710.0,"Sales Representatives of Services, Except Advertising, Insurance, Financial Services, and Travel"
31140,414011,1570.0,49810.0,72190.0,115320.0,163960.0,204740.0,"Sales Representatives, Wholesale and Manufacturing, Technical and Scientific Products"
31140,414012,5860.0,37700.0,49350.0,70800.0,96180.0,136120.0,"Sales Representatives, Wholesale and Manufacturing, Except Technical and Scientific Products"
31140,419022,,37600.0,39570.0,49480.0,77240.0,105370.0,Real Estate Sales Agents
31140,430000,85080.0,31600.0,37870.0,45920.0,55560.0,68540.0,Office and Administrative Support Occupations
31140,431011,6470.0,44830.0,53420.0,67450.0,83070.0,102140.0,First-Line Supervisors of Office and Administrative Support Workers
31140,433011,660.0,37400.0,42210.0,49400.0,56510.0,65090.0,Bill and Account Collectors
31140,433021,2260.0,38340.0,42050.0,47280.0,54090.0,58330.0,Billing and Posting Clerks
31140,433031,7730.0,30360.0,39210.0,47990.0,57520.0,69850.0,"Bookkeeping, Accounting, and Auditing Clerks"
31140,433051,600.0,39870.0,45850.0,54600.0,65120.0,77180.0,Payroll and Timekeeping Clerks
31140,433071,1390.0,31440.0,36640.0,38370.0,44410.0,46010.0,Tellers
31140,434031,550.0,36550.0,38910.0,45510.0,50720.0,58770.0,"Court, Municipal, and License Clerks"
31140,434051,13630.0,31350.0,36590.0,41600.0,49170.0,61240.0,Customer Service Representatives
31140,434061,150.0,38770.0,40160.0,46570.0,54950.0,71500.0,"Eligibility Interviewers, Government Programs"
31140,434071,100.0,31020.0,39450.0,45250.0,49880.0,60360.0,File Clerks
31140,434081,1260.0,27640.0,29290.0,31080.0,35480.0,38140.0,"Hotel, Motel, and Resort Desk Clerks"
31140,434111,300.0,37930.0,39460.0,45770.0,47830.0,58510.0,"Interviewers, Except Eligibility and Loan"
31140,434121,350.0,27550.0,29530.0,34320.0,36890.0,44960.0,"Library Assistants, Clerical"
31140,434131,1330.0,25760.0,45550.0,60110.0,63240.0,79380.0,Loan Interviewers and Clerks
31140,434161,400.0,38180.0,45030.0,48870.0,56390.0,63730.0,"Human Resources Assistants, Except Payroll and Timekeeping"
31140,434171,3330.0,26330.0,29910.0,34520.0,40290.0,46040.0,Receptionists and Information Clerks
31140,434199,250.0,37840.0,40940.0,48050.0,54950.0,66940.0,"Information and Record Clerks, All Other"
31140,435031,280.0,40130.0,46430.0,50860.0,59060.0,62410.0,Public Safety Telecommunicators
31140,435032,1060.0,34880.0,43470.0,51950.0,60490.0,72390.0,"Dispatchers, Except Police, Fire, and Ambulance"
31140,435041,110.0,40280.0,44920.0,47160.0,60400.0,70230.0,"Meter Readers, Utilities"
31140,435051,240.0,42600.0,57820.0,63650.0,72190.0,75030.0,Postal Service Clerks
31140,435052,1440.0,42390.0,51130.0,59010.0,75520.0,81040.0,Postal Service Mail Carriers
31140,435061,2270.0,38490.0,45090.0,53630.0,62190.0,77840.0,"Production, Planning, and Expediting Clerks"
31140,435071,6180.0,36000.0,38990.0,46690.0,50750.0,59190.0,"Shipping, Receiving, and Inventory Clerks"
31140,436011,890.0,46600.0,51330.0,63380.0,75730.0,95410.0,Executive Secretaries and Executive Administrative Assistants
31140,436012,890.0,29640.0,37380.0,41920.0,48740.0,70940.0,Legal Secretaries and Administrative Assistants
31140,436013,7910.0,35560.0,37750.0,44430.0,47010.0,53450.0,Medical Secretaries and Administrative Assistants
31140,436014,4770.0,33780.0,39960.0,47090.0,54070.0,63190.0,"Secretaries and Administrative Assistants, Except Legal, Medical, and Executive"
31140,439021,510.0,31480.0,36410.0,43570.0,47480.0,55490.0,Data Entry Keyers
31140,439041,2130.0,42570.0,48040.0,48330.0,57490.0,63550.0,Insurance Claims and Policy Processing Clerks
31140,439061,10480.0,23320.0,32940.0,41290.0,48020.0,59660.0,"Office Clerks, General"
31140,450000,380.0,28010.0,31700.0,36390.0,46530.0,57390.0,"Farming, Fishing, and Forestry Occupations"
31140,470000,26810.0,38550.0,47020.0,59140.0,76410.0,89340.0,Construction and Extraction Occupations
31140,471011,3240.0,54730.0,64460.0,79190.0,93460.0,100980.0,First-Line Supervisors of Construction Trades and Extraction Workers
31140,472031,2990.0,38980.0,48480.0,56520.0,64980.0,75360.0,Carpenters
31140,472051,610.0,38500.0,46310.0,52700.0,62360.0,72720.0,Cement Masons and Concrete Finishers
31140,472061,4600.0,36560.0,39480.0,47420.0,58310.0,64970.0,Construction Laborers
31140,472073,1920.0,48150.0,52720.0,61890.0,75890.0,90310.0,Operating Engineers and Other Construction Equipment Operators
31140,472111,4340.0,37700.0,48530.0,62440.0,80950.0,85260.0,Electricians
31140,472141,590.0,37980.0,44880.0,48920.0,60580.0,64880.0,"Painters, Construction and Maintenance"
31140,472152,2780.0,48250.0,51660.0,74680.0,88420.0,94920.0,"Plumbers, Pipefitters, and Steamfitters"
31140,472181,550.0,39890.0,45290.0,49160.0,62700.0,72000.0,Roofers
31140,474011,380.0,37140.0,48830.0,63600.0,91230.0,100250.0,Construction and Building Inspectors
31140,474051,490.0,38480.0,40290.0,45570.0,48950.0,53280.0,Highway Maintenance Workers
31140,490000,30710.0,36860.0,46110.0,60060.0,75430.0,92360.0,"Installation, Maintenance, and Repair Occupations"
31140,491011,3210.0,49750.0,62390.0,78510.0,100470.0,126040.0,"First-Line Supervisors of Mechanics, Installers, and Repairers"
31140,492011,870.0,36350.0,36560.0,46160.0,55900.0,62160.0,"Computer, Automated Teller, and Office Machine Repairers"
31140,492022,560.0,41720.0,46250.0,61620.0,75010.0,94190.0,"Telecommunications Equipment Installers and Repairers, Except Line Installers"
31140,492098,490.0,47090.0,47960.0,61570.0,72860.0,75940.0,Security and Fire Alarm Systems Installers
31140,493021,650.0,30590.0,39540.0,53030.0,64920.0,83780.0,Automotive Body and Related Repairers
31140,493023,3640.0,34180.0,37240.0,47440.0,63390.0,77170.0,Automotive Service Technicians and Mechanics
31140,493031,1480.0,43680.0,50900.0,61310.0,71690.0,82370.0,Bus and Truck Mechanics and Diesel Engine Specialists
31140,493042,740.0,47000.0,58060.0,62450.0,78000.0,85290.0,"Mobile Heavy Equipment Mechanics, Except Engines"
31140,493093,450.0,30090.0,31200.0,37190.0,44240.0,50390.0,Tire Repairers and Changers
31140,499012,160.0,49570.0,59290.0,73640.0,75710.0,98080.0,"Control and Valve Installers and Repairers, Except Mechanical Door"
31140,499021,1890.0,45870.0,48220.0,58930.0,68210.0,78740.0,"Heating, Air Conditioning, and Refrigeration Mechanics and Installers"
31140,499041,3170.0,47730.0,59120.0,62590.0,77260.0,85650.0,Industrial Machinery Mechanics
31140,499052,790.0,48740.0,63470.0,75610.0,76750.0,92360.0,Telecommunications Line Installers and Repairers
31140,499062,440.0,35310.0,43260.0,62990.0,64440.0,79330.0,Medical Equipment Repairers
31140,499071,7060.0,35070.0,40920.0,48970.0,63440.0,76330.0,"Maintenance and Repair Workers, General"
31140,510000,60110.0,35230.0,39540.0,48440.0,61200.0,68120.0,Production Occupations
31140,511011,4180.0,48200.0,60230.0,75010.0,86020.0,105810.0,First-Line Supervisors of Production and Operating Workers
31140,512090,20920.0,34790.0,38840.0,48440.0,61630.0,64460.0,Miscellaneous Assemblers and Fabricators
31140,513011,610.0,27390.0,29910.0,36430.0,45320.0,50560.0,Bakers
31140,513021,460.0,27070.0,31740.0,37200.0,45460.0,48360.0,Butchers and Meat Cutters
31140,514021,460.0,37290.0,44490.0,55420.0,56160.0,59540.0,"Extruding and Drawing Machine Setters, Operators, and Tenders, Metal and Plastic"
31140,514031,3100.0,38980.0,46530.0,60230.0,66280.0,66280.0,"Cutting, Punching, and Press Machine Setters, Operators, and Tenders, Metal and Plastic"
31140,514041,990.0,40780.0,49150.0,60500.0,71430.0,79570.0,Machinists
31140,514081,1170.0,37270.0,44060.0,49180.0,57140.0,65040.0,"Multiple Machine Tool Setters, Operators, and Tenders, Metal and Plastic"
31140,514121,1790.0,41070.0,47440.0,50870.0,60330.0,70360.0,"Welders, Cutters, Solderers, and Brazers"
31140,515112,1340.0,35900.0,45440.0,48110.0,60260.0,63960.0,Printing Press Operators
31140,516011,920.0,25160.0,28890.0,30240.0,34970.0,36910.0,Laundry and Dry-Cleaning Workers
31140,518031,530.0,35640.0,46020.0,52230.0,62280.0,79740.0,Water and Wastewater Treatment Plant and System Operators
31140,519032,270.0,37620.0,42570.0,48680.0,54810.0,59380.0,"Cutting and Slicing Machine Setters, Operators, and Tenders"
31140,519061,4040.0,35610.0,39050.0,48000.0,60760.0,65500.0,"Inspectors, Testers, Sorters, Samplers, and Weighers"
31140,519111,2410.0,36340.0,39770.0,48590.0,54900.0,59280.0,Packaging and Filling Machine Operators and Tenders
31140,519161,620.0,39750.0,46540.0,50640.0,60270.0,63350.0,Computer Numerically Controlled Tool Operators
31140,519195,110.0,31980.0,38570.0,39630.0,44620.0,49270.0,"Molders, Shapers, and Casters, Except Metal and Plastic"
31140,519199,1020.0,33380.0,37710.0,40160.0,44290.0,46170.0,"Production Workers, All Other"
31140,530000,90400.0,33260.0,37600.0,46830.0,57890.0,77420.0,Transportation and Material Moving Occupations
31140,531047,4190.0,46470.0,50510.0,60440.0,75540.0,87270.0,"First-Line Supervisors of Transportation and Material Moving Workers, Except Aircraft Cargo Handling"
31140,533031,2260.0,23360.0,27450.0,39140.0,50270.0,69760.0,Driver/Sales Workers
31140,533032,10820.0,44970.0,51400.0,59000.0,74390.0,87580.0,Heavy and Tractor-Trailer Truck Drivers
31140,533033,6340.0,28330.0,38310.0,47150.0,65610.0,82050.0,Light Truck Drivers
31140,533051,1780.0,38990.0,45820.0,55640.0,75990.0,75990.0,"Bus Drivers, School"
31140,533053,940.0,26470.0,31050.0,35920.0,38780.0,46920.0,Shuttle Drivers and Chauffeurs
31140,536031,450.0,30070.0,31240.0,36240.0,37530.0,42340.0,Automotive and Watercraft Service Attendants
31140,537051,4230.0,37720.0,40650.0,46190.0,57240.0,63950.0,Industrial Truck and Tractor Operators
31140,537061,1820.0,28650.0,30120.0,34910.0,38230.0,50390.0,Cleaners of Vehicles and Equipment
31140,537062,29400.0,35190.0,38360.0,46830.0,46830.0,51200.0,"Laborers and Freight, Stock, and Material Movers, Hand"
31140,537064,2280.0,30050.0,34090.0,37500.0,45580.0,53230.0,"Packers and Packagers, Hand"
31140,537065,16410.0,31440.0,35530.0,37610.0,45150.0,59880.0,Stockers and Order Fillers
31140,113061,290.0,80870.0,102220.0,126380.0,144740.0,181740.0,Purchasing Managers
31140,119031,350.0,31470.0,37890.0,46280.0,62650.0,74570.0,"Education and Childcare Administrators, Preschool and Daycare"
31140,119033,200.0,78860.0,102240.0,138670.0,182430.0,336070.0,"Education Administrators, Postsecondary"
31140,132082,280.0,28450.0,36290.0,57220.0,76790.0,95520.0,Tax Preparers
31140,171022,150.0,45370.0,61160.0,71550.0,95540.0,113520.0,Surveyors
31140,173022,220.0,46840.0,52310.0,59710.0,72230.0,85420.0,Civil Engineering Technologists and Technicians
31140,194061,570.0,48950.0,53050.0,82500.0,106590.0,136090.0,Social Science Research Assistants
31140,211094,270.0,39790.0,46450.0,56180.0,65650.0,80480.0,Community Health Workers
31140,252012,560.0,48450.0,49800.0,61630.0,79920.0,92860.0,"Kindergarten Teachers, Except Special Education"
31140,252022,2350.0,47650.0,50170.0,61610.0,79650.0,92410.0,"Middle School Teachers, Except Special and Career/Technical Education"
31140,252057,320.0,46150.0,49390.0,60230.0,77630.0,77810.0,"Special Education Teachers, Middle School"
31140,252058,800.0,49070.0,60080.0,62290.0,79870.0,92350.0,"Special Education Teachers, Secondary School"
31140,259031,920.0,39760.0,51960.0,60670.0,80080.0,102430.0,Instructional Coordinators
31140,259099,440.0,37660.0,44640.0,79050.0,129410.0,129410.0,"Educational Instruction and Library Workers, All Other"
31140,274021,150.0,27980.0,34200.0,50000.0,59600.0,76570.0,Photographers
31140,292043,490.0,43120.0,47440.0,55760.0,63730.0,74820.0,Paramedics
31140,292057,570.0,34630.0,37210.0,44110.0,48180.0,52540.0,Ophthalmic Medical Technicians
31140,299021,400.0,37230.0,42970.0,60420.0,97820.0,107770.0,Health Information Technologists and Medical Registrars
31140,299091,240.0,45720.0,50500.0,60190.0,70600.0,73360.0,Athletic Trainers
31140,312011,170.0,48440.0,63480.0,67840.0,76880.0,78720.0,Occupational Therapy Assistants
31140,319097,780.0,37560.0,39070.0,44830.0,48030.0,48700.0,Phlebotomists
31140,333021,190.0,56620.0,65000.0,83620.0,131730.0,158060.0,Detectives and Criminal Investigators
31140,339092,880.0,20410.0,25550.0,29870.0,32240.0,33250.0,"Lifeguards, Ski Patrol, and Other Recreational Protective Service Workers"
31140,353041,1690.0,25790.0,27970.0,31780.0,36610.0,42730.0,"Food Servers, Nonrestaurant"
31140,393031,410.0,22040.0,27380.0,29040.0,31220.0,36350.0,"Ushers, Lobby Attendants, and Ticket Takers"
31140,395094,330.0,26360.0,28260.0,38750.0,46730.0,85090.0,Skincare Specialists
31140,397010,460.0,33510.0,36060.0,37800.0,45390.0,47990.0,Tour and Travel Guides
31140,433061,220.0,40330.0,46110.0,50460.0,58590.0,62260.0,Procurement Clerks
31140,435021,230.0,28070.0,28720.0,35490.0,39310.0,42650.0,Couriers and Messengers
31140,435111,520.0,38490.0,48590.0,51330.0,58050.0,58050.0,"Weighers, Measurers, Checkers, and Samplers, Recordkeeping"
31140,472042,180.0,40200.0,47860.0,50960.0,62400.0,98760.0,"Floor Layers, Except Carpet, Wood, and Hard Tiles"
31140,472211,970.0,46030.0,49450.0,61010.0,80830.0,92490.0,Sheet Metal Workers
31140,493041,180.0,31290.0,38610.0,57290.0,63290.0,77980.0,Farm Equipment Mechanics and Service Technicians
31140,499043,970.0,54800.0,62450.0,157260.0,157770.0,157960.0,"Maintenance Workers, Machinery"
31140,499044,490.0,48690.0,62600.0,76300.0,82750.0,88650.0,Millwrights
31140,499051,650.0,47510.0,59380.0,77020.0,98430.0,106120.0,Electrical Power-Line Installers and Repairers
31140,499098,230.0,29880.0,36260.0,38830.0,45890.0,50790.0,"Helpers--Installation, Maintenance, and Repair Workers"
31140,499099,420.0,38020.0,43000.0,48900.0,72090.0,81780.0,"Installation, Maintenance, and Repair Workers, All Other"
31140,513092,1320.0,33500.0,37630.0,46540.0,52020.0,58000.0,Food Batchmakers
31140,514072,1060.0,34300.0,35360.0,42510.0,51050.0,62220.0,"Molding, Coremaking, and Casting Machine Setters, Operators, and Tenders, Metal and Plastic"
31140,514111,610.0,47330.0,61640.0,75250.0,85760.0,85900.0,Tool and Die Makers
31140,516021,200.0,27550.0,30000.0,31500.0,34770.0,35920.0,"Pressers, Textile, Garment, and Related Materials"
31140,516031,440.0,24590.0,27320.0,32930.0,36530.0,43120.0,Sewing Machine Operators
31140,519011,920.0,44410.0,48460.0,63490.0,81210.0,91380.0,Chemical Equipment Operators and Tenders
31140,519124,820.0,37320.0,38650.0,48070.0,54240.0,66070.0,"Coating, Painting, and Spraying Machine Setters, Operators, and Tenders"
31140,519162,100.0,50560.0,53560.0,61600.0,72110.0,85810.0,Computer Numerically Controlled Tool Programmers
31140,519196,440.0,47390.0,51420.0,59000.0,60150.0,60930.0,"Paper Goods Machine Setters, Operators, and Tenders"
31140,519198,420.0,36310.0,40180.0,46610.0,50050.0,56890.0,Helpers--Production Workers
31140,533052,1130.0,47420.0,61070.0,61100.0,61590.0,61590.0,"Bus Drivers, Transit and Intercity"
31140,536021,580.0,23260.0,28280.0,31520.0,35810.0,39460.0,Parking Attendants
31140,537063,320.0,35530.0,37680.0,43870.0,48760.0,65440.0,Machine Feeders and Offbearers
31140,537081,500.0,34710.0,47350.0,51080.0,59770.0,61470.0,Refuse and Recyclable Material Collectors
31140,119039,70.0,49400.0,57310.0,86200.0,111340.0,154040.0,"Education Administrators, All Other"
31140,131075,310.0,44370.0,60730.0,77990.0,79610.0,98720.0,Labor Relations Specialists
31140,132041,160.0,49670.0,54540.0,63020.0,92450.0,126780.0,Credit Analysts
31140,132053,430.0,46520.0,57900.0,76450.0,101860.0,138670.0,Insurance Underwriters
31140,132061,170.0,60930.0,67830.0,87390.0,122680.0,152050.0,Financial Examiners
31140,132071,50.0,38200.0,42340.0,49390.0,57300.0,64760.0,Credit Counselors
31140,132081,50.0,50420.0,53410.0,73880.0,108890.0,122930.0,"Tax Examiners and Collectors, and Revenue Agents"
31140,132099,130.0,49940.0,54990.0,64330.0,102200.0,144580.0,"Financial Specialists, All Other"
31140,151212,650.0,60750.0,84030.0,106760.0,135790.0,160100.0,Information Security Analysts
31140,151243,150.0,81970.0,106440.0,125890.0,155570.0,174150.0,Database Architects
31140,151253,,47190.0,63850.0,79040.0,102340.0,126110.0,Software Quality Assurance Analysts and Testers
31140,152031,280.0,63890.0,67780.0,81530.0,102080.0,119220.0,Operations Research Analysts
31140,152041,80.0,88100.0,98920.0,112540.0,122930.0,141130.0,Statisticians
31140,172081,70.0,78370.0,92590.0,105370.0,126950.0,145820.0,Environmental Engineers
31140,172199,170.0,41740.0,80330.0,106300.0,133470.0,155580.0,"Engineers, All Other"
31140,173023,550.0,48540.0,48780.0,60820.0,77770.0,98270.0,Electrical and Electronic Engineering Technologists and Technicians
31140,173027,160.0,51350.0,63320.0,76310.0,95900.0,95970.0,Mechanical Engineering Technologists and Technicians
31140,173029,100.0,54700.0,67290.0,76400.0,92350.0,101900.0,"Engineering Technologists and Technicians, Except Drafters, All Other"
31140,193034,140.0,65610.0,75730.0,89190.0,113760.0,113760.0,School Psychologists
31140,194042,170.0,36910.0,43640.0,48130.0,61370.0,84990.0,"Environmental Science and Protection Technicians, Including Health"
31140,194099,150.0,44960.0,51170.0,66770.0,77200.0,97510.0,"Life, Physical, and Social Science Technicians, All Other"
31140,211029,160.0,51900.0,82410.0,105370.0,118540.0,121850.0,"Social Workers, All Other"
31140,211099,60.0,35380.0,49930.0,60290.0,63330.0,65510.0,"Community and Social Service Specialists, All Other"
31140,212011,170.0,42610.0,47640.0,56760.0,63320.0,71930.0,Clergy
31140,231023,100.0,105840.0,141750.0,156550.0,172300.0,183000.0,"Judges, Magistrate Judges, and Magistrates"
31140,232093,140.0,38470.0,42990.0,52130.0,59340.0,80040.0,"Title Examiners, Abstractors, and Searchers"
31140,232099,50.0,49940.0,57160.0,60860.0,88210.0,174800.0,"Legal Support Workers, All Other"
31140,251042,70.0,47230.0,58360.0,71450.0,98510.0,134630.0,"Biological Science Teachers, Postsecondary"
31140,251081,100.0,37330.0,47380.0,61360.0,76940.0,101530.0,"Education Teachers, Postsecondary"
31140,252032,40.0,46990.0,54790.0,60910.0,78700.0,78970.0,"Career/Technical Education Teachers, Secondary School"
31140,252059,30.0,48540.0,62440.0,81330.0,84500.0,93130.0,"Special Education Teachers, All Other"
31140,253011,60.0,34700.0,41380.0,49080.0,53300.0,62580.0,"Adult Basic Education, Adult Secondary Education, and English as a Second Language Instructors"
31140,253041,420.0,29060.0,29730.0,34260.0,40020.0,47130.0,Tutors
31140,271023,150.0,25540.0,29660.0,35700.0,40800.0,46250.0,Floral Designers
31140,273043,130.0,39930.0,45670.0,52520.0,66980.0,74250.0,Writers and Authors
31140,291151,710.0,211800.0,211800.0,222520.0,222530.0,310480.0,Nurse Anesthetists
31140,291215,280.0,138750.0,210780.0,280050.0,333060.0,578460.0,Family Medicine Physicians
31140,291224,,106760.0,222820.0,279990.0,279990.0,839600.0,Radiologists
31140,292033,90.0,76150.0,97590.0,105460.0,121290.0,125040.0,Nuclear Medicine Technologists
31140,319099,190.0,37120.0,44950.0,52440.0,60020.0,71270.0,"Healthcare Support Workers, All Other"
31140,331021,500.0,44110.0,47470.0,58310.0,77060.0,100270.0,First-Line Supervisors of Firefighting and Prevention Workers
31140,332021,40.0,48520.0,49670.0,57710.0,57770.0,81790.0,Fire Inspectors and Investigators
31140,339099,170.0,30330.0,35780.0,40820.0,55750.0,70900.0,"Protective Service Workers, All Other"
31140,372021,400.0,30980.0,36310.0,44170.0,48070.0,62840.0,Pest Control Workers
31140,394021,130.0,27700.0,29160.0,33190.0,35790.0,46530.0,Funeral Attendants
31140,419011,240.0,31470.0,31470.0,35140.0,62400.0,66700.0,Demonstrators and Product Promoters
31140,419021,110.0,,,,,,Real Estate Brokers
31140,419099,120.0,26900.0,39230.0,58670.0,70810.0,77860.0,"Sales and Related Workers, All Other"
31140,435053,670.0,42600.0,47440.0,56390.0,64670.0,75030.0,"Postal Service Mail Sorters, Processors, and Processing Machine Operators"
31140,439051,240.0,28520.0,35430.0,39990.0,45010.0,47490.0,"Mail Clerks and Mail Machine Operators, Except Postal Service"
31140,439199,150.0,33210.0,46600.0,51020.0,65090.0,79580.0,"Office and Administrative Support Workers, All Other"
31140,472021,280.0,38610.0,52320.0,61100.0,70460.0,77960.0,Brickmasons and Blockmasons
31140,492094,200.0,38490.0,61520.0,62930.0,64280.0,84140.0,"Electrical and Electronics Repairers, Commercial and Industrial Equipment"
31140,493011,470.0,37610.0,55820.0,76800.0,97990.0,158690.0,Aircraft Mechanics and Service Technicians
31140,512028,870.0,37330.0,38940.0,42810.0,43480.0,58480.0,"Electrical, Electronic, and Electromechanical Assemblers, Except Coil Winders, Tapers, and Finishers"
31140,518092,60.0,51500.0,60860.0,78730.0,95100.0,99630.0,Gas Plant Operators
31140,519023,400.0,38760.0,42000.0,48610.0,56130.0,62610.0,"Mixing and Blending Machine Setters, Operators, and Tenders"
31140,537011,230.0,39180.0,39200.0,43350.0,55100.0,57430.0,Conveyor Operators and Tenders
31140,537121,60.0,30750.0,44850.0,63100.0,72750.0,91000.0,"Tank Car, Truck, and Ship Loaders"
31140,112011,130.0,64970.0,85100.0,117010.0,145820.0,161610.0,Advertising and Promotions Managers
31140,112032,220.0,82740.0,92560.0,115000.0,157240.0,169230.0,Public Relations Managers
31140,112033,50.0,76540.0,95360.0,126620.0,154920.0,207560.0,Fundraising Managers
31140,113111,60.0,78110.0,103630.0,127730.0,155460.0,258850.0,Compensation and Benefits Managers
31140,113131,200.0,69900.0,94880.0,117660.0,135980.0,165140.0,Training and Development Managers
31140,119072,120.0,44990.0,57200.0,80920.0,99990.0,132710.0,"Entertainment and Recreation Managers, Except Gambling"
31140,119081,,50310.0,50340.0,66910.0,86540.0,100050.0,Lodging Managers
31140,119131,40.0,88400.0,94100.0,98080.0,102960.0,109720.0,Postmasters and Mail Superintendents
31140,119161,40.0,57030.0,59650.0,78050.0,94490.0,123210.0,Emergency Management Directors
31140,119171,80.0,36920.0,41300.0,59500.0,82850.0,134420.0,Funeral Home Managers
31140,132031,100.0,63130.0,73920.0,87770.0,100320.0,126440.0,Budget Analysts
31140,132054,110.0,46490.0,53510.0,64290.0,88960.0,104130.0,Financial Risk Specialists
31140,151254,90.0,54190.0,67510.0,80870.0,108720.0,144870.0,Web Developers
31140,151255,290.0,53420.0,67540.0,76280.0,93600.0,135760.0,Web and Digital Interface Designers
31140,171012,60.0,44800.0,55920.0,75870.0,94300.0,112970.0,Landscape Architects
31140,172041,40.0,75130.0,89990.0,110960.0,122060.0,189200.0,Chemical Engineers
31140,172061,160.0,82080.0,102860.0,126180.0,126180.0,126190.0,Computer Hardware Engineers
31140,172072,330.0,67410.0,77670.0,127610.0,132700.0,151270.0,"Electronics Engineers, Except Computer"
31140,172111,90.0,,,,,,"Health and Safety Engineers, Except Mining Safety Engineers and Inspectors"
31140,172131,40.0,75510.0,84610.0,100420.0,113120.0,124470.0,Materials Engineers
31140,173012,30.0,55910.0,66860.0,77100.0,83810.0,95390.0,Electrical and Electronics Drafters
31140,173013,230.0,47520.0,56580.0,73030.0,74990.0,99380.0,Mechanical Drafters
31140,173024,30.0,48290.0,48290.0,58810.0,65270.0,83190.0,Electro-Mechanical and Mechatronics Technologists and Technicians
31140,173025,,38490.0,46180.0,46660.0,52300.0,62870.0,Environmental Engineering Technologists and Technicians
31140,173028,60.0,44990.0,55640.0,60100.0,61750.0,71920.0,Calibration Technologists and Technicians
31140,191012,30.0,50490.0,56500.0,74150.0,100310.0,137650.0,Food Scientists and Technologists
31140,191029,50.0,61110.0,78850.0,88610.0,100420.0,109300.0,"Biological Scientists, All Other"
31140,192032,40.0,45690.0,60690.0,60690.0,74950.0,105540.0,Materials Scientists
31140,193099,40.0,54480.0,61670.0,83780.0,105370.0,122930.0,"Social Scientists and Related Workers, All Other"
31140,194013,60.0,53730.0,68550.0,84320.0,84390.0,86340.0,Food Science Technicians
31140,211013,140.0,48270.0,49140.0,49140.0,58910.0,73260.0,Marriage and Family Therapists
31140,212021,110.0,,,,,,"Directors, Religious Activities and Education"
31140,251021,40.0,50700.0,58380.0,71180.0,99630.0,104830.0,"Computer Science Teachers, Postsecondary"
31140,251022,60.0,47150.0,61090.0,62940.0,72310.0,93200.0,"Mathematical Science Teachers, Postsecondary"
31140,251052,40.0,49850.0,62820.0,63370.0,81980.0,97750.0,"Chemistry Teachers, Postsecondary"
31140,251066,80.0,44870.0,58270.0,78670.0,80550.0,105400.0,"Psychology Teachers, Postsecondary"
31140,251122,50.0,34690.0,49070.0,61540.0,73290.0,82140.0,"Communications Teachers, Postsecondary"
31140,251123,80.0,39330.0,49180.0,63050.0,75880.0,168720.0,"English Language and Literature Teachers, Postsecondary"
31140,251125,40.0,35400.0,51310.0,58700.0,68720.0,83360.0,"History Teachers, Postsecondary"
31140,254012,40.0,34420.0,44700.0,58510.0,81210.0,81750.0,Curators
31140,254013,40.0,30530.0,36030.0,52800.0,57900.0,74770.0,Museum Technicians and Conservators
31140,259044,530.0,28700.0,31240.0,43430.0,49680.0,51890.0,"Teaching Assistants, Postsecondary"
31140,271011,130.0,50180.0,61270.0,87570.0,121940.0,151070.0,Art Directors
31140,271014,30.0,47990.0,48530.0,50960.0,60750.0,75250.0,Special Effects Artists and Animators
31140,271021,210.0,64520.0,69110.0,78140.0,85700.0,104610.0,Commercial and Industrial Designers
31140,271025,210.0,38690.0,48630.0,60020.0,67180.0,83220.0,Interior Designers
31140,272023,140.0,31490.0,31490.0,40840.0,60990.0,75650.0,"Umpires, Referees, and Other Sports Officials"
31140,272042,50.0,,,,,,Musicians and Singers
31140,273023,150.0,33930.0,46650.0,60150.0,76340.0,124990.0,"News Analysts, Reporters, and Journalists"
31140,273041,230.0,,,,,,Editors
31140,273042,,57320.0,60910.0,89260.0,99240.0,104830.0,Technical Writers
31140,273091,170.0,37510.0,47340.0,53590.0,64200.0,75800.0,Interpreters and Translators
31140,274014,30.0,35370.0,56730.0,74100.0,76580.0,81710.0,Sound Engineering Technicians
31140,274031,60.0,45300.0,47330.0,50550.0,54860.0,64330.0,"Camera Operators, Television, Video, and Film"
31140,274032,30.0,45010.0,47990.0,67620.0,82920.0,82920.0,Film and Video Editors
31140,291011,160.0,36510.0,63640.0,85020.0,111040.0,118620.0,Chiropractors
31140,291041,230.0,96370.0,127620.0,135720.0,159680.0,197330.0,Optometrists
31140,291081,30.0,40280.0,73050.0,127300.0,261140.0,295480.0,Podiatrists
31140,291124,90.0,56010.0,85030.0,100410.0,105180.0,129770.0,Radiation Therapists
31140,291125,50.0,41330.0,51870.0,61840.0,72150.0,78730.0,Recreational Therapists
31140,291129,40.0,34540.0,38490.0,46790.0,67200.0,81690.0,"Therapists, All Other"
31140,291181,50.0,51670.0,64050.0,80960.0,103480.0,114080.0,Audiologists
31140,291211,500.0,119990.0,119990.0,491640.0,491640.0,491640.0,Anesthesiologists
31140,291212,310.0,,,,,,Cardiologists
31140,291214,180.0,149180.0,161120.0,169390.0,293630.0,473470.0,Emergency Medicine Physicians
31140,291218,40.0,77600.0,211430.0,374080.0,402110.0,571430.0,Obstetricians and Gynecologists
31140,291222,,157070.0,275130.0,329970.0,329970.0,329970.0,"Physicians, Pathologists"
31140,291223,60.0,166420.0,237770.0,237770.0,238000.0,356830.0,Psychiatrists
31140,291299,50.0,73920.0,84640.0,88610.0,97470.0,119430.0,"Healthcare Diagnosing or Treating Practitioners, All Other"
31140,292031,290.0,40040.0,45620.0,73060.0,97110.0,121590.0,Cardiovascular Technologists and Technicians
31140,292051,110.0,26210.0,27730.0,28970.0,32820.0,36680.0,Dietetic Technicians
31140,292092,30.0,39150.0,44970.0,51530.0,78520.0,80200.0,Hearing Aid Specialists
31140,299093,140.0,39310.0,47470.0,51350.0,93600.0,123850.0,Surgical Assistants
31140,299099,60.0,52450.0,79450.0,105370.0,116170.0,134160.0,"Healthcare Practitioners and Technical Workers, All Other"
31140,311132,280.0,34370.0,35260.0,36170.0,36270.0,40500.0,Orderlies
31140,312022,90.0,25500.0,29830.0,30370.0,41010.0,46910.0,Physical Therapist Aides
31140,319094,170.0,30230.0,35480.0,43940.0,48510.0,62400.0,Medical Transcriptionists
31140,319095,220.0,33980.0,34440.0,34730.0,37970.0,43680.0,Pharmacy Aides
31140,331011,200.0,46830.0,49870.0,67840.0,73830.0,78820.0,First-Line Supervisors of Correctional Officers
31140,331099,60.0,35470.0,39340.0,68110.0,80000.0,91170.0,"First-Line Supervisors of Protective Service Workers, All Other"
31140,333011,40.0,30830.0,33420.0,37970.0,44310.0,46480.0,Bailiffs
31140,339011,50.0,29390.0,30410.0,37340.0,47100.0,52430.0,Animal Control Workers
31140,339021,110.0,39370.0,41780.0,49420.0,64080.0,86150.0,Private Detectives and Investigators
31140,339031,40.0,36540.0,36540.0,43600.0,96990.0,111990.0,Gambling Surveillance Officers and Gambling Investigators
31140,339093,150.0,45640.0,49940.0,61110.0,63130.0,67200.0,Transportation Security Screeners
31140,339094,150.0,28090.0,30240.0,31860.0,34740.0,35150.0,School Bus Monitors
31140,391013,70.0,49920.0,59980.0,59980.0,72210.0,74210.0,First-Line Supervisors of Gambling Services Workers
31140,393012,50.0,24370.0,26740.0,35580.0,38420.0,49640.0,Gambling and Sports Book Writers and Runners
31140,394031,110.0,28350.0,32340.0,48140.0,62650.0,77940.0,"Morticians, Undertakers, and Funeral Arrangers"
31140,395092,130.0,32440.0,32440.0,46340.0,56220.0,65430.0,Manicurists and Pedicurists
31140,396012,130.0,24680.0,28310.0,32370.0,37770.0,49780.0,Concierges
31140,399099,,32710.0,36400.0,37740.0,38470.0,49360.0,"Personal Care and Service Workers, All Other"
31140,413041,100.0,37350.0,45910.0,50010.0,60000.0,127420.0,Travel Agents
31140,419031,130.0,65680.0,78280.0,90190.0,112010.0,150010.0,Sales Engineers
31140,432011,110.0,36820.0,37560.0,39020.0,44770.0,45260.0,"Switchboard Operators, Including Answering Service"
31140,433041,50.0,32390.0,35170.0,38340.0,38340.0,46790.0,Gambling Cage Workers
31140,434011,110.0,49120.0,52030.0,57200.0,58540.0,91020.0,Brokerage Clerks
31140,434141,,36910.0,39410.0,48850.0,50700.0,68120.0,New Accounts Clerks
31140,434151,450.0,34750.0,35740.0,43580.0,46950.0,52660.0,Order Clerks
31140,434181,270.0,37300.0,39090.0,45240.0,59140.0,78170.0,Reservation and Transportation Ticket Agents and Travel Clerks
31140,435011,1310.0,39530.0,42080.0,49480.0,58340.0,75310.0,Cargo and Freight Agents
31140,439071,100.0,34200.0,45660.0,48060.0,49440.0,58430.0,"Office Machine Operators, Except Computer"
31140,439081,40.0,41200.0,41200.0,44160.0,52480.0,78220.0,Proofreaders and Copy Markers
31140,451011,50.0,29290.0,37650.0,51990.0,80050.0,91030.0,"First-Line Supervisors of Farming, Fishing, and Forestry Workers"
31140,452011,30.0,34820.0,36650.0,49940.0,57390.0,59950.0,Agricultural Inspectors
31140,452092,110.0,27310.0,29790.0,33990.0,36390.0,42740.0,"Farmworkers and Laborers, Crop, Nursery, and Greenhouse"
31140,452093,90.0,23620.0,32970.0,36400.0,45080.0,49780.0,"Farmworkers, Farm, Ranch, and Aquacultural Animals"
31140,472044,50.0,35890.0,44550.0,47520.0,54970.0,57440.0,Tile and Stone Setters
31140,472071,60.0,39600.0,48040.0,58840.0,65930.0,88410.0,"Paving, Surfacing, and Tamping Equipment Operators"
31140,472081,230.0,23020.0,23020.0,45990.0,52070.0,60820.0,Drywall and Ceiling Tile Installers
31140,472121,260.0,45470.0,48170.0,55170.0,58930.0,60840.0,Glaziers
31140,472131,190.0,41670.0,46440.0,56110.0,74860.0,79110.0,"Insulation Workers, Floor, Ceiling, and Wall"
31140,472132,,42630.0,46140.0,47540.0,61430.0,75130.0,"Insulation Workers, Mechanical"
31140,472151,40.0,49890.0,52120.0,52550.0,57010.0,71380.0,Pipelayers
31140,472221,310.0,51400.0,60280.0,69280.0,78590.0,88050.0,Structural Iron and Steel Workers
31140,473013,260.0,37160.0,39520.0,44800.0,45040.0,50760.0,Helpers--Electricians
31140,473015,440.0,35880.0,38400.0,45200.0,47050.0,47200.0,"Helpers--Pipelayers, Plumbers, Pipefitters, and Steamfitters"
31140,474041,150.0,44380.0,45360.0,48050.0,61030.0,63670.0,Hazardous Materials Removal Workers
31140,474071,80.0,38660.0,38660.0,44680.0,49070.0,65710.0,Septic Tank Servicers and Sewer Pipe Cleaners
31140,475022,240.0,40200.0,44450.0,61140.0,71460.0,87940.0,"Excavating and Loading Machine and Dragline Operators, Surface Mining"
31140,475032,50.0,26630.0,26640.0,83750.0,127970.0,132910.0,"Explosives Workers, Ordnance Handling Experts, and Blasters"
31140,492021,60.0,46550.0,49710.0,49860.0,63980.0,69570.0,"Radio, Cellular, and Tower Equipment Installers and Repairers"
31140,492091,,42420.0,42430.0,42440.0,42440.0,47640.0,Avionics Technicians
31140,492092,120.0,42200.0,48790.0,48900.0,61470.0,62400.0,"Electric Motor, Power Tool, and Related Repairers"
31140,493022,50.0,40500.0,45300.0,47890.0,57600.0,64840.0,Automotive Glass Installers and Repairers
31140,493051,50.0,35830.0,41740.0,55280.0,62790.0,71740.0,Motorboat Mechanics and Service Technicians
31140,493053,160.0,34300.0,35940.0,44810.0,50550.0,62170.0,Outdoor Power Equipment and Other Small Engine Mechanics
31140,499011,140.0,44960.0,49150.0,60220.0,75720.0,75940.0,Mechanical Door Repairers
31140,499031,120.0,34770.0,41640.0,57660.0,80240.0,81770.0,Home Appliance Repairers
31140,499091,80.0,35320.0,40640.0,48750.0,55970.0,62470.0,"Coin, Vending, and Amusement Machine Servicers and Repairers"
31140,512041,380.0,48800.0,55250.0,55250.0,60760.0,60760.0,Structural Metal Fabricators and Fitters
31140,513022,310.0,38940.0,38990.0,44280.0,45590.0,45590.0,"Meat, Poultry, and Fish Cutters and Trimmers"
31140,513091,50.0,29370.0,33330.0,35290.0,50160.0,60190.0,"Food and Tobacco Roasting, Baking, and Drying Machine Operators and Tenders"
31140,513093,80.0,31690.0,40120.0,40150.0,43030.0,57630.0,Food Cooking Machine Operators and Tenders
31140,513099,70.0,38190.0,41820.0,44610.0,44610.0,45140.0,"Food Processing Workers, All Other"
31140,514023,550.0,39180.0,43180.0,50400.0,55410.0,55410.0,"Rolling Machine Setters, Operators, and Tenders, Metal and Plastic"
31140,514032,,49580.0,51740.0,51740.0,51740.0,51890.0,"Drilling and Boring Machine Tool Setters, Operators, and Tenders, Metal and Plastic"
31140,514033,220.0,37500.0,39990.0,48620.0,50800.0,59910.0,"Grinding, Lapping, Polishing, & Buffing Machine Tool Setters, Operators, & Tenders, Metal & Plastic"
31140,514034,100.0,37530.0,42020.0,51900.0,52050.0,55440.0,"Lathe and Turning Machine Tool Setters, Operators, and Tenders, Metal and Plastic"
31140,514035,90.0,45760.0,50560.0,66440.0,66440.0,66440.0,"Milling and Planing Machine Setters, Operators, and Tenders, Metal and Plastic"
31140,514051,80.0,32900.0,39450.0,39450.0,60360.0,63060.0,Metal-Refining Furnace Operators and Tenders
31140,514122,460.0,39890.0,47800.0,50740.0,57360.0,64700.0,"Welding, Soldering, and Brazing Machine Setters, Operators, and Tenders"
31140,514191,90.0,38420.0,42610.0,47160.0,64570.0,64570.0,"Heat Treating Equipment Setters, Operators, and Tenders, Metal and Plastic"
31140,514193,140.0,28150.0,28420.0,38240.0,49190.0,57880.0,"Plating Machine Setters, Operators, and Tenders, Metal and Plastic"
31140,515111,380.0,37700.0,44740.0,47270.0,49630.0,62120.0,Prepress Technicians and Workers
31140,515113,250.0,30280.0,38020.0,46120.0,46160.0,59840.0,Print Binding and Finishing Workers
31140,516052,100.0,31620.0,31620.0,34390.0,37380.0,44880.0,"Tailors, Dressmakers, and Custom Sewers"
31140,516093,50.0,38650.0,45080.0,45090.0,45090.0,50080.0,Upholsterers
31140,517011,510.0,36150.0,38270.0,45830.0,48480.0,60470.0,Cabinetmakers and Bench Carpenters
31140,517041,280.0,34500.0,37990.0,40010.0,46500.0,54430.0,"Sawing Machine Setters, Operators, and Tenders, Wood"
31140,517042,400.0,35830.0,37640.0,46480.0,47990.0,55670.0,"Woodworking Machine Setters, Operators, and Tenders, Except Sawing"
31140,518013,120.0,74120.0,87350.0,104120.0,112150.0,118500.0,Power Plant Operators
31140,518021,30.0,60520.0,66770.0,78800.0,86310.0,88900.0,Stationary Engineers and Boiler Operators
31140,518099,30.0,66410.0,70840.0,71800.0,77690.0,94120.0,"Plant and System Operators, All Other"
31140,519012,750.0,49720.0,50490.0,59220.0,59920.0,71960.0,"Separating, Filtering, Clarifying, Precipitating, and Still Machine Setters, Operators, and Tenders"
31140,519021,60.0,36890.0,41650.0,48230.0,60630.0,68320.0,"Crushing, Grinding, and Polishing Machine Setters, Operators, and Tenders"
31140,519041,280.0,33430.0,37570.0,47410.0,50900.0,62800.0,"Extruding, Forming, Pressing, and Compacting Machine Setters, Operators, and Tenders"
31140,519051,70.0,45900.0,62560.0,81840.0,81850.0,84050.0,"Furnace, Kiln, Oven, Drier, and Kettle Operators and Tenders"
31140,519071,70.0,28230.0,35660.0,50690.0,62830.0,93860.0,Jewelers and Precious Stone and Metal Workers
31140,519081,190.0,23390.0,38650.0,49920.0,58740.0,79610.0,Dental Laboratory Technicians
31140,519191,100.0,36000.0,36410.0,43820.0,55990.0,56370.0,Adhesive Bonding Machine Operators and Tenders
31140,519192,120.0,35820.0,35830.0,35850.0,41440.0,48610.0,"Cleaning, Washing, and Metal Pickling Equipment Operators and Tenders"
31140,519194,50.0,32000.0,35940.0,35940.0,41780.0,46830.0,Etchers and Engravers
31140,532012,430.0,91070.0,125460.0,193940.0,355390.0,355390.0,Commercial Pilots
31140,533099,130.0,21170.0,22350.0,26200.0,63680.0,64300.0,"Motor Vehicle Operators, All Other"
31140,535011,560.0,34470.0,40790.0,62650.0,64330.0,102210.0,Sailors and Marine Oilers
31140,535021,800.0,59220.0,81290.0,130380.0,163120.0,212820.0,"Captains, Mates, and Pilots of Water Vessels"
31140,536032,140.0,32830.0,36850.0,37770.0,46220.0,82580.0,Aircraft Service Attendants
31140,536051,110.0,63320.0,73920.0,106330.0,128670.0,149430.0,Transportation Inspectors
31140,537021,170.0,38810.0,48360.0,80850.0,89660.0,92590.0,Crane and Tower Operators
31140,172011,120.0,100440.0,103440.0,126130.0,166300.0,192640.0,Aerospace Engineers
31140,272021,,40180.0,42910.0,63650.0,80620.0,137370.0,Athletes and Sports Competitors
31140,518093,50.0,37630.0,59690.0,97210.0,101140.0,104590.0,"Petroleum Pump System Operators, Refinery Operators, and Gaugers"
31140,493092,40.0,37500.0,49020.0,53290.0,63920.0,66510.0,Recreational Vehicle Service Technicians
31140,492096,40.0,42740.0,46390.0,60900.0,65960.0,67790.0,"Electronic Equipment Installers and Repairers, Motor Vehicles"
31140,519123,120.0,27460.0,27460.0,37170.0,43930.0,61750.0,"Painting, Coating, and Decorating Workers"
31140,192021,40.0,65150.0,78000.0,103240.0,133000.0,190420.0,Atmospheric and Space Scientists
31140,394012,30.0,36950.0,37740.0,37750.0,41170.0,55180.0,Crematory Operators
31140,396011,100.0,15910.0,31410.0,35410.0,37430.0,44130.0,Baggage Porters and Bellhops
31140,474021,,39420.0,42670.0,42670.0,43070.0,78620.0,Elevator and Escalator Installers and Repairers
31140,519083,140.0,28100.0,28860.0,28890.0,35250.0,36230.0,Ophthalmic Laboratory Technicians
31140,394011,80.0,34600.0,34910.0,45740.0,55310.0,68440.0,Embalmers
31140,439111,320.0,39890.0,42060.0,45660.0,49730.0,58430.0,Statistical Assistants
31900,000000,48770.0,27390.0,34220.0,44700.0,62680.0,90210.0,All Occupations
31900,110000,2930.0,47300.0,63090.0,91800.0,124880.0,168020.0,Management Occupations
31900,111021,1210.0,41320.0,56290.0,79560.0,120140.0,174820.0,General and Operations Managers
31900,112021,50.0,72390.0,88410.0,105150.0,151150.0,183420.0,Marketing Managers
31900,112022,130.0,68960.0,83030.0,124990.0,163910.0,215220.0,Sales Managers
31900,113012,60.0,57990.0,66700.0,78540.0,98110.0,112800.0,Administrative Services Managers
31900,113013,50.0,48670.0,63570.0,91860.0,109140.0,135290.0,Facilities Managers
31900,113021,50.0,78530.0,97250.0,126410.0,171450.0,213660.0,Computer and Information Systems Managers
31900,113031,130.0,72010.0,85440.0,118040.0,157440.0,231700.0,Financial Managers
31900,113051,170.0,63690.0,78440.0,100480.0,125690.0,157680.0,Industrial Production Managers
31900,113071,60.0,60690.0,70210.0,93600.0,122010.0,138560.0,"Transportation, Storage, and Distribution Managers"
31900,113121,40.0,69490.0,92510.0,129930.0,156410.0,207520.0,Human Resources Managers
31900,119021,110.0,61970.0,76750.0,99390.0,127220.0,157040.0,Construction Managers
31900,119032,160.0,57030.0,72710.0,94260.0,101010.0,122570.0,"Education Administrators, Kindergarten through Secondary"
31900,119041,50.0,89620.0,103130.0,130900.0,159070.0,171900.0,Architectural and Engineering Managers
31900,119051,60.0,48690.0,57600.0,62040.0,73850.0,87800.0,Food Service Managers
31900,119111,210.0,63090.0,73410.0,97350.0,133350.0,154220.0,Medical and Health Services Managers
31900,119141,60.0,32850.0,46790.0,49030.0,57520.0,89990.0,"Property, Real Estate, and Community Association Managers"
31900,119151,60.0,45750.0,58250.0,74520.0,92780.0,104220.0,Social and Community Service Managers
31900,119199,40.0,47300.0,79770.0,93530.0,132550.0,165030.0,"Managers, All Other"
31900,130000,1580.0,39910.0,49990.0,65300.0,83620.0,107950.0,Business and Financial Operations Occupations
31900,131020,120.0,43960.0,49770.0,62350.0,78550.0,98660.0,Buyers and Purchasing Agents
31900,131041,60.0,45150.0,49420.0,63320.0,78850.0,107950.0,Compliance Officers
31900,131051,70.0,43210.0,56060.0,72290.0,87310.0,100510.0,Cost Estimators
31900,131071,190.0,39520.0,47310.0,60430.0,75400.0,94190.0,Human Resources Specialists
31900,131081,50.0,50560.0,61090.0,75180.0,90800.0,104160.0,Logisticians
31900,131082,120.0,49770.0,62740.0,79290.0,98340.0,134740.0,Project Management Specialists
31900,131111,50.0,58830.0,66180.0,80070.0,102920.0,118310.0,Management Analysts
31900,131121,30.0,22260.0,27070.0,38440.0,49690.0,74700.0,"Meeting, Convention, and Event Planners"
31900,131151,120.0,29720.0,36540.0,54210.0,74440.0,87520.0,Training and Development Specialists
31900,131161,110.0,35950.0,43990.0,56550.0,74390.0,88640.0,Market Research Analysts and Marketing Specialists
31900,131199,90.0,39580.0,52330.0,68060.0,90060.0,109820.0,"Business Operations Specialists, All Other"
31900,132011,260.0,47120.0,57000.0,67280.0,90290.0,114020.0,Accountants and Auditors
31900,132052,50.0,43550.0,58740.0,78360.0,122940.0,192040.0,Personal Financial Advisors
31900,132072,50.0,32840.0,40680.0,60750.0,82840.0,106820.0,Loan Officers
31900,150000,510.0,43180.0,53260.0,71970.0,98250.0,128750.0,Computer and Mathematical Occupations
31900,151211,50.0,,,,,,Computer Systems Analysts
31900,151231,70.0,43000.0,49360.0,60160.0,74520.0,91250.0,Computer Network Support Specialists
31900,151232,110.0,36410.0,43180.0,48520.0,64040.0,75280.0,Computer User Support Specialists
31900,151244,70.0,48040.0,50810.0,66980.0,83300.0,101100.0,Network and Computer Systems Administrators
31900,151252,90.0,59200.0,73470.0,99560.0,129800.0,167440.0,Software Developers
31900,151299,50.0,65600.0,79770.0,87480.0,101770.0,121040.0,"Computer Occupations, All Other"
31900,170000,670.0,47190.0,59590.0,76390.0,96770.0,116830.0,Architecture and Engineering Occupations
31900,172051,40.0,64290.0,75470.0,84700.0,99790.0,128810.0,Civil Engineers
31900,172071,40.0,71210.0,72210.0,93800.0,101900.0,116600.0,Electrical Engineers
31900,172112,220.0,61980.0,76460.0,90680.0,100730.0,129960.0,Industrial Engineers
31900,172141,80.0,58460.0,72850.0,88770.0,96770.0,104390.0,Mechanical Engineers
31900,173026,110.0,41820.0,43460.0,51780.0,62660.0,77950.0,Industrial Engineering Technologists and Technicians
31900,190000,180.0,42350.0,53210.0,74640.0,100540.0,126690.0,"Life, Physical, and Social Science Occupations"
31900,195011,50.0,56740.0,65530.0,92020.0,116000.0,133310.0,Occupational Health and Safety Specialists
31900,210000,1030.0,34620.0,39680.0,48080.0,63550.0,79340.0,Community and Social Service Occupations
31900,211012,130.0,39340.0,45630.0,58050.0,77400.0,93890.0,"Educational, Guidance, and Career Counselors and Advisors"
31900,211015,30.0,22260.0,34630.0,56970.0,67810.0,94370.0,Rehabilitation Counselors
31900,211018,200.0,38300.0,45290.0,53650.0,62060.0,79190.0,"Substance Abuse, Behavioral Disorder, and Mental Health Counselors"
31900,211021,140.0,37350.0,42780.0,47310.0,55980.0,57570.0,"Child, Family, and School Social Workers"
31900,211022,80.0,43710.0,46540.0,58350.0,67780.0,83030.0,Healthcare Social Workers
31900,211023,70.0,32160.0,37130.0,43980.0,59120.0,73820.0,Mental Health and Substance Abuse Social Workers
31900,211092,50.0,48080.0,48080.0,60900.0,74340.0,81330.0,Probation Officers and Correctional Treatment Specialists
31900,211093,160.0,27610.0,31600.0,35020.0,38430.0,47050.0,Social and Human Service Assistants
31900,230000,150.0,38950.0,47910.0,73180.0,102850.0,156020.0,Legal Occupations
31900,231011,80.0,52110.0,69230.0,79820.0,118620.0,175590.0,Lawyers
31900,232011,30.0,36260.0,41790.0,47150.0,61910.0,72910.0,Paralegals and Legal Assistants
31900,250000,3090.0,29700.0,40010.0,58860.0,77770.0,93590.0,Educational Instruction and Library Occupations
31900,251194,40.0,38290.0,46800.0,76420.0,78830.0,89560.0,"Career/Technical Education Teachers, Postsecondary"
31900,252011,100.0,23800.0,24590.0,28620.0,36200.0,47270.0,"Preschool Teachers, Except Special Education"
31900,252021,410.0,37710.0,48370.0,63980.0,77860.0,93450.0,"Elementary School Teachers, Except Special Education"
31900,252031,620.0,45480.0,50840.0,73490.0,82910.0,95040.0,"Secondary School Teachers, Except Special and Career/Technical Education"
31900,252052,70.0,44400.0,48320.0,63400.0,78140.0,92040.0,"Special Education Teachers, Kindergarten and Elementary School"
31900,253021,70.0,22630.0,25180.0,37760.0,43950.0,64230.0,Self-Enrichment Teachers
31900,253031,100.0,28770.0,28950.0,29370.0,31990.0,36640.0,"Substitute Teachers, Short-Term"
31900,254022,80.0,46190.0,51650.0,58860.0,70640.0,75560.0,Librarians and Media Collections Specialists
31900,254031,70.0,33810.0,38420.0,42860.0,47520.0,54370.0,Library Technicians
31900,259045,370.0,24260.0,28530.0,35470.0,38190.0,45010.0,"Teaching Assistants, Except Postsecondary"
31900,270000,540.0,28140.0,34630.0,36970.0,49770.0,70800.0,"Arts, Design, Entertainment, Sports, and Media Occupations"
31900,271024,50.0,36340.0,45400.0,56990.0,67140.0,76150.0,Graphic Designers
31900,271026,190.0,33770.0,36720.0,36720.0,36720.0,40420.0,Merchandise Displayers and Window Trimmers
31900,272022,120.0,25640.0,28400.0,37080.0,48260.0,65300.0,Coaches and Scouts
31900,290000,3540.0,40720.0,55320.0,77470.0,101450.0,144560.0,Healthcare Practitioners and Technical Occupations
31900,291021,40.0,123160.0,128560.0,163980.0,193340.0,281720.0,"Dentists, General"
31900,291051,90.0,70770.0,119140.0,130380.0,149150.0,163070.0,Pharmacists
31900,291071,60.0,46050.0,97640.0,120290.0,134680.0,155920.0,Physician Assistants
31900,291122,40.0,58250.0,68790.0,78420.0,98100.0,111610.0,Occupational Therapists
31900,291123,60.0,76660.0,77990.0,95560.0,110330.0,123040.0,Physical Therapists
31900,291126,50.0,56390.0,65710.0,72860.0,81250.0,90070.0,Respiratory Therapists
31900,291127,50.0,64560.0,64560.0,77570.0,96670.0,115140.0,Speech-Language Pathologists
31900,291141,1160.0,62580.0,76360.0,81300.0,101450.0,101450.0,Registered Nurses
31900,291171,150.0,96290.0,108040.0,121870.0,127580.0,134440.0,Nurse Practitioners
31900,291229,170.0,170770.0,269790.0,478020.0,478020.0,538460.0,"Physicians, All Other"
31900,291292,90.0,77830.0,78940.0,84640.0,91940.0,96320.0,Dental Hygienists
31900,292010,110.0,40720.0,44650.0,48340.0,60530.0,80800.0,Clinical Laboratory Technologists and Technicians
31900,292034,90.0,61490.0,63670.0,76380.0,85270.0,100560.0,Radiologic Technologists and Technicians
31900,292052,170.0,30830.0,35980.0,38310.0,47880.0,50700.0,Pharmacy Technicians
31900,292061,410.0,47660.0,51020.0,58730.0,62150.0,70240.0,Licensed Practical and Licensed Vocational Nurses
31900,292072,40.0,35460.0,35500.0,43490.0,46000.0,58310.0,Medical Records Specialists
31900,292081,40.0,34970.0,39860.0,48260.0,55870.0,62720.0,"Opticians, Dispensing"
31900,292099,50.0,37090.0,46020.0,47390.0,54490.0,72720.0,"Health Technologists and Technicians, All Other"
31900,310000,2090.0,28380.0,30440.0,36230.0,40740.0,46010.0,Healthcare Support Occupations
31900,311120,880.0,26360.0,28570.0,30400.0,34730.0,36700.0,Home Health and Personal Care Aides
31900,311131,600.0,33070.0,36960.0,39380.0,39940.0,45210.0,Nursing Assistants
31900,312021,50.0,50100.0,54540.0,60940.0,65920.0,81480.0,Physical Therapist Assistants
31900,319091,110.0,36060.0,37590.0,44410.0,56080.0,61820.0,Dental Assistants
31900,319092,290.0,31690.0,35780.0,38200.0,43470.0,46010.0,Medical Assistants
31900,319093,30.0,39920.0,40220.0,45460.0,45810.0,46440.0,Medical Equipment Preparers
31900,330000,1550.0,33670.0,47940.0,58410.0,68060.0,76150.0,Protective Service Occupations
31900,331012,60.0,72100.0,78580.0,84020.0,96510.0,96510.0,First-Line Supervisors of Police and Detectives
31900,332011,230.0,33340.0,36060.0,45930.0,59420.0,69990.0,Firefighters
31900,333051,210.0,51170.0,55140.0,59560.0,71200.0,74040.0,Police and Sheriff's Patrol Officers
31900,339032,140.0,26970.0,30540.0,33670.0,44830.0,61640.0,Security Guards
31900,350000,5010.0,22800.0,25870.0,28560.0,35740.0,45490.0,Food Preparation and Serving Related Occupations
31900,351012,510.0,29280.0,31370.0,35950.0,44590.0,55370.0,First-Line Supervisors of Food Preparation and Serving Workers
31900,352011,180.0,22260.0,22570.0,26360.0,26940.0,33300.0,"Cooks, Fast Food"
31900,352012,270.0,27830.0,30520.0,35890.0,38950.0,45800.0,"Cooks, Institution and Cafeteria"
31900,352014,480.0,27470.0,28430.0,31300.0,35620.0,41770.0,"Cooks, Restaurant"
31900,352021,200.0,23560.0,28120.0,34270.0,36580.0,37860.0,Food Preparation Workers
31900,353011,270.0,22260.0,22880.0,28640.0,38650.0,59650.0,Bartenders
31900,353023,1610.0,22740.0,24210.0,26790.0,27890.0,32740.0,Fast Food and Counter Workers
31900,353031,850.0,22510.0,28080.0,35170.0,46300.0,60480.0,Waiters and Waitresses
31900,359011,130.0,22400.0,24270.0,27460.0,30150.0,39810.0,Dining Room and Cafeteria Attendants and Bartender Helpers
31900,359021,150.0,22730.0,24190.0,28020.0,30160.0,35820.0,Dishwashers
31900,359031,160.0,22290.0,23120.0,26190.0,28950.0,34580.0,"Hosts and Hostesses, Restaurant, Lounge, and Coffee Shop"
31900,370000,1240.0,26060.0,28610.0,35340.0,39220.0,47400.0,Building and Grounds Cleaning and Maintenance Occupations
31900,371012,50.0,43620.0,49050.0,51220.0,68430.0,74280.0,"First-Line Supervisors of Landscaping, Lawn Service, and Groundskeeping Workers"
31900,372011,530.0,26480.0,28830.0,35100.0,38680.0,46240.0,"Janitors and Cleaners, Except Maids and Housekeeping Cleaners"
31900,372012,280.0,24210.0,27470.0,29120.0,36390.0,37580.0,Maids and Housekeeping Cleaners
31900,373011,310.0,26630.0,30570.0,36280.0,42700.0,44670.0,Landscaping and Groundskeeping Workers
31900,390000,750.0,22740.0,25880.0,29740.0,36680.0,49940.0,Personal Care and Service Occupations
31900,392021,50.0,23520.0,27880.0,29450.0,34570.0,44490.0,Animal Caretakers
31900,393091,120.0,22260.0,22940.0,25880.0,29360.0,32410.0,Amusement and Recreation Attendants
31900,395012,150.0,22260.0,25730.0,29690.0,45600.0,68470.0,"Hairdressers, Hairstylists, and Cosmetologists"
31900,399011,110.0,24290.0,25080.0,26770.0,29740.0,38310.0,Childcare Workers
31900,399031,60.0,23000.0,27560.0,30770.0,30770.0,44970.0,Exercise Trainers and Group Fitness Instructors
31900,399032,80.0,23040.0,28130.0,29870.0,35530.0,44130.0,Recreation Workers
31900,410000,4490.0,23400.0,27150.0,31100.0,42450.0,64580.0,Sales and Related Occupations
31900,411011,470.0,29340.0,34510.0,43040.0,55070.0,65370.0,First-Line Supervisors of Retail Sales Workers
31900,412011,1250.0,23070.0,25750.0,29540.0,31100.0,34420.0,Cashiers
31900,412021,80.0,22290.0,30030.0,36770.0,49970.0,76060.0,Counter and Rental Clerks
31900,412022,130.0,24680.0,26600.0,33980.0,37140.0,47670.0,Parts Salespersons
31900,412031,1670.0,23170.0,26830.0,28830.0,35070.0,43800.0,Retail Salespersons
31900,413021,70.0,22970.0,37720.0,55970.0,66520.0,97270.0,Insurance Sales Agents
31900,413031,70.0,44220.0,48960.0,52080.0,65670.0,97360.0,"Securities, Commodities, and Financial Services Sales Agents"
31900,413091,190.0,24170.0,37340.0,46370.0,66000.0,101920.0,"Sales Representatives of Services, Except Advertising, Insurance, Financial Services, and Travel"
31900,414012,390.0,36660.0,48500.0,65970.0,92840.0,129260.0,"Sales Representatives, Wholesale and Manufacturing, Except Technical and Scientific Products"
31900,430000,5140.0,28970.0,34750.0,43010.0,50230.0,63920.0,Office and Administrative Support Occupations
31900,431011,340.0,42190.0,48460.0,57510.0,70660.0,85090.0,First-Line Supervisors of Office and Administrative Support Workers
31900,433011,60.0,28120.0,28120.0,31430.0,44880.0,53690.0,Bill and Account Collectors
31900,433021,100.0,34060.0,36810.0,42840.0,49450.0,58120.0,Billing and Posting Clerks
31900,433031,330.0,33180.0,38050.0,46310.0,52100.0,62080.0,"Bookkeeping, Accounting, and Auditing Clerks"
31900,433051,40.0,36680.0,43710.0,51540.0,67150.0,77690.0,Payroll and Timekeeping Clerks
31900,433071,170.0,31390.0,35050.0,36490.0,43580.0,45070.0,Tellers
31900,434031,80.0,32440.0,39090.0,46010.0,47200.0,63250.0,"Court, Municipal, and License Clerks"
31900,434051,680.0,28540.0,31090.0,37180.0,46570.0,59420.0,Customer Service Representatives
31900,434061,30.0,36160.0,43040.0,53270.0,59570.0,71860.0,"Eligibility Interviewers, Government Programs"
31900,434081,70.0,26460.0,27410.0,29080.0,32070.0,34580.0,"Hotel, Motel, and Resort Desk Clerks"
31900,434111,90.0,34860.0,38130.0,38160.0,44600.0,47590.0,"Interviewers, Except Eligibility and Loan"
31900,434121,150.0,26010.0,27940.0,30880.0,34810.0,45760.0,"Library Assistants, Clerical"
31900,434171,290.0,22950.0,27930.0,33170.0,39370.0,47750.0,Receptionists and Information Clerks
31900,435031,50.0,39570.0,46070.0,52290.0,58060.0,63290.0,Public Safety Telecommunicators
31900,435032,50.0,31750.0,38730.0,46370.0,58680.0,61900.0,"Dispatchers, Except Police, Fire, and Ambulance"
31900,435052,160.0,42390.0,44160.0,61070.0,81040.0,81040.0,Postal Service Mail Carriers
31900,435061,150.0,40070.0,46090.0,54520.0,64600.0,77870.0,"Production, Planning, and Expediting Clerks"
31900,435071,370.0,33350.0,37050.0,44150.0,48640.0,58390.0,"Shipping, Receiving, and Inventory Clerks"
31900,436011,70.0,43620.0,50390.0,62530.0,79000.0,97180.0,Executive Secretaries and Executive Administrative Assistants
31900,436013,250.0,34750.0,34830.0,37650.0,45690.0,49050.0,Medical Secretaries and Administrative Assistants
31900,436014,500.0,29870.0,35830.0,43000.0,49760.0,57980.0,"Secretaries and Administrative Assistants, Except Legal, Medical, and Executive"
31900,439021,40.0,34780.0,36700.0,43150.0,43150.0,45380.0,Data Entry Keyers
31900,439041,30.0,39060.0,39060.0,46010.0,48400.0,55740.0,Insurance Claims and Policy Processing Clerks
31900,439061,720.0,26520.0,32920.0,40350.0,49080.0,61250.0,"Office Clerks, General"
31900,450000,40.0,26330.0,28110.0,30820.0,37490.0,55050.0,"Farming, Fishing, and Forestry Occupations"
31900,470000,1600.0,38260.0,46390.0,57750.0,74720.0,85610.0,Construction and Extraction Occupations
31900,471011,200.0,52390.0,60030.0,72510.0,87460.0,95150.0,First-Line Supervisors of Construction Trades and Extraction Workers
31900,472031,150.0,39180.0,46560.0,57750.0,71950.0,76420.0,Carpenters
31900,472051,50.0,42470.0,45990.0,59490.0,70500.0,73330.0,Cement Masons and Concrete Finishers
31900,472061,260.0,34450.0,39130.0,48320.0,65550.0,75440.0,Construction Laborers
31900,472073,190.0,45700.0,49340.0,66100.0,84110.0,92520.0,Operating Engineers and Other Construction Equipment Operators
31900,472111,150.0,39780.0,47010.0,59720.0,73750.0,78620.0,Electricians
31900,472152,120.0,44950.0,49440.0,59770.0,76940.0,85300.0,"Plumbers, Pipefitters, and Steamfitters"
31900,472181,60.0,37860.0,45880.0,47470.0,55860.0,62420.0,Roofers
31900,474051,70.0,37630.0,43850.0,45660.0,49650.0,57680.0,Highway Maintenance Workers
31900,490000,2130.0,34960.0,43670.0,56930.0,67450.0,80480.0,"Installation, Maintenance, and Repair Occupations"
31900,491011,180.0,45210.0,57940.0,76230.0,96960.0,120140.0,"First-Line Supervisors of Mechanics, Installers, and Repairers"
31900,492098,50.0,40210.0,40210.0,50620.0,60980.0,62180.0,Security and Fire Alarm Systems Installers
31900,493021,60.0,34850.0,43400.0,45920.0,60050.0,77300.0,Automotive Body and Related Repairers
31900,493023,250.0,32040.0,36720.0,48350.0,64330.0,80430.0,Automotive Service Technicians and Mechanics
31900,493031,100.0,42240.0,49120.0,57650.0,64940.0,74560.0,Bus and Truck Mechanics and Diesel Engine Specialists
31900,493042,30.0,44860.0,55800.0,67750.0,75000.0,80480.0,"Mobile Heavy Equipment Mechanics, Except Engines"
31900,499021,130.0,36280.0,43210.0,59010.0,76380.0,92850.0,"Heating, Air Conditioning, and Refrigeration Mechanics and Installers"
31900,499041,210.0,44420.0,56800.0,62150.0,66350.0,72920.0,Industrial Machinery Mechanics
31900,499071,660.0,33050.0,40510.0,50210.0,60710.0,71490.0,"Maintenance and Repair Workers, General"
31900,510000,6010.0,33330.0,36850.0,43850.0,53140.0,62670.0,Production Occupations
31900,511011,460.0,41340.0,51250.0,61990.0,76690.0,89830.0,First-Line Supervisors of Production and Operating Workers
31900,512090,1040.0,27130.0,34370.0,38890.0,44670.0,50970.0,Miscellaneous Assemblers and Fabricators
31900,513011,40.0,24350.0,29770.0,32210.0,36500.0,38650.0,Bakers
31900,513021,40.0,27030.0,34850.0,39730.0,49240.0,54910.0,Butchers and Meat Cutters
31900,514031,280.0,35730.0,36430.0,38200.0,47330.0,56840.0,"Cutting, Punching, and Press Machine Setters, Operators, and Tenders, Metal and Plastic"
31900,514041,210.0,37320.0,43830.0,54540.0,60560.0,68920.0,Machinists
31900,514081,30.0,35050.0,39800.0,47600.0,55250.0,63140.0,"Multiple Machine Tool Setters, Operators, and Tenders, Metal and Plastic"
31900,514121,350.0,36320.0,36800.0,43120.0,48550.0,60620.0,"Welders, Cutters, Solderers, and Brazers"
31900,515112,60.0,30100.0,35750.0,43200.0,47440.0,57390.0,Printing Press Operators
31900,518031,80.0,36380.0,49920.0,50610.0,56450.0,58330.0,Water and Wastewater Treatment Plant and System Operators
31900,519061,550.0,35160.0,36460.0,39950.0,48350.0,60000.0,"Inspectors, Testers, Sorters, Samplers, and Weighers"
31900,519111,300.0,32070.0,34680.0,37880.0,39650.0,43120.0,Packaging and Filling Machine Operators and Tenders
31900,519161,560.0,34720.0,38770.0,38770.0,57970.0,62680.0,Computer Numerically Controlled Tool Operators
31900,519199,60.0,22260.0,22260.0,29160.0,45350.0,58670.0,"Production Workers, All Other"
31900,530000,4500.0,28090.0,31950.0,38280.0,48270.0,62020.0,Transportation and Material Moving Occupations
31900,531047,180.0,43680.0,48240.0,59010.0,70630.0,82150.0,"First-Line Supervisors of Transportation and Material Moving Workers, Except Aircraft Cargo Handling"
31900,533031,190.0,22260.0,26000.0,37200.0,50840.0,60410.0,Driver/Sales Workers
31900,533032,750.0,44380.0,48030.0,57280.0,64100.0,73130.0,Heavy and Tractor-Trailer Truck Drivers
31900,533033,300.0,26070.0,28970.0,39460.0,53160.0,90210.0,Light Truck Drivers
31900,533053,100.0,24260.0,27540.0,29660.0,36040.0,42410.0,Shuttle Drivers and Chauffeurs
31900,537051,260.0,36270.0,38540.0,44430.0,48270.0,56020.0,Industrial Truck and Tractor Operators
31900,537061,130.0,27030.0,27310.0,30640.0,35370.0,42130.0,Cleaners of Vehicles and Equipment
31900,537062,1030.0,28890.0,33880.0,35840.0,42020.0,46550.0,"Laborers and Freight, Stock, and Material Movers, Hand"
31900,537064,230.0,22260.0,28090.0,28090.0,35230.0,39210.0,"Packers and Packagers, Hand"
31900,537065,1060.0,29990.0,31320.0,34970.0,38500.0,45600.0,Stockers and Order Fillers
31900,252022,400.0,41980.0,49970.0,73710.0,79850.0,94960.0,"Middle School Teachers, Except Special and Career/Technical Education"
31900,252057,90.0,43950.0,57700.0,72830.0,84780.0,94280.0,"Special Education Teachers, Middle School"
31900,252058,150.0,47480.0,55200.0,69480.0,77410.0,91840.0,"Special Education Teachers, Secondary School"
31900,292043,60.0,48100.0,60170.0,64220.0,64220.0,73930.0,Paramedics
31900,339092,60.0,22260.0,22260.0,22260.0,25130.0,28090.0,"Lifeguards, Ski Patrol, and Other Recreational Protective Service Workers"
31900,353041,100.0,24960.0,27900.0,34940.0,38360.0,40140.0,"Food Servers, Nonrestaurant"
31900,472211,30.0,43350.0,59110.0,76930.0,81370.0,81370.0,Sheet Metal Workers
31900,499099,30.0,37530.0,44130.0,57940.0,67750.0,72970.0,"Installation, Maintenance, and Repair Workers, All Other"
31900,514072,200.0,35440.0,35800.0,42050.0,45270.0,53910.0,"Molding, Coremaking, and Casting Machine Setters, Operators, and Tenders, Metal and Plastic"
31900,514111,140.0,42560.0,49000.0,58710.0,69010.0,77680.0,Tool and Die Makers
31900,519124,80.0,33330.0,35540.0,43440.0,49730.0,58480.0,"Coating, Painting, and Spraying Machine Setters, Operators, and Tenders"
31900,537063,30.0,31380.0,31380.0,36290.0,36290.0,38320.0,Machine Feeders and Offbearers
31900,537081,70.0,42360.0,42790.0,50210.0,66270.0,83870.0,Refuse and Recyclable Material Collectors
31900,131075,40.0,39420.0,73510.0,80130.0,98200.0,118320.0,Labor Relations Specialists
31900,211029,90.0,43770.0,53280.0,69560.0,78730.0,105480.0,"Social Workers, All Other"
31900,252032,60.0,48520.0,58530.0,72540.0,83380.0,93670.0,"Career/Technical Education Teachers, Secondary School"
31900,253041,60.0,31540.0,38120.0,42850.0,52000.0,62410.0,Tutors
31900,291151,,175600.0,194210.0,229250.0,229250.0,306870.0,Nurse Anesthetists
31900,331021,50.0,47330.0,59890.0,80270.0,80270.0,95620.0,First-Line Supervisors of Firefighting and Prevention Workers
31900,472021,40.0,47750.0,50260.0,62570.0,74930.0,113110.0,Brickmasons and Blockmasons
31900,512028,170.0,34930.0,43850.0,43850.0,47360.0,51230.0,"Electrical, Electronic, and Electromechanical Assemblers, Except Coil Winders, Tapers, and Finishers"
31900,519023,30.0,29940.0,34930.0,45610.0,49700.0,60020.0,"Mixing and Blending Machine Setters, Operators, and Tenders"
31900,119081,30.0,33840.0,40390.0,47300.0,47300.0,74660.0,Lodging Managers
31900,359099,40.0,22260.0,24370.0,26810.0,30840.0,47660.0,"Food Preparation and Serving Related Workers, All Other"
31900,434151,40.0,,,,,,Order Clerks
31900,472131,40.0,34920.0,40380.0,45980.0,56710.0,58270.0,"Insulation Workers, Floor, Ceiling, and Wall"
31900,514033,80.0,35770.0,40200.0,45250.0,57110.0,64920.0,"Grinding, Lapping, Polishing, & Buffing Machine Tool Setters, Operators, & Tenders, Metal & Plastic"
31900,514051,80.0,47840.0,48050.0,50250.0,62110.0,62110.0,Metal-Refining Furnace Operators and Tenders
31900,514122,40.0,37830.0,44340.0,47690.0,56260.0,56260.0,"Welding, Soldering, and Brazing Machine Setters, Operators, and Tenders"
34620,000000,44740.0,27410.0,34100.0,44110.0,62310.0,91410.0,All Occupations
34620,110000,2480.0,51780.0,72370.0,96740.0,132400.0,185190.0,Management Occupations
34620,111021,640.0,47770.0,67200.0,99750.0,149990.0,216280.0,General and Operations Managers
34620,112021,40.0,76090.0,84060.0,102640.0,145790.0,215090.0,Marketing Managers
34620,112022,110.0,64610.0,79320.0,112230.0,157720.0,207850.0,Sales Managers
34620,113012,50.0,62660.0,79600.0,100740.0,138130.0,195560.0,Administrative Services Managers
34620,113021,120.0,80790.0,97560.0,127880.0,160470.0,218540.0,Computer and Information Systems Managers
34620,113031,230.0,67870.0,82110.0,102430.0,145010.0,210110.0,Financial Managers
34620,113051,80.0,74290.0,82790.0,102080.0,127400.0,153570.0,Industrial Production Managers
34620,113121,30.0,66860.0,82310.0,119310.0,142180.0,177680.0,Human Resources Managers
34620,119021,60.0,64320.0,64320.0,85330.0,110340.0,145520.0,Construction Managers
34620,119032,90.0,72370.0,80430.0,94500.0,106660.0,124110.0,"Education Administrators, Kindergarten through Secondary"
34620,119041,30.0,88380.0,110900.0,128370.0,174670.0,193090.0,Architectural and Engineering Managers
34620,119051,60.0,45530.0,53960.0,69520.0,81650.0,100740.0,Food Service Managers
34620,119111,230.0,62630.0,78620.0,98200.0,126620.0,176720.0,Medical and Health Services Managers
34620,119141,90.0,30610.0,41600.0,49220.0,63220.0,101980.0,"Property, Real Estate, and Community Association Managers"
34620,119151,70.0,47040.0,52510.0,70520.0,83950.0,108350.0,Social and Community Service Managers
34620,119199,40.0,48380.0,49860.0,60020.0,116550.0,170890.0,"Managers, All Other"
34620,130000,1810.0,39560.0,49150.0,62130.0,82910.0,105560.0,Business and Financial Operations Occupations
34620,131020,80.0,40340.0,51430.0,62480.0,79520.0,102680.0,Buyers and Purchasing Agents
34620,131041,60.0,43520.0,49610.0,60400.0,80800.0,103270.0,Compliance Officers
34620,131051,50.0,40660.0,48360.0,63870.0,78560.0,98330.0,Cost Estimators
34620,131071,200.0,39560.0,47910.0,60990.0,79000.0,97360.0,Human Resources Specialists
34620,131082,100.0,54970.0,62110.0,81080.0,102490.0,143100.0,Project Management Specialists
34620,131111,70.0,55960.0,63780.0,82610.0,117280.0,133520.0,Management Analysts
34620,131131,60.0,38070.0,44990.0,61220.0,64480.0,77360.0,Fundraisers
34620,131151,90.0,36280.0,45330.0,53880.0,75740.0,98530.0,Training and Development Specialists
34620,131161,190.0,37700.0,47400.0,54440.0,69190.0,91100.0,Market Research Analysts and Marketing Specialists
34620,131199,120.0,47470.0,49830.0,65140.0,91410.0,91410.0,"Business Operations Specialists, All Other"
34620,132011,270.0,48000.0,59990.0,71820.0,89720.0,109690.0,Accountants and Auditors
34620,132052,70.0,44500.0,45560.0,66640.0,134370.0,197020.0,Personal Financial Advisors
34620,132072,150.0,46570.0,50690.0,63460.0,99170.0,121000.0,Loan Officers
34620,150000,690.0,45120.0,57240.0,74980.0,99380.0,124990.0,Computer and Mathematical Occupations
34620,151211,100.0,54600.0,66320.0,79390.0,96110.0,124980.0,Computer Systems Analysts
34620,151231,60.0,43040.0,46120.0,68280.0,85500.0,107760.0,Computer Network Support Specialists
34620,151232,200.0,38750.0,45110.0,51200.0,62110.0,79600.0,Computer User Support Specialists
34620,151244,50.0,51950.0,65390.0,78170.0,98300.0,119540.0,Network and Computer Systems Administrators
34620,151252,120.0,65030.0,79750.0,99380.0,119870.0,160470.0,Software Developers
34620,152051,30.0,59780.0,75440.0,82160.0,103930.0,127970.0,Data Scientists
34620,170000,390.0,51750.0,63150.0,81390.0,98310.0,115670.0,Architecture and Engineering Occupations
34620,172112,150.0,64480.0,71460.0,83990.0,104840.0,109080.0,Industrial Engineers
34620,172141,60.0,68840.0,80770.0,86010.0,103440.0,117590.0,Mechanical Engineers
34620,190000,190.0,42400.0,46940.0,63610.0,81290.0,110640.0,"Life, Physical, and Social Science Occupations"
34620,193033,40.0,52310.0,75330.0,79300.0,103480.0,137320.0,Clinical and Counseling Psychologists
34620,210000,960.0,36110.0,42210.0,47700.0,58160.0,72630.0,Community and Social Service Occupations
34620,211012,170.0,43200.0,47630.0,47700.0,56200.0,60630.0,"Educational, Guidance, and Career Counselors and Advisors"
34620,211018,230.0,36110.0,42210.0,48800.0,61150.0,75460.0,"Substance Abuse, Behavioral Disorder, and Mental Health Counselors"
34620,211021,130.0,39520.0,47310.0,50470.0,57130.0,69910.0,"Child, Family, and School Social Workers"
34620,211022,60.0,44940.0,50930.0,60430.0,77480.0,83160.0,Healthcare Social Workers
34620,211093,210.0,33840.0,37680.0,43270.0,45610.0,51620.0,Social and Human Service Assistants
34620,230000,170.0,,,,,,Legal Occupations
34620,231011,60.0,63970.0,80730.0,102140.0,134890.0,193590.0,Lawyers
34620,232011,50.0,37440.0,47340.0,50810.0,63250.0,76660.0,Paralegals and Legal Assistants
34620,250000,3300.0,30390.0,44150.0,59240.0,75850.0,96250.0,Educational Instruction and Library Occupations
34620,252011,190.0,23190.0,27620.0,30700.0,35660.0,46350.0,"Preschool Teachers, Except Special Education"
34620,252021,340.0,46630.0,48150.0,58610.0,60950.0,73010.0,"Elementary School Teachers, Except Special Education"
34620,252031,330.0,48510.0,52780.0,60890.0,73170.0,78060.0,"Secondary School Teachers, Except Special and Career/Technical Education"
34620,252052,40.0,47650.0,47910.0,56900.0,68170.0,74290.0,"Special Education Teachers, Kindergarten and Elementary School"
34620,253021,60.0,28300.0,37490.0,38970.0,44610.0,54940.0,Self-Enrichment Teachers
34620,253031,150.0,28850.0,29390.0,34730.0,45300.0,62940.0,"Substitute Teachers, Short-Term"
34620,254022,40.0,31380.0,35760.0,50280.0,57340.0,75250.0,Librarians and Media Collections Specialists
34620,259045,380.0,26960.0,28560.0,32200.0,35620.0,37160.0,"Teaching Assistants, Except Postsecondary"
34620,270000,370.0,30540.0,39420.0,47320.0,64330.0,87540.0,"Arts, Design, Entertainment, Sports, and Media Occupations"
34620,271024,40.0,35710.0,36710.0,45700.0,56480.0,64020.0,Graphic Designers
34620,272022,80.0,30490.0,46120.0,59640.0,87540.0,128720.0,Coaches and Scouts
34620,273031,40.0,33350.0,48160.0,57340.0,75400.0,99900.0,Public Relations Specialists
34620,290000,3690.0,38120.0,54840.0,77560.0,98530.0,135280.0,Healthcare Practitioners and Technical Occupations
34620,291021,40.0,96650.0,135810.0,190750.0,305800.0,319160.0,"Dentists, General"
34620,291051,120.0,123020.0,126900.0,135280.0,155790.0,158410.0,Pharmacists
34620,291122,50.0,74210.0,76690.0,94050.0,96510.0,105410.0,Occupational Therapists
34620,291123,80.0,73480.0,76130.0,101710.0,115380.0,117540.0,Physical Therapists
34620,291127,40.0,56370.0,62620.0,80860.0,97070.0,115430.0,Speech-Language Pathologists
34620,291141,1220.0,62610.0,77370.0,79500.0,98530.0,98530.0,Registered Nurses
34620,291171,140.0,97210.0,102980.0,122490.0,127450.0,128110.0,Nurse Practitioners
34620,291216,50.0,181490.0,207100.0,303660.0,455360.0,468140.0,General Internal Medicine Physicians
34620,291229,90.0,95990.0,202270.0,436300.0,440630.0,440630.0,"Physicians, All Other"
34620,291292,70.0,77420.0,78920.0,91060.0,99160.0,99890.0,Dental Hygienists
34620,292010,50.0,35970.0,39580.0,46400.0,66820.0,78410.0,Clinical Laboratory Technologists and Technicians
34620,292034,90.0,46770.0,55120.0,61680.0,77640.0,80150.0,Radiologic Technologists and Technicians
34620,292052,260.0,34930.0,35840.0,38200.0,46460.0,48300.0,Pharmacy Technicians
34620,292061,300.0,49350.0,59720.0,64330.0,70180.0,73270.0,Licensed Practical and Licensed Vocational Nurses
34620,292072,170.0,38120.0,38120.0,43160.0,45300.0,79070.0,Medical Records Specialists
34620,292081,40.0,29900.0,35570.0,36600.0,46070.0,47360.0,"Opticians, Dispensing"
34620,292099,40.0,34180.0,36870.0,45440.0,47040.0,61020.0,"Health Technologists and Technicians, All Other"
34620,310000,2450.0,29900.0,35350.0,36140.0,43200.0,47130.0,Healthcare Support Occupations
34620,311120,930.0,29640.0,31340.0,35350.0,35350.0,43220.0,Home Health and Personal Care Aides
34620,311131,700.0,31840.0,35510.0,37080.0,39330.0,45340.0,Nursing Assistants
34620,312021,40.0,33440.0,36930.0,57940.0,70170.0,74860.0,Physical Therapist Assistants
34620,319091,140.0,35330.0,35360.0,45500.0,49350.0,56390.0,Dental Assistants
34620,319092,410.0,35900.0,37310.0,40940.0,44780.0,47910.0,Medical Assistants
34620,330000,800.0,29120.0,36720.0,61160.0,71920.0,75580.0,Protective Service Occupations
34620,331012,,74570.0,74760.0,75580.0,75580.0,94660.0,First-Line Supervisors of Police and Detectives
34620,332011,130.0,43020.0,60020.0,62780.0,62780.0,69730.0,Firefighters
34620,333051,230.0,49510.0,59970.0,64040.0,71920.0,74230.0,Police and Sheriff's Patrol Officers
34620,339032,120.0,28370.0,28860.0,32520.0,37280.0,56570.0,Security Guards
34620,339091,30.0,,,,,,Crossing Guards and Flaggers
34620,350000,5190.0,20290.0,22940.0,28110.0,34360.0,40580.0,Food Preparation and Serving Related Occupations
34620,351011,40.0,28680.0,30150.0,37920.0,56760.0,60260.0,Chefs and Head Cooks
34620,351012,430.0,29980.0,36350.0,44760.0,54320.0,61140.0,First-Line Supervisors of Food Preparation and Serving Workers
34620,352012,190.0,28830.0,30290.0,34370.0,36550.0,39650.0,"Cooks, Institution and Cafeteria"
34620,352014,460.0,26230.0,27840.0,30050.0,35730.0,37170.0,"Cooks, Restaurant"
34620,352015,50.0,19880.0,19880.0,28030.0,40440.0,40440.0,"Cooks, Short Order"
34620,352021,280.0,22840.0,26310.0,27860.0,32970.0,36170.0,Food Preparation Workers
34620,353011,200.0,16040.0,17930.0,21780.0,29400.0,43630.0,Bartenders
34620,353023,2120.0,21050.0,22940.0,27560.0,31500.0,34390.0,Fast Food and Counter Workers
34620,353031,730.0,16750.0,18190.0,23720.0,34620.0,45130.0,Waiters and Waitresses
34620,359011,180.0,19290.0,21590.0,26520.0,30470.0,36360.0,Dining Room and Cafeteria Attendants and Bartender Helpers
34620,359021,120.0,20490.0,23270.0,27460.0,28650.0,34060.0,Dishwashers
34620,359031,180.0,18900.0,21350.0,23470.0,27630.0,35130.0,"Hosts and Hostesses, Restaurant, Lounge, and Coffee Shop"
34620,370000,2090.0,28660.0,33330.0,37900.0,42420.0,47200.0,Building and Grounds Cleaning and Maintenance Occupations
34620,371011,70.0,38090.0,46380.0,50140.0,52020.0,59810.0,First-Line Supervisors of Housekeeping and Janitorial Workers
34620,371012,80.0,39260.0,44160.0,59570.0,63580.0,74510.0,"First-Line Supervisors of Landscaping, Lawn Service, and Groundskeeping Workers"
34620,372011,970.0,28510.0,29560.0,37900.0,38800.0,42160.0,"Janitors and Cleaners, Except Maids and Housekeeping Cleaners"
34620,372012,140.0,26760.0,27990.0,28660.0,35000.0,36480.0,Maids and Housekeeping Cleaners
34620,373011,670.0,29820.0,35340.0,37210.0,42420.0,45760.0,Landscaping and Groundskeeping Workers
34620,390000,940.0,22040.0,26980.0,30800.0,37800.0,46650.0,Personal Care and Service Occupations
34620,391022,50.0,31700.0,42890.0,46650.0,61620.0,85210.0,First-Line Supervisors of Personal Service Workers
34620,392021,80.0,19020.0,21800.0,27770.0,28860.0,35120.0,Animal Caretakers
34620,393091,70.0,16850.0,17950.0,22240.0,27770.0,29640.0,Amusement and Recreation Attendants
34620,395012,60.0,24730.0,26440.0,31020.0,38940.0,49760.0,"Hairdressers, Hairstylists, and Cosmetologists"
34620,399011,340.0,26980.0,29100.0,30800.0,37800.0,37800.0,Childcare Workers
34620,399032,130.0,22300.0,26420.0,28930.0,34840.0,37760.0,Recreation Workers
34620,410000,4560.0,22900.0,27630.0,34160.0,44960.0,72200.0,Sales and Related Occupations
34620,411011,420.0,29750.0,34960.0,45880.0,58320.0,71080.0,First-Line Supervisors of Retail Sales Workers
34620,412011,1310.0,21670.0,26020.0,28660.0,34080.0,35920.0,Cashiers
34620,412021,140.0,22470.0,28690.0,36230.0,42550.0,55740.0,Counter and Rental Clerks
34620,412022,110.0,27650.0,30170.0,37110.0,46640.0,58690.0,Parts Salespersons
34620,412031,1710.0,22900.0,27170.0,31060.0,36020.0,44600.0,Retail Salespersons
34620,413021,80.0,36580.0,37940.0,58520.0,73330.0,125100.0,Insurance Sales Agents
34620,413031,80.0,44270.0,46610.0,59120.0,81330.0,140230.0,"Securities, Commodities, and Financial Services Sales Agents"
34620,413091,270.0,31730.0,38770.0,61570.0,84970.0,119510.0,"Sales Representatives of Services, Except Advertising, Insurance, Financial Services, and Travel"
34620,414012,270.0,38680.0,48820.0,70420.0,96460.0,126690.0,"Sales Representatives, Wholesale and Manufacturing, Except Technical and Scientific Products"
34620,430000,5010.0,30450.0,35880.0,41540.0,49020.0,62080.0,Office and Administrative Support Occupations
34620,431011,320.0,41760.0,49670.0,60400.0,75670.0,93640.0,First-Line Supervisors of Office and Administrative Support Workers
34620,433011,40.0,30870.0,36790.0,39360.0,47030.0,48260.0,Bill and Account Collectors
34620,433021,110.0,34610.0,37560.0,43370.0,46700.0,58030.0,Billing and Posting Clerks
34620,433031,450.0,31770.0,39090.0,44650.0,50590.0,60990.0,"Bookkeeping, Accounting, and Auditing Clerks"
34620,433051,40.0,35180.0,41770.0,46200.0,60140.0,72490.0,Payroll and Timekeeping Clerks
34620,433071,150.0,32740.0,34640.0,36680.0,37590.0,44990.0,Tellers
34620,434031,40.0,36680.0,36830.0,42530.0,45560.0,57070.0,"Court, Municipal, and License Clerks"
34620,434051,640.0,29450.0,33850.0,39640.0,45070.0,56810.0,Customer Service Representatives
34620,434071,40.0,35370.0,35370.0,35370.0,40740.0,47820.0,File Clerks
34620,434081,50.0,28470.0,29540.0,30570.0,34930.0,38990.0,"Hotel, Motel, and Resort Desk Clerks"
34620,434111,50.0,34850.0,36140.0,37770.0,46730.0,50510.0,"Interviewers, Except Eligibility and Loan"
34620,434131,200.0,35540.0,41030.0,45190.0,50640.0,58020.0,Loan Interviewers and Clerks
34620,434171,330.0,26530.0,29100.0,35040.0,37440.0,43390.0,Receptionists and Information Clerks
34620,435032,50.0,29910.0,37240.0,47130.0,64000.0,78430.0,"Dispatchers, Except Police, Fire, and Ambulance"
34620,435052,130.0,42390.0,43120.0,59880.0,74550.0,81040.0,Postal Service Mail Carriers
34620,435061,90.0,39220.0,46570.0,55320.0,68540.0,79840.0,"Production, Planning, and Expediting Clerks"
34620,435071,220.0,32940.0,36250.0,41660.0,48310.0,55240.0,"Shipping, Receiving, and Inventory Clerks"
34620,436011,70.0,38310.0,46660.0,52390.0,61190.0,81750.0,Executive Secretaries and Executive Administrative Assistants
34620,436013,440.0,34100.0,36680.0,40520.0,44200.0,48420.0,Medical Secretaries and Administrative Assistants
34620,436014,340.0,32390.0,36860.0,38780.0,46570.0,54920.0,"Secretaries and Administrative Assistants, Except Legal, Medical, and Executive"
34620,439021,30.0,25790.0,30330.0,33810.0,39100.0,47840.0,Data Entry Keyers
34620,439061,900.0,29370.0,34230.0,38890.0,48090.0,60230.0,"Office Clerks, General"
34620,470000,1270.0,38320.0,45750.0,56310.0,73050.0,83220.0,Construction and Extraction Occupations
34620,471011,130.0,54880.0,60260.0,76080.0,94680.0,106380.0,First-Line Supervisors of Construction Trades and Extraction Workers
34620,472031,160.0,42200.0,47570.0,59890.0,74280.0,74280.0,Carpenters
34620,472061,240.0,31200.0,38430.0,46250.0,56740.0,65790.0,Construction Laborers
34620,472073,80.0,43770.0,46710.0,59910.0,88920.0,96550.0,Operating Engineers and Other Construction Equipment Operators
34620,472111,130.0,43070.0,47930.0,66880.0,78160.0,88150.0,Electricians
34620,472141,40.0,34320.0,41600.0,49400.0,64790.0,64790.0,"Painters, Construction and Maintenance"
34620,472152,50.0,47280.0,56850.0,64790.0,65530.0,84410.0,"Plumbers, Pipefitters, and Steamfitters"
34620,474011,40.0,48620.0,48830.0,48830.0,62780.0,77890.0,Construction and Building Inspectors
34620,474051,50.0,38570.0,40940.0,45070.0,53820.0,60070.0,Highway Maintenance Workers
34620,490000,1720.0,34560.0,42850.0,51100.0,64130.0,77710.0,"Installation, Maintenance, and Repair Occupations"
34620,491011,170.0,48890.0,59900.0,71800.0,89750.0,101220.0,"First-Line Supervisors of Mechanics, Installers, and Repairers"
34620,493021,60.0,36170.0,46370.0,49740.0,57990.0,76270.0,Automotive Body and Related Repairers
34620,493023,260.0,35140.0,37160.0,47360.0,59980.0,75910.0,Automotive Service Technicians and Mechanics
34620,493031,100.0,43890.0,48400.0,58510.0,66490.0,78960.0,Bus and Truck Mechanics and Diesel Engine Specialists
34620,493093,40.0,28500.0,30570.0,34280.0,34680.0,38090.0,Tire Repairers and Changers
34620,499021,80.0,37520.0,48890.0,55850.0,64710.0,80080.0,"Heating, Air Conditioning, and Refrigeration Mechanics and Installers"
34620,499041,150.0,45470.0,53030.0,62140.0,74370.0,77320.0,Industrial Machinery Mechanics
34620,499071,470.0,31770.0,37170.0,45600.0,57040.0,63350.0,"Maintenance and Repair Workers, General"
34620,510000,3200.0,31840.0,37180.0,45240.0,54080.0,67200.0,Production Occupations
34620,511011,230.0,45500.0,57110.0,72210.0,83370.0,104070.0,First-Line Supervisors of Production and Operating Workers
34620,512090,600.0,34640.0,35700.0,43260.0,47520.0,56130.0,Miscellaneous Assemblers and Fabricators
34620,514031,140.0,32930.0,39420.0,46010.0,49570.0,53510.0,"Cutting, Punching, and Press Machine Setters, Operators, and Tenders, Metal and Plastic"
34620,514041,150.0,27730.0,35950.0,48360.0,56960.0,65150.0,Machinists
34620,514081,50.0,34280.0,38280.0,43050.0,44140.0,56770.0,"Multiple Machine Tool Setters, Operators, and Tenders, Metal and Plastic"
34620,514121,200.0,44060.0,46200.0,53340.0,56130.0,67700.0,"Welders, Cutters, Solderers, and Brazers"
34620,515112,80.0,33790.0,33790.0,35750.0,41040.0,48220.0,Printing Press Operators
34620,516011,40.0,24110.0,26840.0,28610.0,33550.0,35630.0,Laundry and Dry-Cleaning Workers
34620,518031,70.0,39280.0,46740.0,49750.0,61550.0,65860.0,Water and Wastewater Treatment Plant and System Operators
34620,519061,230.0,30110.0,35180.0,45670.0,55570.0,65680.0,"Inspectors, Testers, Sorters, Samplers, and Weighers"
34620,519111,60.0,27810.0,27810.0,35260.0,38020.0,42220.0,Packaging and Filling Machine Operators and Tenders
34620,519161,200.0,37520.0,39870.0,43140.0,52820.0,59500.0,Computer Numerically Controlled Tool Operators
34620,530000,3460.0,27570.0,30880.0,36850.0,47470.0,66620.0,Transportation and Material Moving Occupations
34620,531047,140.0,37440.0,47060.0,57100.0,73410.0,88660.0,"First-Line Supervisors of Transportation and Material Moving Workers, Except Aircraft Cargo Handling"
34620,533031,180.0,21120.0,22220.0,30410.0,45170.0,56170.0,Driver/Sales Workers
34620,533032,560.0,36230.0,46420.0,58810.0,70390.0,70390.0,Heavy and Tractor-Trailer Truck Drivers
34620,533033,220.0,27520.0,31450.0,45900.0,48350.0,92050.0,Light Truck Drivers
34620,533051,240.0,21460.0,37220.0,44390.0,47420.0,56580.0,"Bus Drivers, School"
34620,533053,110.0,21550.0,24000.0,30370.0,35530.0,41150.0,Shuttle Drivers and Chauffeurs
34620,536031,60.0,27620.0,29330.0,35020.0,37140.0,41970.0,Automotive and Watercraft Service Attendants
34620,537051,90.0,32320.0,37450.0,42630.0,46590.0,49010.0,Industrial Truck and Tractor Operators
34620,537061,110.0,24520.0,27710.0,28340.0,34900.0,36050.0,Cleaners of Vehicles and Equipment
34620,537062,690.0,27100.0,31820.0,37490.0,44670.0,47830.0,"Laborers and Freight, Stock, and Material Movers, Hand"
34620,537065,890.0,29560.0,30050.0,35020.0,36810.0,38470.0,Stockers and Order Fillers
34620,252022,170.0,46550.0,52380.0,59690.0,63400.0,74450.0,"Middle School Teachers, Except Special and Career/Technical Education"
34620,292057,50.0,26910.0,34340.0,38340.0,43490.0,45640.0,Ophthalmic Medical Technicians
34620,299091,30.0,49990.0,49990.0,59120.0,69880.0,70610.0,Athletic Trainers
34620,319097,40.0,35700.0,36000.0,36000.0,36590.0,43480.0,Phlebotomists
34620,339092,40.0,21840.0,23710.0,28750.0,28750.0,29470.0,"Lifeguards, Ski Patrol, and Other Recreational Protective Service Workers"
34620,353041,70.0,25160.0,27800.0,30510.0,31900.0,33150.0,"Food Servers, Nonrestaurant"
34620,472211,40.0,43920.0,44320.0,55280.0,63310.0,91560.0,Sheet Metal Workers
34620,514111,60.0,45590.0,57390.0,61310.0,74250.0,76020.0,Tool and Die Makers
34620,519124,110.0,35720.0,36780.0,44830.0,51240.0,67200.0,"Coating, Painting, and Spraying Machine Setters, Operators, and Tenders"
34620,519198,50.0,29540.0,29540.0,29540.0,42700.0,50320.0,Helpers--Production Workers
34620,537081,30.0,47120.0,51170.0,60940.0,60940.0,62250.0,Refuse and Recyclable Material Collectors
34620,251072,80.0,48140.0,61670.0,75320.0,95900.0,97710.0,"Nursing Instructors and Teachers, Postsecondary"
34620,372021,60.0,31580.0,31580.0,36420.0,46590.0,58810.0,Pest Control Workers
34620,435053,30.0,42600.0,47440.0,58390.0,61570.0,75030.0,"Postal Service Mail Sorters, Processors, and Processing Machine Operators"
34620,512041,50.0,49670.0,49670.0,49670.0,74550.0,74550.0,Structural Metal Fabricators and Fitters
34620,519151,,31840.0,31840.0,37180.0,37180.0,43830.0,Photographic Process Workers and Processing Machine Operators
36980,000000,49450.0,27080.0,33070.0,44960.0,63340.0,86280.0,All Occupations
36980,110000,2700.0,46730.0,61140.0,93130.0,128100.0,173630.0,Management Occupations
36980,111011,50.0,62140.0,88030.0,171540.0,454260.0,552990.0,Chief Executives
36980,111021,1200.0,39110.0,51220.0,73460.0,109900.0,160990.0,General and Operations Managers
36980,112021,30.0,72500.0,92380.0,124040.0,170900.0,239990.0,Marketing Managers
36980,112022,140.0,63480.0,93310.0,119320.0,156840.0,202780.0,Sales Managers
36980,113012,60.0,56460.0,88440.0,121020.0,141050.0,191210.0,Administrative Services Managers
36980,113013,30.0,62710.0,80530.0,102180.0,122430.0,186280.0,Facilities Managers
36980,113021,40.0,90680.0,106890.0,138480.0,183060.0,207260.0,Computer and Information Systems Managers
36980,113031,180.0,77220.0,79500.0,107190.0,146060.0,177980.0,Financial Managers
36980,113051,140.0,74170.0,86280.0,109400.0,153930.0,191700.0,Industrial Production Managers
36980,113071,40.0,60830.0,72540.0,110320.0,156510.0,186400.0,"Transportation, Storage, and Distribution Managers"
36980,113121,30.0,100120.0,110140.0,132760.0,169800.0,211480.0,Human Resources Managers
36980,119021,80.0,49510.0,69350.0,91550.0,125510.0,168000.0,Construction Managers
36980,119032,110.0,82510.0,84400.0,105090.0,112450.0,126880.0,"Education Administrators, Kindergarten through Secondary"
36980,119041,50.0,104490.0,121690.0,129430.0,156930.0,166330.0,Architectural and Engineering Managers
36980,119051,40.0,56110.0,58490.0,70200.0,76100.0,83300.0,Food Service Managers
36980,119111,150.0,58260.0,75040.0,104370.0,135200.0,170900.0,Medical and Health Services Managers
36980,119141,60.0,35730.0,48090.0,52280.0,64110.0,110140.0,"Property, Real Estate, and Community Association Managers"
36980,119151,60.0,49580.0,55740.0,64990.0,81550.0,97110.0,Social and Community Service Managers
36980,119199,40.0,45730.0,89300.0,127170.0,193560.0,210890.0,"Managers, All Other"
36980,130000,1840.0,42840.0,51590.0,66520.0,85890.0,111550.0,Business and Financial Operations Occupations
36980,131020,130.0,41170.0,50930.0,63690.0,76980.0,97170.0,Buyers and Purchasing Agents
36980,131041,80.0,47830.0,63520.0,74330.0,81210.0,103890.0,Compliance Officers
36980,131051,50.0,47790.0,59230.0,70460.0,93130.0,116470.0,Cost Estimators
36980,131071,170.0,35320.0,45280.0,62440.0,79810.0,103990.0,Human Resources Specialists
36980,131081,50.0,49330.0,60190.0,64230.0,92550.0,102030.0,Logisticians
36980,131082,200.0,49080.0,64060.0,79320.0,97990.0,127760.0,Project Management Specialists
36980,131111,100.0,52990.0,62120.0,73860.0,95630.0,122130.0,Management Analysts
36980,131151,90.0,33070.0,43420.0,56150.0,71860.0,98420.0,Training and Development Specialists
36980,131161,110.0,32940.0,42490.0,53950.0,78330.0,229990.0,Market Research Analysts and Marketing Specialists
36980,131199,60.0,51680.0,52390.0,58100.0,78710.0,98450.0,"Business Operations Specialists, All Other"
36980,132011,250.0,53890.0,60820.0,77800.0,98420.0,119910.0,Accountants and Auditors
36980,132051,50.0,65080.0,75230.0,83800.0,99320.0,145930.0,Financial and Investment Analysts
36980,132052,50.0,40860.0,55710.0,72430.0,120000.0,229960.0,Personal Financial Advisors
36980,132072,200.0,47050.0,47860.0,58730.0,77830.0,101900.0,Loan Officers
36980,150000,530.0,50290.0,62490.0,79540.0,106880.0,140630.0,Computer and Mathematical Occupations
36980,151211,60.0,47710.0,61350.0,86470.0,116680.0,143210.0,Computer Systems Analysts
36980,151232,150.0,42320.0,55000.0,62490.0,77720.0,91120.0,Computer User Support Specialists
36980,151244,50.0,55060.0,75450.0,94060.0,110090.0,151010.0,Network and Computer Systems Administrators
36980,151252,90.0,75380.0,93300.0,102010.0,143960.0,160160.0,Software Developers
36980,170000,420.0,50310.0,68530.0,85700.0,106320.0,129580.0,Architecture and Engineering Occupations
36980,172051,40.0,67860.0,75750.0,91430.0,119040.0,142590.0,Civil Engineers
36980,172112,90.0,59470.0,75140.0,93080.0,110950.0,131490.0,Industrial Engineers
36980,172141,50.0,65880.0,77200.0,97810.0,116410.0,135560.0,Mechanical Engineers
36980,190000,290.0,43720.0,54920.0,71840.0,86620.0,107530.0,"Life, Physical, and Social Science Occupations"
36980,194031,60.0,48720.0,53070.0,61580.0,62700.0,62700.0,Chemical Technicians
36980,195011,40.0,54800.0,72230.0,82880.0,105200.0,111720.0,Occupational Health and Safety Specialists
36980,210000,980.0,31460.0,37940.0,48780.0,67110.0,79610.0,Community and Social Service Occupations
36980,211012,100.0,34600.0,45020.0,60970.0,76660.0,84320.0,"Educational, Guidance, and Career Counselors and Advisors"
36980,211018,220.0,36700.0,42360.0,51770.0,68110.0,81670.0,"Substance Abuse, Behavioral Disorder, and Mental Health Counselors"
36980,211021,260.0,37370.0,44590.0,58920.0,67110.0,74000.0,"Child, Family, and School Social Workers"
36980,211022,40.0,43590.0,47530.0,56560.0,80900.0,80900.0,Healthcare Social Workers
36980,211023,40.0,26560.0,33520.0,37490.0,42780.0,48800.0,Mental Health and Substance Abuse Social Workers
36980,211093,210.0,29260.0,29260.0,33740.0,38840.0,47710.0,Social and Human Service Assistants
36980,230000,190.0,46420.0,59050.0,75590.0,127150.0,158580.0,Legal Occupations
36980,231011,110.0,60880.0,75230.0,97620.0,130130.0,163800.0,Lawyers
36980,232011,60.0,39600.0,46420.0,53320.0,62480.0,75410.0,Paralegals and Legal Assistants
36980,250000,2840.0,28200.0,35890.0,49350.0,63890.0,75350.0,Educational Instruction and Library Occupations
36980,251194,50.0,48640.0,61070.0,62710.0,62710.0,70080.0,"Career/Technical Education Teachers, Postsecondary"
36980,251199,120.0,41170.0,41170.0,50440.0,50440.0,56950.0,"Postsecondary Teachers, All Other"
36980,252011,260.0,27020.0,27040.0,28110.0,42100.0,60540.0,"Preschool Teachers, Except Special Education"
36980,252021,470.0,47360.0,47360.0,63010.0,64730.0,73450.0,"Elementary School Teachers, Except Special Education"
36980,252031,320.0,48570.0,49260.0,62150.0,75350.0,78150.0,"Secondary School Teachers, Except Special and Career/Technical Education"
36980,252052,90.0,47700.0,49200.0,60760.0,61190.0,73750.0,"Special Education Teachers, Kindergarten and Elementary School"
36980,253099,50.0,39460.0,39460.0,39460.0,49310.0,65320.0,"Teachers and Instructors, All Other"
36980,254022,50.0,45910.0,60740.0,72490.0,79100.0,79100.0,Librarians and Media Collections Specialists
36980,254031,30.0,34130.0,41350.0,49870.0,49870.0,49870.0,Library Technicians
36980,259045,520.0,27410.0,32600.0,35890.0,35890.0,37420.0,"Teaching Assistants, Except Postsecondary"
36980,270000,350.0,29320.0,31910.0,41380.0,54690.0,78420.0,"Arts, Design, Entertainment, Sports, and Media Occupations"
36980,271024,60.0,30380.0,30380.0,44950.0,53000.0,59260.0,Graphic Designers
36980,271026,40.0,31130.0,34660.0,43190.0,50690.0,66240.0,Merchandise Displayers and Window Trimmers
36980,272022,60.0,,,,,,Coaches and Scouts
36980,273031,40.0,34720.0,45760.0,69350.0,83190.0,102390.0,Public Relations Specialists
36980,290000,4140.0,39910.0,61750.0,81270.0,104000.0,140970.0,Healthcare Practitioners and Technical Occupations
36980,291051,120.0,103090.0,131840.0,139950.0,151730.0,165870.0,Pharmacists
36980,291122,60.0,70080.0,79990.0,95740.0,102700.0,106340.0,Occupational Therapists
36980,291123,90.0,70370.0,77670.0,83270.0,106010.0,127230.0,Physical Therapists
36980,291127,70.0,68390.0,76660.0,81270.0,101040.0,103550.0,Speech-Language Pathologists
36980,291141,1770.0,,,,,,Registered Nurses
36980,291171,150.0,99860.0,107880.0,128780.0,140970.0,172490.0,Nurse Practitioners
36980,291229,140.0,197180.0,325910.0,401180.0,401180.0,401180.0,"Physicians, All Other"
36980,291292,80.0,60670.0,65060.0,75490.0,78520.0,92440.0,Dental Hygienists
36980,292034,100.0,51740.0,51740.0,63010.0,81420.0,94470.0,Radiologic Technologists and Technicians
36980,292042,110.0,,,,,,Emergency Medical Technicians
36980,292052,260.0,32860.0,36620.0,40000.0,45760.0,49910.0,Pharmacy Technicians
36980,292061,170.0,49950.0,59070.0,62180.0,63620.0,72740.0,Licensed Practical and Licensed Vocational Nurses
36980,292072,60.0,29180.0,35410.0,45400.0,55620.0,77600.0,Medical Records Specialists
36980,310000,2990.0,29840.0,32850.0,37720.0,44890.0,48440.0,Healthcare Support Occupations
36980,311120,1180.0,27920.0,33500.0,36100.0,43450.0,46530.0,Home Health and Personal Care Aides
36980,311131,890.0,32850.0,32850.0,39020.0,39110.0,45260.0,Nursing Assistants
36980,312021,80.0,48320.0,55970.0,62860.0,70400.0,76620.0,Physical Therapist Assistants
36980,319091,160.0,35310.0,42550.0,45330.0,58030.0,59890.0,Dental Assistants
36980,319092,280.0,33400.0,34550.0,37020.0,43470.0,46420.0,Medical Assistants
36980,330000,1130.0,30080.0,31440.0,38730.0,55730.0,71670.0,Protective Service Occupations
36980,333012,90.0,38730.0,38730.0,41120.0,45280.0,46210.0,Correctional Officers and Jailers
36980,333051,170.0,47940.0,55420.0,61560.0,61560.0,73080.0,Police and Sheriff's Patrol Officers
36980,339032,560.0,29980.0,31440.0,31440.0,36750.0,49170.0,Security Guards
36980,350000,4860.0,20500.0,22740.0,27960.0,34060.0,42630.0,Food Preparation and Serving Related Occupations
36980,351011,30.0,32250.0,38440.0,47620.0,63290.0,76680.0,Chefs and Head Cooks
36980,351012,460.0,28710.0,29850.0,34910.0,44760.0,57520.0,First-Line Supervisors of Food Preparation and Serving Workers
36980,352011,620.0,20990.0,21680.0,22260.0,26720.0,29140.0,"Cooks, Fast Food"
36980,352012,330.0,27090.0,29880.0,30170.0,34050.0,34620.0,"Cooks, Institution and Cafeteria"
36980,352014,440.0,23640.0,28710.0,30010.0,36030.0,37380.0,"Cooks, Restaurant"
36980,352021,460.0,21840.0,23040.0,27130.0,32920.0,36280.0,Food Preparation Workers
36980,353011,160.0,15080.0,16390.0,26810.0,46700.0,68360.0,Bartenders
36980,353023,1080.0,21830.0,22690.0,26750.0,28100.0,33710.0,Fast Food and Counter Workers
36980,353031,780.0,16210.0,20270.0,29790.0,44590.0,60900.0,Waiters and Waitresses
36980,359011,120.0,15240.0,20500.0,23350.0,27960.0,32910.0,Dining Room and Cafeteria Attendants and Bartender Helpers
36980,359021,140.0,19220.0,23590.0,28450.0,29600.0,34600.0,Dishwashers
36980,359031,150.0,20520.0,22020.0,24050.0,28010.0,30970.0,"Hosts and Hostesses, Restaurant, Lounge, and Coffee Shop"
36980,370000,1590.0,24020.0,29030.0,31430.0,36600.0,44910.0,Building and Grounds Cleaning and Maintenance Occupations
36980,371011,70.0,34010.0,36910.0,39370.0,47690.0,58240.0,First-Line Supervisors of Housekeeping and Janitorial Workers
36980,371012,40.0,38600.0,47070.0,54450.0,64870.0,75210.0,"First-Line Supervisors of Landscaping, Lawn Service, and Groundskeeping Workers"
36980,372011,800.0,24640.0,29320.0,29320.0,35200.0,37280.0,"Janitors and Cleaners, Except Maids and Housekeeping Cleaners"
36980,372012,300.0,23190.0,26380.0,28310.0,32900.0,40500.0,Maids and Housekeeping Cleaners
36980,373011,320.0,26720.0,31430.0,35950.0,42790.0,45910.0,Landscaping and Groundskeeping Workers
36980,390000,760.0,19040.0,26200.0,29150.0,36100.0,46360.0,Personal Care and Service Occupations
36980,391014,50.0,30560.0,34210.0,35440.0,44000.0,50870.0,"First-Line Supervisors of Entertainment and Recreation Workers, Except Gambling Services"
36980,392021,70.0,22710.0,27120.0,29070.0,37670.0,47460.0,Animal Caretakers
36980,393091,50.0,16380.0,17270.0,24690.0,30000.0,35980.0,Amusement and Recreation Attendants
36980,395012,40.0,22530.0,26520.0,27890.0,36900.0,74380.0,"Hairdressers, Hairstylists, and Cosmetologists"
36980,399011,170.0,23640.0,27250.0,29150.0,31190.0,34940.0,Childcare Workers
36980,399032,150.0,22420.0,27000.0,27000.0,30120.0,38110.0,Recreation Workers
36980,399041,,18370.0,18370.0,18370.0,18370.0,37620.0,Residential Advisors
36980,410000,4310.0,22400.0,27120.0,32690.0,46350.0,72400.0,Sales and Related Occupations
36980,411011,500.0,28610.0,30740.0,42450.0,59210.0,73670.0,First-Line Supervisors of Retail Sales Workers
36980,411012,60.0,55010.0,57660.0,72010.0,92860.0,102440.0,First-Line Supervisors of Non-Retail Sales Workers
36980,412011,1130.0,21760.0,23250.0,27870.0,30580.0,34680.0,Cashiers
36980,412021,60.0,22080.0,29900.0,40000.0,49830.0,64490.0,Counter and Rental Clerks
36980,412022,110.0,23900.0,28760.0,37990.0,47050.0,55420.0,Parts Salespersons
36980,412031,1490.0,22340.0,26000.0,29030.0,35220.0,42440.0,Retail Salespersons
36980,413021,160.0,30680.0,44410.0,58950.0,80340.0,127040.0,Insurance Sales Agents
36980,413031,120.0,41780.0,47820.0,55260.0,78230.0,122850.0,"Securities, Commodities, and Financial Services Sales Agents"
36980,413091,220.0,36240.0,38680.0,47590.0,70010.0,90020.0,"Sales Representatives of Services, Except Advertising, Insurance, Financial Services, and Travel"
36980,414012,390.0,32810.0,44690.0,59050.0,86980.0,121840.0,"Sales Representatives, Wholesale and Manufacturing, Except Technical and Scientific Products"
36980,430000,5750.0,29700.0,35570.0,43360.0,51130.0,64560.0,Office and Administrative Support Occupations
36980,431011,380.0,41600.0,49870.0,62340.0,80130.0,98740.0,First-Line Supervisors of Office and Administrative Support Workers
36980,433021,80.0,35360.0,38630.0,45900.0,50280.0,60410.0,Billing and Posting Clerks
36980,433031,560.0,31200.0,38090.0,46430.0,57100.0,67220.0,"Bookkeeping, Accounting, and Auditing Clerks"
36980,433051,30.0,36000.0,47790.0,54350.0,73510.0,80680.0,Payroll and Timekeeping Clerks
36980,433071,150.0,30110.0,36350.0,38020.0,43670.0,44930.0,Tellers
36980,434031,50.0,36490.0,40670.0,44150.0,46840.0,52210.0,"Court, Municipal, and License Clerks"
36980,434051,920.0,29330.0,35870.0,45260.0,47650.0,58700.0,Customer Service Representatives
36980,434081,60.0,21810.0,22480.0,27880.0,33000.0,36670.0,"Hotel, Motel, and Resort Desk Clerks"
36980,434121,40.0,22710.0,28710.0,33790.0,35220.0,38430.0,"Library Assistants, Clerical"
36980,434131,220.0,40430.0,45630.0,46130.0,48790.0,58110.0,Loan Interviewers and Clerks
36980,434171,310.0,25010.0,29570.0,31300.0,37950.0,42480.0,Receptionists and Information Clerks
36980,435032,60.0,33860.0,38070.0,44690.0,62550.0,68720.0,"Dispatchers, Except Police, Fire, and Ambulance"
36980,435052,130.0,42390.0,51110.0,59880.0,75190.0,81040.0,Postal Service Mail Carriers
36980,435061,180.0,31790.0,39480.0,55590.0,65560.0,80230.0,"Production, Planning, and Expediting Clerks"
36980,435071,430.0,30640.0,34160.0,42950.0,56820.0,63320.0,"Shipping, Receiving, and Inventory Clerks"
36980,436011,40.0,41560.0,48690.0,54990.0,65160.0,89680.0,Executive Secretaries and Executive Administrative Assistants
36980,436012,70.0,28960.0,30870.0,36870.0,45610.0,52460.0,Legal Secretaries and Administrative Assistants
36980,436013,520.0,30570.0,35280.0,37070.0,44810.0,50030.0,Medical Secretaries and Administrative Assistants
36980,436014,470.0,30600.0,37470.0,39360.0,48160.0,56850.0,"Secretaries and Administrative Assistants, Except Legal, Medical, and Executive"
36980,439061,650.0,23640.0,30270.0,37190.0,45210.0,54080.0,"Office Clerks, General"
36980,450000,40.0,23080.0,31580.0,44010.0,52920.0,84790.0,"Farming, Fishing, and Forestry Occupations"
36980,470000,1860.0,36000.0,41340.0,50290.0,63590.0,80070.0,Construction and Extraction Occupations
36980,471011,210.0,47770.0,57650.0,71430.0,80560.0,100730.0,First-Line Supervisors of Construction Trades and Extraction Workers
36980,472031,210.0,35340.0,47160.0,52360.0,61140.0,75010.0,Carpenters
36980,472061,340.0,30830.0,36750.0,43760.0,48180.0,59630.0,Construction Laborers
36980,472073,140.0,35980.0,46650.0,49550.0,61300.0,81070.0,Operating Engineers and Other Construction Equipment Operators
36980,472111,260.0,36200.0,44540.0,55030.0,77220.0,85410.0,Electricians
36980,472141,50.0,36180.0,36740.0,45590.0,54260.0,78290.0,"Painters, Construction and Maintenance"
36980,472152,180.0,46040.0,52350.0,64310.0,79460.0,91170.0,"Plumbers, Pipefitters, and Steamfitters"
36980,474011,40.0,39470.0,56570.0,69050.0,78160.0,97110.0,Construction and Building Inspectors
36980,474051,50.0,37350.0,37350.0,40400.0,45200.0,50750.0,Highway Maintenance Workers
36980,490000,2290.0,34750.0,43650.0,57840.0,73170.0,83220.0,"Installation, Maintenance, and Repair Occupations"
36980,491011,190.0,50600.0,61600.0,76870.0,98200.0,109400.0,"First-Line Supervisors of Mechanics, Installers, and Repairers"
36980,493021,40.0,28490.0,35850.0,44250.0,57620.0,122570.0,Automotive Body and Related Repairers
36980,493023,290.0,30710.0,36490.0,43900.0,57600.0,71800.0,Automotive Service Technicians and Mechanics
36980,493031,60.0,36920.0,47550.0,53040.0,61090.0,71390.0,Bus and Truck Mechanics and Diesel Engine Specialists
36980,493042,40.0,42320.0,48850.0,56310.0,69960.0,78140.0,"Mobile Heavy Equipment Mechanics, Except Engines"
36980,493093,30.0,28620.0,28700.0,34640.0,39530.0,46100.0,Tire Repairers and Changers
36980,499021,160.0,46320.0,51590.0,60060.0,75880.0,81030.0,"Heating, Air Conditioning, and Refrigeration Mechanics and Installers"
36980,499041,480.0,46050.0,60690.0,73010.0,76950.0,81520.0,Industrial Machinery Mechanics
36980,499071,500.0,29720.0,37560.0,44530.0,58260.0,66340.0,"Maintenance and Repair Workers, General"
36980,510000,4770.0,30670.0,37580.0,49430.0,61250.0,67690.0,Production Occupations
36980,511011,360.0,45950.0,60710.0,69320.0,84280.0,100640.0,First-Line Supervisors of Production and Operating Workers
36980,512090,380.0,30450.0,33850.0,36030.0,44770.0,54180.0,Miscellaneous Assemblers and Fabricators
36980,513021,50.0,22770.0,29380.0,35370.0,38560.0,44690.0,Butchers and Meat Cutters
36980,514031,170.0,29760.0,34670.0,39970.0,51830.0,51830.0,"Cutting, Punching, and Press Machine Setters, Operators, and Tenders, Metal and Plastic"
36980,514041,90.0,38410.0,41790.0,47170.0,62580.0,75240.0,Machinists
36980,514121,410.0,40160.0,44990.0,51700.0,51700.0,60170.0,"Welders, Cutters, Solderers, and Brazers"
36980,516011,40.0,23570.0,24530.0,27500.0,31020.0,39420.0,Laundry and Dry-Cleaning Workers
36980,518031,70.0,31680.0,39420.0,57810.0,75460.0,75870.0,Water and Wastewater Treatment Plant and System Operators
36980,519061,320.0,34140.0,39770.0,49390.0,52560.0,63590.0,"Inspectors, Testers, Sorters, Samplers, and Weighers"
36980,519111,980.0,42320.0,50690.0,61250.0,61250.0,64300.0,Packaging and Filling Machine Operators and Tenders
36980,519199,60.0,29450.0,30420.0,33430.0,40140.0,42460.0,"Production Workers, All Other"
36980,530000,4840.0,29190.0,33570.0,40100.0,51030.0,62010.0,Transportation and Material Moving Occupations
36980,531047,220.0,37420.0,45790.0,62110.0,75420.0,94410.0,"First-Line Supervisors of Transportation and Material Moving Workers, Except Aircraft Cargo Handling"
36980,533031,150.0,18600.0,23250.0,30380.0,39000.0,48490.0,Driver/Sales Workers
36980,533032,840.0,37490.0,45800.0,50600.0,59450.0,76630.0,Heavy and Tractor-Trailer Truck Drivers
36980,533033,390.0,27780.0,33920.0,39700.0,49510.0,74050.0,Light Truck Drivers
36980,533051,160.0,38520.0,41800.0,44560.0,44560.0,44560.0,"Bus Drivers, School"
36980,533053,100.0,22600.0,29390.0,29390.0,32700.0,36060.0,Shuttle Drivers and Chauffeurs
36980,537051,240.0,37300.0,41960.0,50010.0,62080.0,63360.0,Industrial Truck and Tractor Operators
36980,537061,140.0,26730.0,29200.0,34430.0,39550.0,42130.0,Cleaners of Vehicles and Equipment
36980,537062,1130.0,29590.0,35400.0,39380.0,47440.0,60700.0,"Laborers and Freight, Stock, and Material Movers, Hand"
36980,537064,80.0,27520.0,30610.0,37180.0,41510.0,42110.0,"Packers and Packagers, Hand"
36980,537065,980.0,27990.0,29860.0,31210.0,35620.0,37750.0,Stockers and Order Fillers
36980,252012,70.0,46470.0,51960.0,65430.0,65430.0,74860.0,"Kindergarten Teachers, Except Special Education"
36980,252022,250.0,47840.0,49350.0,63070.0,65680.0,74160.0,"Middle School Teachers, Except Special and Career/Technical Education"
36980,252057,50.0,45720.0,50070.0,62030.0,62860.0,73810.0,"Special Education Teachers, Middle School"
36980,252058,60.0,49460.0,49460.0,64380.0,72740.0,77580.0,"Special Education Teachers, Secondary School"
36980,259031,70.0,52740.0,67290.0,76030.0,85270.0,99240.0,Instructional Coordinators
36980,259099,80.0,27900.0,35670.0,60550.0,82680.0,100240.0,"Educational Instruction and Library Workers, All Other"
36980,312011,30.0,39140.0,57040.0,70840.0,70840.0,71640.0,Occupational Therapy Assistants
36980,353041,70.0,24020.0,28200.0,29600.0,34870.0,35710.0,"Food Servers, Nonrestaurant"
36980,493041,60.0,34770.0,39980.0,53300.0,65940.0,96690.0,Farm Equipment Mechanics and Service Technicians
36980,499098,40.0,30960.0,31990.0,34290.0,37900.0,42750.0,"Helpers--Installation, Maintenance, and Repair Workers"
36980,513092,370.0,29090.0,36170.0,37090.0,42950.0,63400.0,Food Batchmakers
36980,514072,60.0,28280.0,28280.0,36430.0,48150.0,48150.0,"Molding, Coremaking, and Casting Machine Setters, Operators, and Tenders, Metal and Plastic"
36980,514111,80.0,36370.0,49550.0,63720.0,67720.0,70080.0,Tool and Die Makers
36980,516031,150.0,22690.0,22690.0,25980.0,30670.0,34790.0,Sewing Machine Operators
36980,519124,30.0,33790.0,34850.0,44340.0,50680.0,81330.0,"Coating, Painting, and Spraying Machine Setters, Operators, and Tenders"
36980,519198,80.0,33820.0,33820.0,38150.0,42230.0,42230.0,Helpers--Production Workers
36980,537063,40.0,36880.0,38690.0,43300.0,43300.0,56890.0,Machine Feeders and Offbearers
36980,291215,30.0,119560.0,128940.0,224740.0,273630.0,336760.0,Family Medicine Physicians
36980,319099,40.0,32670.0,35820.0,35820.0,35820.0,36120.0,"Healthcare Support Workers, All Other"
36980,519023,30.0,37190.0,42900.0,44820.0,57570.0,60970.0,"Mixing and Blending Machine Setters, Operators, and Tenders"
36980,519012,60.0,47100.0,60470.0,63700.0,65280.0,65280.0,"Separating, Filtering, Clarifying, Precipitating, and Still Machine Setters, Operators, and Tenders"
37620,000000,36280.0,24250.0,30010.0,42000.0,63230.0,97620.0,All Occupations
37620,110000,1970.0,47450.0,63860.0,92200.0,134020.0,188010.0,Management Occupations
37620,111011,60.0,78100.0,103570.0,174980.0,251620.0,410150.0,Chief Executives
37620,111021,740.0,44770.0,58180.0,81660.0,126920.0,170890.0,General and Operations Managers
37620,112022,70.0,50030.0,63860.0,74200.0,104380.0,164310.0,Sales Managers
37620,113012,80.0,60950.0,75100.0,85190.0,103450.0,136970.0,Administrative Services Managers
37620,113021,30.0,76630.0,109990.0,152860.0,168170.0,207760.0,Computer and Information Systems Managers
37620,113031,160.0,77310.0,94150.0,129780.0,160160.0,205900.0,Financial Managers
37620,113051,90.0,80150.0,93930.0,129500.0,150120.0,206640.0,Industrial Production Managers
37620,119021,30.0,54310.0,67960.0,92670.0,136400.0,167430.0,Construction Managers
37620,119032,60.0,57760.0,74970.0,79530.0,90900.0,93610.0,"Education Administrators, Kindergarten through Secondary"
37620,119051,90.0,36400.0,45030.0,47840.0,62450.0,70620.0,Food Service Managers
37620,119111,100.0,71500.0,85020.0,103590.0,153670.0,261940.0,Medical and Health Services Managers
37620,119141,40.0,33960.0,37190.0,47860.0,63740.0,93930.0,"Property, Real Estate, and Community Association Managers"
37620,119151,50.0,46170.0,48770.0,61370.0,76170.0,98450.0,Social and Community Service Managers
37620,119199,120.0,58510.0,94870.0,140390.0,170150.0,190420.0,"Managers, All Other"
37620,130000,2410.0,45460.0,62130.0,91560.0,108890.0,126440.0,Business and Financial Operations Occupations
37620,131020,60.0,46070.0,63130.0,87410.0,105370.0,115920.0,Buyers and Purchasing Agents
37620,131031,,53110.0,63480.0,70180.0,81110.0,100420.0,"Claims Adjusters, Examiners, and Investigators"
37620,131041,40.0,45790.0,51190.0,63430.0,103000.0,110410.0,Compliance Officers
37620,131051,30.0,47340.0,52490.0,74990.0,86230.0,120040.0,Cost Estimators
37620,131071,440.0,53170.0,69240.0,94520.0,112400.0,126440.0,Human Resources Specialists
37620,131082,90.0,58230.0,68880.0,98470.0,139980.0,166380.0,Project Management Specialists
37620,131111,120.0,79440.0,91950.0,108890.0,122930.0,136990.0,Management Analysts
37620,131151,70.0,39430.0,60570.0,79290.0,93050.0,97850.0,Training and Development Specialists
37620,131161,60.0,32340.0,36490.0,46020.0,68440.0,85510.0,Market Research Analysts and Marketing Specialists
37620,131199,190.0,34360.0,42850.0,63470.0,103380.0,129960.0,"Business Operations Specialists, All Other"
37620,132011,550.0,59510.0,78900.0,100420.0,112400.0,128670.0,Accountants and Auditors
37620,132020,30.0,29490.0,47560.0,47560.0,47560.0,74790.0,Property Appraisers and Assessors
37620,132072,80.0,36880.0,43240.0,59180.0,75010.0,105400.0,Loan Officers
37620,150000,590.0,51340.0,74400.0,100420.0,121900.0,139510.0,Computer and Mathematical Occupations
37620,151232,70.0,43100.0,47120.0,55910.0,65890.0,88590.0,Computer User Support Specialists
37620,151244,30.0,52110.0,59960.0,71670.0,91670.0,142110.0,Network and Computer Systems Administrators
37620,151299,350.0,81970.0,97470.0,106330.0,122930.0,139090.0,"Computer Occupations, All Other"
37620,170000,470.0,52240.0,72580.0,95570.0,131080.0,165770.0,Architecture and Engineering Occupations
37620,172051,80.0,44490.0,52300.0,70250.0,99110.0,111660.0,Civil Engineers
37620,172141,70.0,78110.0,88020.0,109370.0,130500.0,139810.0,Mechanical Engineers
37620,190000,260.0,41820.0,53280.0,69930.0,93060.0,115920.0,"Life, Physical, and Social Science Occupations"
37620,195011,30.0,47890.0,60790.0,91950.0,110160.0,132140.0,Occupational Health and Safety Specialists
37620,210000,780.0,30200.0,37950.0,46040.0,58970.0,69410.0,Community and Social Service Occupations
37620,211012,50.0,43600.0,45510.0,60420.0,60720.0,69390.0,"Educational, Guidance, and Career Counselors and Advisors"
37620,211015,30.0,28670.0,28670.0,28670.0,37440.0,45570.0,Rehabilitation Counselors
37620,211018,160.0,37760.0,38690.0,48490.0,58960.0,64510.0,"Substance Abuse, Behavioral Disorder, and Mental Health Counselors"
37620,211021,90.0,39080.0,48590.0,52220.0,57450.0,66040.0,"Child, Family, and School Social Workers"
37620,211022,70.0,50080.0,59400.0,63460.0,78810.0,79800.0,Healthcare Social Workers
37620,211092,40.0,37140.0,46420.0,53440.0,64420.0,77340.0,Probation Officers and Correctional Treatment Specialists
37620,211093,220.0,29380.0,32230.0,37990.0,42540.0,47930.0,Social and Human Service Assistants
37620,230000,360.0,39460.0,54690.0,81330.0,100420.0,125940.0,Legal Occupations
37620,231011,100.0,62650.0,79050.0,97460.0,127200.0,185540.0,Lawyers
37620,232011,200.0,36180.0,48390.0,76400.0,97470.0,106800.0,Paralegals and Legal Assistants
37620,250000,2020.0,29520.0,46440.0,49630.0,57170.0,62010.0,Educational Instruction and Library Occupations
37620,252011,130.0,23430.0,27510.0,35470.0,49190.0,58540.0,"Preschool Teachers, Except Special Education"
37620,252021,230.0,48550.0,50960.0,55140.0,59270.0,62830.0,"Elementary School Teachers, Except Special Education"
37620,253031,460.0,46080.0,49630.0,49630.0,49630.0,49630.0,"Substitute Teachers, Short-Term"
37620,254031,30.0,29550.0,38170.0,44310.0,47560.0,60530.0,Library Technicians
37620,259045,210.0,28170.0,28580.0,29500.0,30050.0,36340.0,"Teaching Assistants, Except Postsecondary"
37620,270000,210.0,27610.0,32640.0,38340.0,60410.0,91170.0,"Arts, Design, Entertainment, Sports, and Media Occupations"
37620,271024,30.0,30140.0,35360.0,39250.0,44980.0,58260.0,Graphic Designers
37620,271026,50.0,28250.0,32640.0,33280.0,37940.0,46550.0,Merchandise Displayers and Window Trimmers
37620,290000,2740.0,38210.0,52300.0,77300.0,100720.0,150350.0,Healthcare Practitioners and Technical Occupations
37620,291051,100.0,83340.0,107650.0,130310.0,143680.0,164520.0,Pharmacists
37620,291071,60.0,104330.0,109080.0,125290.0,136370.0,156950.0,Physician Assistants
37620,291122,40.0,54620.0,76000.0,96040.0,117010.0,127460.0,Occupational Therapists
37620,291123,90.0,74740.0,77290.0,96170.0,106570.0,124150.0,Physical Therapists
37620,291127,30.0,57620.0,63530.0,81930.0,98570.0,125770.0,Speech-Language Pathologists
37620,291141,910.0,53570.0,64970.0,79000.0,97620.0,114600.0,Registered Nurses
37620,291171,170.0,97900.0,106520.0,126550.0,131250.0,147080.0,Nurse Practitioners
37620,291229,50.0,127360.0,220240.0,267690.0,325100.0,370900.0,"Physicians, All Other"
37620,291292,70.0,60970.0,63040.0,74190.0,74910.0,78270.0,Dental Hygienists
37620,292052,150.0,30500.0,33900.0,38210.0,44460.0,46490.0,Pharmacy Technicians
37620,292061,250.0,45500.0,50720.0,57030.0,60920.0,69610.0,Licensed Practical and Licensed Vocational Nurses
37620,292072,50.0,30830.0,35750.0,38840.0,46450.0,61580.0,Medical Records Specialists
37620,292081,30.0,31570.0,32440.0,38120.0,44410.0,53610.0,"Opticians, Dispensing"
37620,310000,2250.0,24690.0,26920.0,29710.0,36660.0,43870.0,Healthcare Support Occupations
37620,311120,1270.0,23170.0,26460.0,26920.0,28640.0,32000.0,Home Health and Personal Care Aides
37620,311131,400.0,31060.0,35210.0,36220.0,37620.0,43160.0,Nursing Assistants
37620,312021,60.0,44680.0,48470.0,57790.0,63080.0,74540.0,Physical Therapist Assistants
37620,319091,70.0,32410.0,36360.0,36820.0,42990.0,49270.0,Dental Assistants
37620,319092,260.0,31050.0,35870.0,37180.0,39440.0,45730.0,Medical Assistants
37620,330000,630.0,22860.0,30690.0,45790.0,53140.0,62860.0,Protective Service Occupations
37620,333051,130.0,50250.0,50710.0,55540.0,57700.0,58320.0,Police and Sheriff's Patrol Officers
37620,339032,160.0,22860.0,23080.0,29730.0,36140.0,46630.0,Security Guards
37620,339091,70.0,,,,,,Crossing Guards and Flaggers
37620,350000,3780.0,21410.0,22480.0,27060.0,33170.0,43790.0,Food Preparation and Serving Related Occupations
37620,351012,400.0,27130.0,28790.0,30100.0,36090.0,47120.0,First-Line Supervisors of Food Preparation and Serving Workers
37620,352011,1120.0,21550.0,22200.0,22780.0,26590.0,27610.0,"Cooks, Fast Food"
37620,352012,180.0,23870.0,27140.0,29000.0,33200.0,37010.0,"Cooks, Institution and Cafeteria"
37620,352014,410.0,21750.0,23210.0,29700.0,30710.0,36250.0,"Cooks, Restaurant"
37620,352021,160.0,21460.0,23010.0,27370.0,30170.0,34870.0,Food Preparation Workers
37620,353011,190.0,19120.0,22920.0,29100.0,45080.0,64140.0,Bartenders
37620,353023,330.0,19290.0,22010.0,23260.0,29370.0,34620.0,Fast Food and Counter Workers
37620,353031,610.0,18870.0,21920.0,35290.0,48180.0,60280.0,Waiters and Waitresses
37620,359011,70.0,21650.0,23040.0,27500.0,36660.0,55300.0,Dining Room and Cafeteria Attendants and Bartender Helpers
37620,359021,110.0,21450.0,22650.0,26720.0,28340.0,32310.0,Dishwashers
37620,359031,130.0,19350.0,21970.0,23950.0,27400.0,29550.0,"Hosts and Hostesses, Restaurant, Lounge, and Coffee Shop"
37620,370000,950.0,23150.0,27180.0,30270.0,36310.0,43680.0,Building and Grounds Cleaning and Maintenance Occupations
37620,371011,30.0,29330.0,33230.0,43630.0,47340.0,70870.0,First-Line Supervisors of Housekeeping and Janitorial Workers
37620,372011,410.0,23150.0,27180.0,30670.0,36470.0,42660.0,"Janitors and Cleaners, Except Maids and Housekeeping Cleaners"
37620,372012,270.0,22550.0,24720.0,27880.0,29260.0,35650.0,Maids and Housekeeping Cleaners
37620,373011,150.0,27840.0,30260.0,32760.0,36250.0,42990.0,Landscaping and Groundskeeping Workers
37620,390000,580.0,20990.0,24450.0,28990.0,35480.0,45750.0,Personal Care and Service Occupations
37620,392021,70.0,22050.0,24450.0,27850.0,33400.0,45750.0,Animal Caretakers
37620,393091,30.0,20990.0,20990.0,25080.0,25720.0,35920.0,Amusement and Recreation Attendants
37620,395012,80.0,24130.0,28830.0,30490.0,44310.0,58660.0,"Hairdressers, Hairstylists, and Cosmetologists"
37620,399011,90.0,22490.0,23560.0,27620.0,28080.0,29710.0,Childcare Workers
37620,399032,40.0,21330.0,22330.0,27900.0,31680.0,38430.0,Recreation Workers
37620,399041,60.0,24960.0,29500.0,30880.0,36350.0,38160.0,Residential Advisors
37620,410000,3860.0,21730.0,23920.0,29250.0,37500.0,56910.0,Sales and Related Occupations
37620,411011,500.0,27800.0,32180.0,40450.0,49140.0,63580.0,First-Line Supervisors of Retail Sales Workers
37620,411012,40.0,48420.0,53380.0,57540.0,70070.0,78770.0,First-Line Supervisors of Non-Retail Sales Workers
37620,412011,950.0,21110.0,22090.0,26510.0,29450.0,33550.0,Cashiers
37620,412021,130.0,22670.0,28900.0,33880.0,39380.0,53640.0,Counter and Rental Clerks
37620,412022,130.0,23080.0,28580.0,37530.0,48420.0,60860.0,Parts Salespersons
37620,412031,1580.0,21800.0,23920.0,28220.0,34750.0,37500.0,Retail Salespersons
37620,413021,90.0,27730.0,30640.0,56840.0,75310.0,126410.0,Insurance Sales Agents
37620,413031,60.0,37210.0,44110.0,48190.0,60100.0,81080.0,"Securities, Commodities, and Financial Services Sales Agents"
37620,413091,130.0,27660.0,34860.0,49460.0,67140.0,128710.0,"Sales Representatives of Services, Except Advertising, Insurance, Financial Services, and Travel"
37620,414012,110.0,32810.0,45810.0,61240.0,78470.0,103830.0,"Sales Representatives, Wholesale and Manufacturing, Except Technical and Scientific Products"
37620,430000,3700.0,28090.0,32070.0,38650.0,48390.0,61610.0,Office and Administrative Support Occupations
37620,431011,330.0,36750.0,45140.0,56800.0,68120.0,93610.0,First-Line Supervisors of Office and Administrative Support Workers
37620,433021,120.0,31850.0,36510.0,38430.0,43420.0,48010.0,Billing and Posting Clerks
37620,433031,400.0,33790.0,38560.0,44980.0,54260.0,61470.0,"Bookkeeping, Accounting, and Auditing Clerks"
37620,433071,150.0,28090.0,28440.0,29520.0,34270.0,35960.0,Tellers
37620,434031,60.0,28550.0,29120.0,38640.0,42900.0,46270.0,"Court, Municipal, and License Clerks"
37620,434051,330.0,26350.0,31390.0,37190.0,45820.0,58160.0,Customer Service Representatives
37620,434111,110.0,30430.0,32000.0,36490.0,37510.0,44050.0,"Interviewers, Except Eligibility and Loan"
37620,434131,60.0,36250.0,36490.0,37680.0,45700.0,47450.0,Loan Interviewers and Clerks
37620,434161,60.0,38190.0,44950.0,50140.0,57160.0,59950.0,"Human Resources Assistants, Except Payroll and Timekeeping"
37620,434171,330.0,25700.0,28840.0,31880.0,35840.0,39680.0,Receptionists and Information Clerks
37620,434199,30.0,34940.0,37840.0,49730.0,55430.0,64540.0,"Information and Record Clerks, All Other"
37620,435031,40.0,29910.0,29910.0,29910.0,48250.0,49560.0,Public Safety Telecommunicators
37620,435032,30.0,28770.0,33090.0,37440.0,47200.0,74090.0,"Dispatchers, Except Police, Fire, and Ambulance"
37620,435052,130.0,42390.0,43120.0,56300.0,75320.0,81040.0,Postal Service Mail Carriers
37620,435061,50.0,,,,,,"Production, Planning, and Expediting Clerks"
37620,435071,130.0,30740.0,32980.0,39520.0,46280.0,57650.0,"Shipping, Receiving, and Inventory Clerks"
37620,436012,40.0,29880.0,43400.0,48900.0,57480.0,59410.0,Legal Secretaries and Administrative Assistants
37620,436013,60.0,30500.0,35520.0,38080.0,45380.0,45380.0,Medical Secretaries and Administrative Assistants
37620,436014,410.0,29140.0,33730.0,39080.0,47630.0,57180.0,"Secretaries and Administrative Assistants, Except Legal, Medical, and Executive"
37620,439041,50.0,35060.0,37520.0,44860.0,47320.0,57210.0,Insurance Claims and Policy Processing Clerks
37620,439061,390.0,23550.0,27650.0,33110.0,38960.0,46800.0,"Office Clerks, General"
37620,450000,40.0,24070.0,27610.0,36080.0,55980.0,73210.0,"Farming, Fishing, and Forestry Occupations"
37620,470000,1620.0,34570.0,39020.0,48370.0,61690.0,75600.0,Construction and Extraction Occupations
37620,471011,160.0,47000.0,59700.0,71220.0,78790.0,96870.0,First-Line Supervisors of Construction Trades and Extraction Workers
37620,472031,170.0,35710.0,37400.0,47090.0,57430.0,65970.0,Carpenters
37620,472051,70.0,36860.0,36860.0,51950.0,51950.0,55950.0,Cement Masons and Concrete Finishers
37620,472061,340.0,31310.0,37610.0,41650.0,46270.0,59070.0,Construction Laborers
37620,472073,330.0,32230.0,39000.0,47450.0,54950.0,61690.0,Operating Engineers and Other Construction Equipment Operators
37620,472111,140.0,38060.0,44490.0,59550.0,72700.0,79760.0,Electricians
37620,472152,50.0,36080.0,45770.0,49580.0,61820.0,77840.0,"Plumbers, Pipefitters, and Steamfitters"
37620,490000,1750.0,30110.0,36700.0,48170.0,76070.0,93670.0,"Installation, Maintenance, and Repair Occupations"
37620,491011,140.0,39810.0,48970.0,61650.0,92830.0,109950.0,"First-Line Supervisors of Mechanics, Installers, and Repairers"
37620,492011,40.0,31300.0,37470.0,44230.0,52620.0,58620.0,"Computer, Automated Teller, and Office Machine Repairers"
37620,493021,60.0,36480.0,41290.0,47050.0,48270.0,58690.0,Automotive Body and Related Repairers
37620,493023,330.0,27900.0,34770.0,37250.0,48050.0,62400.0,Automotive Service Technicians and Mechanics
37620,493031,60.0,35140.0,36950.0,43680.0,49910.0,73260.0,Bus and Truck Mechanics and Diesel Engine Specialists
37620,493042,60.0,34200.0,41970.0,47280.0,51210.0,69620.0,"Mobile Heavy Equipment Mechanics, Except Engines"
37620,499012,30.0,46350.0,63890.0,79840.0,82980.0,90250.0,"Control and Valve Installers and Repairers, Except Mechanical Door"
37620,499021,90.0,33570.0,38480.0,45600.0,49620.0,60890.0,"Heating, Air Conditioning, and Refrigeration Mechanics and Installers"
37620,499041,200.0,52660.0,75510.0,93670.0,93730.0,93730.0,Industrial Machinery Mechanics
37620,499071,330.0,28530.0,30610.0,39330.0,49520.0,76450.0,"Maintenance and Repair Workers, General"
37620,510000,2240.0,30440.0,36380.0,43610.0,65540.0,92620.0,Production Occupations
37620,511011,190.0,45060.0,50610.0,59910.0,82680.0,111950.0,First-Line Supervisors of Production and Operating Workers
37620,512090,510.0,36520.0,39850.0,40100.0,40100.0,45360.0,Miscellaneous Assemblers and Fabricators
37620,513021,40.0,23330.0,28610.0,31600.0,35380.0,38470.0,Butchers and Meat Cutters
37620,514121,90.0,36180.0,41810.0,49330.0,58150.0,66520.0,"Welders, Cutters, Solderers, and Brazers"
37620,516011,90.0,23650.0,27480.0,28710.0,31960.0,37020.0,Laundry and Dry-Cleaning Workers
37620,518031,60.0,40170.0,45660.0,51210.0,51210.0,60340.0,Water and Wastewater Treatment Plant and System Operators
37620,519061,120.0,33330.0,46590.0,62630.0,86120.0,128750.0,"Inspectors, Testers, Sorters, Samplers, and Weighers"
37620,519199,240.0,28830.0,36380.0,36380.0,36380.0,47480.0,"Production Workers, All Other"
37620,530000,3080.0,26710.0,30880.0,35940.0,44840.0,57330.0,Transportation and Material Moving Occupations
37620,531047,160.0,36360.0,40390.0,49380.0,59970.0,79540.0,"First-Line Supervisors of Transportation and Material Moving Workers, Except Aircraft Cargo Handling"
37620,533031,190.0,18710.0,21750.0,30740.0,50190.0,60790.0,Driver/Sales Workers
37620,533032,540.0,36070.0,39790.0,47050.0,57310.0,73070.0,Heavy and Tractor-Trailer Truck Drivers
37620,533033,180.0,23520.0,28850.0,38970.0,47920.0,94200.0,Light Truck Drivers
37620,533053,70.0,21540.0,21540.0,23340.0,28620.0,37530.0,Shuttle Drivers and Chauffeurs
37620,537051,80.0,30760.0,38450.0,46120.0,46400.0,46410.0,Industrial Truck and Tractor Operators
37620,537061,80.0,22390.0,23180.0,29250.0,31870.0,35230.0,Cleaners of Vehicles and Equipment
37620,537062,570.0,27630.0,30880.0,36330.0,38220.0,44490.0,"Laborers and Freight, Stock, and Material Movers, Hand"
37620,537064,40.0,22190.0,22200.0,27700.0,27770.0,34950.0,"Packers and Packagers, Hand"
37620,537065,830.0,27950.0,30120.0,33410.0,37410.0,38500.0,Stockers and Order Fillers
37620,472211,60.0,46540.0,73030.0,73030.0,73730.0,74480.0,Sheet Metal Workers
37620,519011,330.0,63920.0,66060.0,66060.0,92620.0,92620.0,Chemical Equipment Operators and Tenders
37620,519198,40.0,31670.0,34310.0,37420.0,45420.0,47240.0,Helpers--Production Workers
37620,537081,30.0,28720.0,34450.0,38250.0,44350.0,49720.0,Refuse and Recyclable Material Collectors
37620,132099,340.0,63130.0,75360.0,97470.0,109300.0,119430.0,"Financial Specialists, All Other"
37620,394021,40.0,27630.0,27630.0,29040.0,29180.0,36910.0,Funeral Attendants
37620,299093,30.0,33920.0,47970.0,48120.0,50640.0,64630.0,Surgical Assistants
37620,412012,60.0,19050.0,20700.0,21880.0,22000.0,32230.0,Gambling Change Persons and Booth Cashiers
37620,512041,60.0,42220.0,45760.0,45770.0,46810.0,69140.0,Structural Metal Fabricators and Fitters
44220,000000,45860.0,27910.0,35220.0,45470.0,65150.0,91510.0,All Occupations
44220,110000,2700.0,49390.0,65960.0,93760.0,127120.0,170620.0,Management Occupations
44220,111021,1120.0,44600.0,59320.0,79490.0,125380.0,178760.0,General and Operations Managers
44220,112021,50.0,67540.0,67540.0,111110.0,150610.0,181260.0,Marketing Managers
44220,112022,90.0,66250.0,94640.0,129120.0,162500.0,212330.0,Sales Managers
44220,113012,40.0,62860.0,83460.0,97110.0,107330.0,128140.0,Administrative Services Managers
44220,113013,40.0,48310.0,65260.0,88460.0,119340.0,139990.0,Facilities Managers
44220,113021,60.0,76030.0,102860.0,125460.0,160780.0,199740.0,Computer and Information Systems Managers
44220,113031,150.0,72190.0,89520.0,124240.0,165790.0,221640.0,Financial Managers
44220,113051,130.0,71860.0,82590.0,98630.0,119790.0,153300.0,Industrial Production Managers
44220,113071,70.0,62750.0,72830.0,95900.0,122280.0,158270.0,"Transportation, Storage, and Distribution Managers"
44220,113121,50.0,81030.0,105790.0,128140.0,168600.0,199990.0,Human Resources Managers
44220,119021,60.0,66090.0,81200.0,97560.0,121550.0,160540.0,Construction Managers
44220,119032,150.0,65380.0,79500.0,96750.0,106500.0,120590.0,"Education Administrators, Kindergarten through Secondary"
44220,119041,50.0,81180.0,97570.0,121340.0,140030.0,181260.0,Architectural and Engineering Managers
44220,119051,60.0,44320.0,54720.0,58890.0,71590.0,76740.0,Food Service Managers
44220,119111,180.0,64870.0,78890.0,100810.0,127120.0,166520.0,Medical and Health Services Managers
44220,119141,70.0,28080.0,36650.0,46120.0,60890.0,80080.0,"Property, Real Estate, and Community Association Managers"
44220,119151,40.0,45400.0,51470.0,67210.0,83750.0,102970.0,Social and Community Service Managers
44220,119199,70.0,81500.0,104170.0,119500.0,133470.0,167520.0,"Managers, All Other"
44220,130000,1660.0,39990.0,50110.0,67810.0,90970.0,118870.0,Business and Financial Operations Occupations
44220,131020,120.0,43240.0,52460.0,66370.0,91400.0,115610.0,Buyers and Purchasing Agents
44220,131041,130.0,46810.0,50110.0,60400.0,70830.0,95010.0,Compliance Officers
44220,131051,50.0,52300.0,61980.0,78440.0,99990.0,121330.0,Cost Estimators
44220,131071,200.0,45380.0,48820.0,62390.0,76470.0,91250.0,Human Resources Specialists
44220,131081,40.0,46730.0,60320.0,82510.0,103070.0,113650.0,Logisticians
44220,131082,140.0,53290.0,61580.0,77490.0,103720.0,128270.0,Project Management Specialists
44220,131111,80.0,50640.0,73350.0,97570.0,126840.0,165790.0,Management Analysts
44220,131151,110.0,27320.0,30250.0,48210.0,77330.0,101870.0,Training and Development Specialists
44220,131161,100.0,31060.0,46820.0,61210.0,76050.0,99530.0,Market Research Analysts and Marketing Specialists
44220,131199,170.0,28820.0,42690.0,67600.0,94970.0,121070.0,"Business Operations Specialists, All Other"
44220,132011,270.0,48240.0,57990.0,71420.0,92980.0,123390.0,Accountants and Auditors
44220,132072,30.0,39810.0,46060.0,62860.0,100790.0,127010.0,Loan Officers
44220,150000,730.0,44380.0,60380.0,78060.0,104750.0,133800.0,Computer and Mathematical Occupations
44220,151211,130.0,64160.0,71040.0,82730.0,114160.0,153180.0,Computer Systems Analysts
44220,151231,60.0,48380.0,62660.0,65940.0,102500.0,127780.0,Computer Network Support Specialists
44220,151232,130.0,37220.0,45810.0,50680.0,62610.0,83540.0,Computer User Support Specialists
44220,151244,70.0,53190.0,62590.0,82260.0,105360.0,143900.0,Network and Computer Systems Administrators
44220,151251,40.0,,,,,,Computer Programmers
44220,151252,80.0,73260.0,94380.0,118150.0,133000.0,155520.0,Software Developers
44220,151299,60.0,,,,,,"Computer Occupations, All Other"
44220,170000,480.0,50990.0,62380.0,76580.0,101780.0,127650.0,Architecture and Engineering Occupations
44220,172112,140.0,64810.0,74540.0,95860.0,125100.0,132480.0,Industrial Engineers
44220,172141,70.0,58440.0,79040.0,89520.0,103920.0,124540.0,Mechanical Engineers
44220,173026,40.0,44240.0,63200.0,67620.0,67620.0,67620.0,Industrial Engineering Technologists and Technicians
44220,190000,160.0,48380.0,58750.0,76690.0,92540.0,108230.0,"Life, Physical, and Social Science Occupations"
44220,195011,30.0,49810.0,59000.0,82100.0,97250.0,125040.0,Occupational Health and Safety Specialists
44220,210000,800.0,36120.0,42780.0,50500.0,63090.0,78540.0,Community and Social Service Occupations
44220,211012,140.0,38580.0,44650.0,56370.0,77790.0,93100.0,"Educational, Guidance, and Career Counselors and Advisors"
44220,211018,140.0,38220.0,46920.0,55940.0,61890.0,78540.0,"Substance Abuse, Behavioral Disorder, and Mental Health Counselors"
44220,211021,180.0,40290.0,45450.0,50500.0,64730.0,66440.0,"Child, Family, and School Social Workers"
44220,211022,40.0,43970.0,46280.0,61830.0,69980.0,76160.0,Healthcare Social Workers
44220,211023,60.0,36890.0,42040.0,45120.0,57210.0,63530.0,Mental Health and Substance Abuse Social Workers
44220,211092,60.0,39330.0,49260.0,49260.0,61900.0,79910.0,Probation Officers and Correctional Treatment Specialists
44220,211093,50.0,27590.0,31690.0,35780.0,41980.0,54060.0,Social and Human Service Assistants
44220,230000,150.0,39450.0,55580.0,78360.0,103160.0,177440.0,Legal Occupations
44220,231011,70.0,61160.0,77880.0,94470.0,127520.0,179510.0,Lawyers
44220,232011,40.0,36660.0,39090.0,47680.0,59640.0,74210.0,Paralegals and Legal Assistants
44220,250000,3380.0,31750.0,43040.0,60380.0,79010.0,93480.0,Educational Instruction and Library Occupations
44220,252011,170.0,27520.0,28540.0,33410.0,38860.0,57860.0,"Preschool Teachers, Except Special Education"
44220,252021,580.0,46590.0,57020.0,77320.0,85290.0,93050.0,"Elementary School Teachers, Except Special Education"
44220,252031,470.0,46530.0,51470.0,63030.0,78650.0,94180.0,"Secondary School Teachers, Except Special and Career/Technical Education"
44220,252052,110.0,46890.0,59550.0,76580.0,79210.0,92090.0,"Special Education Teachers, Kindergarten and Elementary School"
44220,253031,100.0,28470.0,29670.0,34230.0,37220.0,45790.0,"Substitute Teachers, Short-Term"
44220,254022,40.0,38910.0,45410.0,56720.0,73570.0,94720.0,Librarians and Media Collections Specialists
44220,254031,30.0,26350.0,30920.0,36110.0,38200.0,45020.0,Library Technicians
44220,259045,530.0,26880.0,28150.0,36480.0,42870.0,48910.0,"Teaching Assistants, Except Postsecondary"
44220,270000,360.0,29280.0,36640.0,45620.0,62280.0,84130.0,"Arts, Design, Entertainment, Sports, and Media Occupations"
44220,271024,30.0,36100.0,45760.0,51840.0,65990.0,73070.0,Graphic Designers
44220,272022,120.0,29080.0,30440.0,39070.0,48690.0,77350.0,Coaches and Scouts
44220,273031,30.0,30790.0,38600.0,54930.0,70490.0,86900.0,Public Relations Specialists
44220,290000,3260.0,40350.0,57510.0,77380.0,95770.0,134060.0,Healthcare Practitioners and Technical Occupations
44220,291021,30.0,63020.0,132460.0,172680.0,239360.0,304190.0,"Dentists, General"
44220,291051,90.0,42220.0,113280.0,132880.0,147020.0,159850.0,Pharmacists
44220,291071,50.0,82790.0,108920.0,117830.0,124910.0,163730.0,Physician Assistants
44220,291122,40.0,67600.0,81460.0,94330.0,118410.0,132080.0,Occupational Therapists
44220,291123,70.0,79730.0,95770.0,104870.0,107320.0,124280.0,Physical Therapists
44220,291126,,67780.0,78020.0,78020.0,78020.0,89250.0,Respiratory Therapists
44220,291127,50.0,61830.0,67210.0,82030.0,96940.0,136650.0,Speech-Language Pathologists
44220,291141,1060.0,60760.0,75340.0,80060.0,86300.0,98330.0,Registered Nurses
44220,291171,110.0,104330.0,113210.0,124440.0,129380.0,155600.0,Nurse Practitioners
44220,291229,120.0,147070.0,235700.0,374300.0,549590.0,549590.0,"Physicians, All Other"
44220,291292,80.0,76900.0,78350.0,80600.0,92160.0,97450.0,Dental Hygienists
44220,292034,60.0,50050.0,63530.0,76130.0,79230.0,83240.0,Radiologic Technologists and Technicians
44220,292042,120.0,33080.0,35410.0,35740.0,40990.0,43680.0,Emergency Medical Technicians
44220,292052,140.0,35370.0,36060.0,42570.0,47180.0,48300.0,Pharmacy Technicians
44220,292053,50.0,35570.0,35570.0,36700.0,36700.0,37960.0,Psychiatric Technicians
44220,292056,50.0,33610.0,40050.0,46350.0,50270.0,53880.0,Veterinary Technologists and Technicians
44220,292061,550.0,50060.0,55860.0,61350.0,64710.0,71630.0,Licensed Practical and Licensed Vocational Nurses
44220,292072,30.0,26050.0,26050.0,39650.0,46870.0,55480.0,Medical Records Specialists
44220,292099,50.0,38180.0,38510.0,48040.0,64590.0,81130.0,"Health Technologists and Technicians, All Other"
44220,310000,1920.0,30020.0,35160.0,37590.0,42520.0,46960.0,Healthcare Support Occupations
44220,311120,630.0,27950.0,30020.0,34860.0,36190.0,39890.0,Home Health and Personal Care Aides
44220,311131,720.0,35570.0,37510.0,38020.0,41910.0,44970.0,Nursing Assistants
44220,312021,60.0,57910.0,62660.0,64860.0,74370.0,77590.0,Physical Therapist Assistants
44220,319091,100.0,36300.0,38440.0,45660.0,57780.0,80580.0,Dental Assistants
44220,319092,250.0,33280.0,36540.0,37850.0,43820.0,46810.0,Medical Assistants
44220,330000,720.0,27760.0,37540.0,51220.0,75010.0,81480.0,Protective Service Occupations
44220,331012,50.0,60230.0,76870.0,98920.0,99870.0,110030.0,First-Line Supervisors of Police and Detectives
44220,332011,90.0,,,,,,Firefighters
44220,333051,170.0,49210.0,56210.0,63120.0,78830.0,81320.0,Police and Sheriff's Patrol Officers
44220,339032,160.0,22260.0,31260.0,37540.0,44310.0,55020.0,Security Guards
44220,350000,4760.0,22870.0,26860.0,28520.0,35420.0,44550.0,Food Preparation and Serving Related Occupations
44220,351012,520.0,29810.0,33530.0,35750.0,43380.0,53230.0,First-Line Supervisors of Food Preparation and Serving Workers
44220,352011,180.0,22290.0,23070.0,25980.0,27960.0,34550.0,"Cooks, Fast Food"
44220,352012,280.0,29110.0,31070.0,35590.0,38890.0,45170.0,"Cooks, Institution and Cafeteria"
44220,352014,320.0,27410.0,28990.0,34490.0,36200.0,44100.0,"Cooks, Restaurant"
44220,352015,50.0,23570.0,25740.0,27600.0,29650.0,33060.0,"Cooks, Short Order"
44220,352021,160.0,24370.0,27800.0,31840.0,36920.0,43790.0,Food Preparation Workers
44220,353011,160.0,22260.0,23320.0,28440.0,38320.0,51520.0,Bartenders
44220,353023,1990.0,22710.0,24090.0,27490.0,28450.0,33990.0,Fast Food and Counter Workers
44220,353031,560.0,23210.0,28680.0,36060.0,47800.0,58980.0,Waiters and Waitresses
44220,359011,120.0,22260.0,24090.0,27940.0,34970.0,43240.0,Dining Room and Cafeteria Attendants and Bartender Helpers
44220,359021,110.0,22870.0,23920.0,27940.0,30850.0,35800.0,Dishwashers
44220,359031,100.0,22550.0,22910.0,25770.0,29230.0,36550.0,"Hosts and Hostesses, Restaurant, Lounge, and Coffee Shop"
44220,370000,1250.0,27050.0,30180.0,35340.0,40270.0,47460.0,Building and Grounds Cleaning and Maintenance Occupations
44220,371011,50.0,35360.0,39020.0,43620.0,54830.0,63120.0,First-Line Supervisors of Housekeeping and Janitorial Workers
44220,371012,30.0,38540.0,45030.0,52310.0,59380.0,82070.0,"First-Line Supervisors of Landscaping, Lawn Service, and Groundskeeping Workers"
44220,372011,540.0,27050.0,31520.0,36410.0,42900.0,47510.0,"Janitors and Cleaners, Except Maids and Housekeeping Cleaners"
44220,372012,300.0,26270.0,28540.0,31110.0,33080.0,34290.0,Maids and Housekeeping Cleaners
44220,373011,310.0,25740.0,31180.0,36980.0,43880.0,47230.0,Landscaping and Groundskeeping Workers
44220,390000,640.0,23260.0,27430.0,31260.0,38070.0,50480.0,Personal Care and Service Occupations
44220,392021,110.0,23370.0,27200.0,29890.0,32170.0,42560.0,Animal Caretakers
44220,393091,40.0,22400.0,22620.0,22880.0,27520.0,29930.0,Amusement and Recreation Attendants
44220,395012,80.0,22260.0,27220.0,33280.0,50480.0,62830.0,"Hairdressers, Hairstylists, and Cosmetologists"
44220,399011,60.0,23360.0,26230.0,30610.0,35830.0,38240.0,Childcare Workers
44220,399031,50.0,25260.0,25900.0,31020.0,37430.0,52260.0,Exercise Trainers and Group Fitness Instructors
44220,399032,80.0,25530.0,28640.0,33900.0,37160.0,41600.0,Recreation Workers
44220,399041,30.0,31310.0,32750.0,32750.0,37520.0,44360.0,Residential Advisors
44220,410000,3640.0,24110.0,27730.0,34130.0,49300.0,70890.0,Sales and Related Occupations
44220,411011,380.0,29790.0,33130.0,42520.0,55120.0,62400.0,First-Line Supervisors of Retail Sales Workers
44220,411012,40.0,48500.0,59830.0,72160.0,104580.0,131750.0,First-Line Supervisors of Non-Retail Sales Workers
44220,412011,1080.0,23310.0,25730.0,28150.0,31490.0,35410.0,Cashiers
44220,412021,60.0,24510.0,30430.0,35220.0,46950.0,73700.0,Counter and Rental Clerks
44220,412022,120.0,26620.0,27380.0,34870.0,45290.0,54500.0,Parts Salespersons
44220,412031,1210.0,23780.0,27550.0,32610.0,40990.0,49300.0,Retail Salespersons
44220,413021,70.0,40990.0,58100.0,61780.0,79990.0,124190.0,Insurance Sales Agents
44220,413031,40.0,36890.0,49160.0,55980.0,60780.0,99240.0,"Securities, Commodities, and Financial Services Sales Agents"
44220,413091,190.0,26720.0,37820.0,53450.0,77250.0,118930.0,"Sales Representatives of Services, Except Advertising, Insurance, Financial Services, and Travel"
44220,414012,380.0,38710.0,48030.0,63810.0,91940.0,124530.0,"Sales Representatives, Wholesale and Manufacturing, Except Technical and Scientific Products"
44220,430000,5490.0,31740.0,37310.0,43920.0,49920.0,63420.0,Office and Administrative Support Occupations
44220,431011,400.0,41810.0,48000.0,59050.0,75280.0,87690.0,First-Line Supervisors of Office and Administrative Support Workers
44220,433021,90.0,36020.0,38370.0,42480.0,49590.0,56160.0,Billing and Posting Clerks
44220,433031,520.0,35970.0,37560.0,45750.0,49860.0,62070.0,"Bookkeeping, Accounting, and Auditing Clerks"
44220,433051,30.0,37500.0,39860.0,45470.0,56550.0,65690.0,Payroll and Timekeeping Clerks
44220,433071,130.0,35150.0,37200.0,37580.0,42320.0,45870.0,Tellers
44220,434031,70.0,37590.0,40440.0,47740.0,47740.0,60130.0,"Court, Municipal, and License Clerks"
44220,434051,670.0,30070.0,36040.0,39000.0,49620.0,61600.0,Customer Service Representatives
44220,434061,70.0,38500.0,38500.0,38500.0,45480.0,57390.0,"Eligibility Interviewers, Government Programs"
44220,434081,50.0,28120.0,28420.0,29610.0,32130.0,34050.0,"Hotel, Motel, and Resort Desk Clerks"
44220,434111,40.0,36170.0,39250.0,39250.0,44460.0,48250.0,"Interviewers, Except Eligibility and Loan"
44220,434121,50.0,22300.0,24500.0,33740.0,34350.0,37420.0,"Library Assistants, Clerical"
44220,434171,280.0,26350.0,29880.0,35630.0,38160.0,42880.0,Receptionists and Information Clerks
44220,435031,70.0,43560.0,49240.0,57650.0,62690.0,62690.0,Public Safety Telecommunicators
44220,435032,60.0,36950.0,43660.0,48030.0,60890.0,67440.0,"Dispatchers, Except Police, Fire, and Ambulance"
44220,435052,150.0,43120.0,51130.0,61530.0,76960.0,81040.0,Postal Service Mail Carriers
44220,435061,220.0,44620.0,47530.0,52120.0,65100.0,72010.0,"Production, Planning, and Expediting Clerks"
44220,435071,350.0,35360.0,38780.0,43010.0,47680.0,56010.0,"Shipping, Receiving, and Inventory Clerks"
44220,436011,50.0,33280.0,42590.0,57970.0,70590.0,76350.0,Executive Secretaries and Executive Administrative Assistants
44220,436013,170.0,35970.0,38310.0,41530.0,45670.0,55270.0,Medical Secretaries and Administrative Assistants
44220,436014,460.0,30700.0,36940.0,43840.0,48970.0,58890.0,"Secretaries and Administrative Assistants, Except Legal, Medical, and Executive"
44220,439061,750.0,30140.0,35770.0,43540.0,49650.0,60300.0,"Office Clerks, General"
44220,450000,40.0,29190.0,32640.0,37340.0,47000.0,59080.0,"Farming, Fishing, and Forestry Occupations"
44220,470000,990.0,37760.0,45700.0,57050.0,71910.0,82520.0,Construction and Extraction Occupations
44220,471011,100.0,55500.0,62300.0,77560.0,93820.0,104470.0,First-Line Supervisors of Construction Trades and Extraction Workers
44220,472031,60.0,34430.0,41380.0,48380.0,65080.0,74180.0,Carpenters
44220,472061,160.0,36960.0,45500.0,50070.0,68430.0,77920.0,Construction Laborers
44220,472073,100.0,42210.0,46900.0,57230.0,72340.0,92860.0,Operating Engineers and Other Construction Equipment Operators
44220,472111,130.0,42330.0,47320.0,58370.0,71500.0,82520.0,Electricians
44220,472141,80.0,37730.0,44490.0,56860.0,60700.0,64990.0,"Painters, Construction and Maintenance"
44220,472152,90.0,45410.0,54070.0,58060.0,76860.0,78660.0,"Plumbers, Pipefitters, and Steamfitters"
44220,474051,40.0,36280.0,44850.0,46400.0,56060.0,61760.0,Highway Maintenance Workers
44220,490000,2110.0,35770.0,44990.0,57680.0,70720.0,79080.0,"Installation, Maintenance, and Repair Occupations"
44220,491011,200.0,47490.0,59090.0,75960.0,91150.0,101480.0,"First-Line Supervisors of Mechanics, Installers, and Repairers"
44220,493023,200.0,33200.0,37410.0,46300.0,58970.0,75750.0,Automotive Service Technicians and Mechanics
44220,493031,170.0,44860.0,48570.0,60040.0,63850.0,71360.0,Bus and Truck Mechanics and Diesel Engine Specialists
44220,493042,80.0,47910.0,57680.0,59270.0,71870.0,77580.0,"Mobile Heavy Equipment Mechanics, Except Engines"
44220,499021,80.0,34940.0,49230.0,62670.0,74740.0,93280.0,"Heating, Air Conditioning, and Refrigeration Mechanics and Installers"
44220,499041,240.0,46480.0,51310.0,63060.0,71830.0,86430.0,Industrial Machinery Mechanics
44220,499071,630.0,31940.0,39050.0,50930.0,61810.0,71310.0,"Maintenance and Repair Workers, General"
44220,510000,5190.0,32480.0,37290.0,45180.0,62460.0,66670.0,Production Occupations
44220,511011,350.0,46920.0,55090.0,69760.0,77740.0,87560.0,First-Line Supervisors of Production and Operating Workers
44220,512090,1710.0,33830.0,37500.0,46730.0,65150.0,65150.0,Miscellaneous Assemblers and Fabricators
44220,513011,110.0,24340.0,28460.0,31200.0,35400.0,36280.0,Bakers
44220,513021,50.0,27080.0,29060.0,37050.0,45650.0,47530.0,Butchers and Meat Cutters
44220,514031,220.0,27350.0,37120.0,44840.0,44840.0,48560.0,"Cutting, Punching, and Press Machine Setters, Operators, and Tenders, Metal and Plastic"
44220,514041,310.0,31200.0,37320.0,37380.0,59050.0,65270.0,Machinists
44220,514121,220.0,39110.0,44030.0,47780.0,57270.0,66470.0,"Welders, Cutters, Solderers, and Brazers"
44220,516011,60.0,24960.0,25760.0,27870.0,32470.0,65400.0,Laundry and Dry-Cleaning Workers
44220,519061,320.0,35040.0,38630.0,56310.0,66780.0,66780.0,"Inspectors, Testers, Sorters, Samplers, and Weighers"
44220,519111,320.0,36310.0,36310.0,36310.0,38760.0,43490.0,Packaging and Filling Machine Operators and Tenders
44220,519161,160.0,37520.0,40370.0,48010.0,58550.0,64200.0,Computer Numerically Controlled Tool Operators
44220,519199,90.0,27370.0,27370.0,32480.0,37410.0,44680.0,"Production Workers, All Other"
44220,530000,5440.0,29240.0,34300.0,38490.0,49970.0,68070.0,Transportation and Material Moving Occupations
44220,531047,260.0,36010.0,45110.0,56040.0,69770.0,78220.0,"First-Line Supervisors of Transportation and Material Moving Workers, Except Aircraft Cargo Handling"
44220,533031,120.0,22260.0,22750.0,28070.0,38030.0,48080.0,Driver/Sales Workers
44220,533032,1380.0,40510.0,48960.0,58810.0,72040.0,74960.0,Heavy and Tractor-Trailer Truck Drivers
44220,533033,270.0,23680.0,27620.0,37680.0,49780.0,93410.0,Light Truck Drivers
44220,533053,70.0,22430.0,22430.0,27890.0,33260.0,39890.0,Shuttle Drivers and Chauffeurs
44220,537051,440.0,35020.0,37970.0,40450.0,45020.0,47380.0,Industrial Truck and Tractor Operators
44220,537061,110.0,27110.0,27510.0,33210.0,35650.0,44850.0,Cleaners of Vehicles and Equipment
44220,537062,1250.0,29990.0,31940.0,35130.0,42330.0,45530.0,"Laborers and Freight, Stock, and Material Movers, Hand"
44220,537064,270.0,26030.0,30260.0,36160.0,36510.0,38490.0,"Packers and Packagers, Hand"
44220,537065,1050.0,28640.0,33390.0,36950.0,37200.0,45420.0,Stockers and Order Fillers
44220,113061,30.0,86200.0,103920.0,125490.0,152570.0,171660.0,Purchasing Managers
44220,211094,30.0,34120.0,41150.0,49870.0,50490.0,60520.0,Community Health Workers
44220,252012,30.0,37210.0,48480.0,60750.0,79250.0,90380.0,"Kindergarten Teachers, Except Special Education"
44220,252022,390.0,45450.0,53160.0,75230.0,92280.0,93650.0,"Middle School Teachers, Except Special and Career/Technical Education"
44220,252057,80.0,45200.0,57640.0,72750.0,91460.0,93250.0,"Special Education Teachers, Middle School"
44220,252058,130.0,47740.0,58440.0,63680.0,77890.0,93210.0,"Special Education Teachers, Secondary School"
44220,259031,30.0,48480.0,63320.0,77190.0,88660.0,104910.0,Instructional Coordinators
44220,292043,40.0,38130.0,43060.0,47660.0,47660.0,51170.0,Paramedics
44220,312011,30.0,57820.0,63620.0,74950.0,75640.0,78000.0,Occupational Therapy Assistants
44220,339092,50.0,22260.0,22260.0,24720.0,27320.0,27320.0,"Lifeguards, Ski Patrol, and Other Recreational Protective Service Workers"
44220,353041,160.0,26530.0,28700.0,29360.0,34570.0,40460.0,"Food Servers, Nonrestaurant"
44220,499043,40.0,43120.0,43120.0,50500.0,57510.0,57510.0,"Maintenance Workers, Machinery"
44220,499099,50.0,29420.0,41960.0,47600.0,69200.0,77500.0,"Installation, Maintenance, and Repair Workers, All Other"
44220,513092,70.0,26350.0,36190.0,36820.0,45980.0,46140.0,Food Batchmakers
44220,514111,90.0,41870.0,48410.0,60220.0,76920.0,81160.0,Tool and Die Makers
44220,516031,40.0,30560.0,32990.0,38190.0,38570.0,42900.0,Sewing Machine Operators
44220,519124,110.0,35710.0,44210.0,67070.0,67070.0,67070.0,"Coating, Painting, and Spraying Machine Setters, Operators, and Tenders"
44220,519196,70.0,37560.0,37560.0,45000.0,48100.0,58130.0,"Paper Goods Machine Setters, Operators, and Tenders"
44220,519198,40.0,32120.0,33590.0,35630.0,37440.0,43920.0,Helpers--Production Workers
44220,537081,30.0,30160.0,35080.0,35080.0,44200.0,45250.0,Refuse and Recyclable Material Collectors
44220,152031,,40470.0,49290.0,63620.0,77660.0,96260.0,Operations Research Analysts
44220,172199,40.0,73530.0,73530.0,92370.0,118910.0,145020.0,"Engineers, All Other"
44220,252032,120.0,49940.0,62810.0,76590.0,93780.0,101910.0,"Career/Technical Education Teachers, Secondary School"
44220,253041,60.0,35140.0,37720.0,50600.0,54400.0,58090.0,Tutors
44220,434151,30.0,31200.0,33280.0,36130.0,43910.0,57870.0,Order Clerks
44220,514033,90.0,33330.0,37220.0,44270.0,47880.0,56540.0,"Grinding, Lapping, Polishing, & Buffing Machine Tool Setters, Operators, & Tenders, Metal & Plastic"
44220,514122,40.0,33830.0,33830.0,38440.0,47040.0,51250.0,"Welding, Soldering, and Brazing Machine Setters, Operators, and Tenders"
45460,000000,65120.0,26870.0,33440.0,44870.0,62710.0,88210.0,All Occupations
45460,110000,2940.0,52000.0,71700.0,97810.0,130540.0,178650.0,Management Occupations
45460,111021,800.0,47620.0,64140.0,94630.0,134650.0,198630.0,General and Operations Managers
45460,112022,100.0,56960.0,80680.0,117230.0,161580.0,212490.0,Sales Managers
45460,113012,60.0,65070.0,92170.0,117840.0,144590.0,190390.0,Administrative Services Managers
45460,113013,80.0,59690.0,81790.0,105090.0,132590.0,165490.0,Facilities Managers
45460,113021,90.0,83720.0,95500.0,125570.0,164020.0,209410.0,Computer and Information Systems Managers
45460,113031,210.0,72970.0,82870.0,122100.0,166900.0,208820.0,Financial Managers
45460,113051,190.0,75150.0,94160.0,111900.0,132780.0,174960.0,Industrial Production Managers
45460,113071,60.0,62610.0,80890.0,96470.0,130950.0,168770.0,"Transportation, Storage, and Distribution Managers"
45460,113121,50.0,73530.0,89900.0,119620.0,136620.0,239990.0,Human Resources Managers
45460,119021,100.0,60080.0,80440.0,112680.0,153600.0,176560.0,Construction Managers
45460,119032,140.0,68600.0,80100.0,94720.0,104540.0,118740.0,"Education Administrators, Kindergarten through Secondary"
45460,119041,40.0,92240.0,117040.0,130530.0,160280.0,175390.0,Architectural and Engineering Managers
45460,119051,80.0,49210.0,50990.0,64950.0,90540.0,93910.0,Food Service Managers
45460,119111,330.0,68170.0,81410.0,101320.0,117660.0,154350.0,Medical and Health Services Managers
45460,119141,90.0,36990.0,38390.0,47550.0,68340.0,100750.0,"Property, Real Estate, and Community Association Managers"
45460,119151,60.0,47360.0,58790.0,68370.0,88970.0,101850.0,Social and Community Service Managers
45460,119199,60.0,48730.0,57810.0,76740.0,149840.0,202790.0,"Managers, All Other"
45460,130000,2320.0,40870.0,49340.0,63200.0,82850.0,107580.0,Business and Financial Operations Occupations
45460,131020,170.0,39050.0,49290.0,64700.0,76710.0,97540.0,Buyers and Purchasing Agents
45460,131031,40.0,50390.0,59070.0,59510.0,91170.0,106330.0,"Claims Adjusters, Examiners, and Investigators"
45460,131041,100.0,42680.0,58440.0,75610.0,85480.0,100550.0,Compliance Officers
45460,131051,100.0,48900.0,52500.0,61310.0,81280.0,99210.0,Cost Estimators
45460,131071,240.0,44260.0,47550.0,61730.0,77520.0,97750.0,Human Resources Specialists
45460,131081,30.0,46460.0,61000.0,77550.0,83370.0,97930.0,Logisticians
45460,131082,130.0,57280.0,66570.0,83970.0,121060.0,163160.0,Project Management Specialists
45460,131111,100.0,48060.0,62040.0,82170.0,112400.0,132580.0,Management Analysts
45460,131121,30.0,30930.0,34390.0,46340.0,56350.0,61320.0,"Meeting, Convention, and Event Planners"
45460,131131,30.0,38370.0,49100.0,63550.0,81590.0,89040.0,Fundraisers
45460,131151,160.0,35930.0,45710.0,49930.0,70330.0,82900.0,Training and Development Specialists
45460,131161,170.0,38680.0,47400.0,63710.0,82030.0,97930.0,Market Research Analysts and Marketing Specialists
45460,131199,60.0,42880.0,61110.0,81330.0,97470.0,126440.0,"Business Operations Specialists, All Other"
45460,132011,510.0,46190.0,55510.0,63170.0,79990.0,105780.0,Accountants and Auditors
45460,132020,60.0,40210.0,44380.0,47650.0,62380.0,74900.0,Property Appraisers and Assessors
45460,132051,40.0,38730.0,44270.0,59050.0,82710.0,96440.0,Financial and Investment Analysts
45460,132052,60.0,41480.0,44440.0,48710.0,61840.0,191150.0,Personal Financial Advisors
45460,132072,70.0,38860.0,46800.0,74890.0,85960.0,128050.0,Loan Officers
45460,150000,710.0,45130.0,56860.0,77310.0,103720.0,119430.0,Computer and Mathematical Occupations
45460,151211,110.0,64560.0,77900.0,103720.0,103960.0,104980.0,Computer Systems Analysts
45460,151231,70.0,45130.0,56630.0,75190.0,89770.0,114530.0,Computer Network Support Specialists
45460,151232,170.0,34330.0,44180.0,50160.0,61850.0,77490.0,Computer User Support Specialists
45460,151244,50.0,62700.0,75650.0,80880.0,101710.0,123780.0,Network and Computer Systems Administrators
45460,151252,110.0,73830.0,80550.0,107770.0,124780.0,152930.0,Software Developers
45460,151299,40.0,46630.0,74530.0,86940.0,97470.0,112260.0,"Computer Occupations, All Other"
45460,152051,50.0,48140.0,61660.0,77220.0,92220.0,103020.0,Data Scientists
45460,170000,670.0,50290.0,63980.0,80820.0,102250.0,125400.0,Architecture and Engineering Occupations
45460,172051,40.0,60520.0,75280.0,93910.0,101580.0,125980.0,Civil Engineers
45460,172071,70.0,74150.0,92300.0,113840.0,149280.0,231180.0,Electrical Engineers
45460,172112,160.0,70080.0,77790.0,91880.0,107760.0,125400.0,Industrial Engineers
45460,172141,90.0,47440.0,65840.0,83550.0,107100.0,121250.0,Mechanical Engineers
45460,173011,40.0,36220.0,48540.0,58820.0,66520.0,76190.0,Architectural and Civil Drafters
45460,173026,50.0,48190.0,57580.0,71340.0,79990.0,102150.0,Industrial Engineering Technologists and Technicians
45460,190000,490.0,42100.0,51350.0,68850.0,91170.0,117130.0,"Life, Physical, and Social Science Occupations"
45460,192031,50.0,61130.0,61130.0,76290.0,90530.0,129300.0,Chemists
45460,193033,30.0,34440.0,40660.0,75460.0,85930.0,104340.0,Clinical and Counseling Psychologists
45460,194031,50.0,35230.0,48940.0,58430.0,80430.0,107530.0,Chemical Technicians
45460,195011,80.0,50360.0,63140.0,83510.0,112390.0,129890.0,Occupational Health and Safety Specialists
45460,195012,30.0,48030.0,50250.0,58900.0,85660.0,109290.0,Occupational Health and Safety Technicians
45460,210000,1530.0,35060.0,36700.0,47310.0,58720.0,75250.0,Community and Social Service Occupations
45460,211012,200.0,41980.0,44620.0,52910.0,64810.0,79760.0,"Educational, Guidance, and Career Counselors and Advisors"
45460,211015,40.0,28880.0,32400.0,51670.0,58720.0,66700.0,Rehabilitation Counselors
45460,211018,210.0,35490.0,37870.0,55050.0,63760.0,84670.0,"Substance Abuse, Behavioral Disorder, and Mental Health Counselors"
45460,211021,210.0,38390.0,46640.0,48730.0,53260.0,67820.0,"Child, Family, and School Social Workers"
45460,211022,70.0,48670.0,55360.0,63700.0,77520.0,81620.0,Healthcare Social Workers
45460,211023,,35060.0,35060.0,35060.0,37390.0,47340.0,Mental Health and Substance Abuse Social Workers
45460,211092,80.0,47050.0,47050.0,57740.0,70520.0,78320.0,Probation Officers and Correctional Treatment Specialists
45460,211093,260.0,30620.0,35500.0,43250.0,48300.0,57110.0,Social and Human Service Assistants
45460,230000,390.0,43810.0,52330.0,90280.0,166690.0,225720.0,Legal Occupations
45460,231011,210.0,75990.0,96610.0,135290.0,198170.0,284960.0,Lawyers
45460,232011,130.0,39130.0,43810.0,51070.0,59320.0,75360.0,Paralegals and Legal Assistants
45460,250000,4180.0,28850.0,37220.0,51030.0,70780.0,96100.0,Educational Instruction and Library Occupations
45460,251011,,42220.0,66330.0,99980.0,139890.0,190670.0,"Business Teachers, Postsecondary"
45460,251071,,53150.0,64590.0,86480.0,108450.0,160270.0,"Health Specialties Teachers, Postsecondary"
45460,251121,,40980.0,61850.0,79130.0,85360.0,127290.0,"Art, Drama, and Music Teachers, Postsecondary"
45460,251194,60.0,38150.0,52060.0,65270.0,90090.0,99290.0,"Career/Technical Education Teachers, Postsecondary"
45460,252011,170.0,27790.0,28110.0,33980.0,39930.0,50280.0,"Preschool Teachers, Except Special Education"
45460,252021,660.0,46160.0,49740.0,57320.0,61920.0,72920.0,"Elementary School Teachers, Except Special Education"
45460,252031,540.0,46860.0,50340.0,61650.0,72400.0,80320.0,"Secondary School Teachers, Except Special and Career/Technical Education"
45460,252052,80.0,39380.0,47120.0,51320.0,61270.0,73200.0,"Special Education Teachers, Kindergarten and Elementary School"
45460,253021,30.0,21680.0,23210.0,33280.0,40290.0,64360.0,Self-Enrichment Teachers
45460,253031,170.0,26870.0,29110.0,34150.0,46370.0,69990.0,"Substitute Teachers, Short-Term"
45460,254022,60.0,30480.0,39510.0,50840.0,66130.0,81650.0,Librarians and Media Collections Specialists
45460,259045,700.0,23010.0,27420.0,30150.0,35600.0,39720.0,"Teaching Assistants, Except Postsecondary"
45460,270000,570.0,29820.0,37750.0,49160.0,67350.0,104160.0,"Arts, Design, Entertainment, Sports, and Media Occupations"
45460,271024,50.0,36870.0,39000.0,45930.0,60390.0,70670.0,Graphic Designers
45460,271026,50.0,30880.0,31200.0,39010.0,42840.0,67350.0,Merchandise Displayers and Window Trimmers
45460,272012,30.0,30470.0,35390.0,45780.0,58960.0,73590.0,Producers and Directors
45460,272022,120.0,29070.0,32160.0,48180.0,72380.0,81920.0,Coaches and Scouts
45460,273031,60.0,41350.0,52080.0,63320.0,78380.0,106990.0,Public Relations Specialists
45460,273092,50.0,42060.0,45350.0,54740.0,54740.0,54740.0,Court Reporters and Simultaneous Captioners
45460,290000,4470.0,39540.0,55660.0,74590.0,91140.0,125780.0,Healthcare Practitioners and Technical Occupations
45460,291021,30.0,80400.0,91130.0,156210.0,277490.0,296080.0,"Dentists, General"
45460,291051,120.0,103440.0,133780.0,144160.0,153710.0,167760.0,Pharmacists
45460,291071,40.0,47140.0,79670.0,109950.0,132410.0,163980.0,Physician Assistants
45460,291122,60.0,49500.0,76750.0,94410.0,100410.0,132250.0,Occupational Therapists
45460,291123,80.0,75070.0,78770.0,94760.0,114100.0,139240.0,Physical Therapists
45460,291127,60.0,54410.0,73620.0,86780.0,103920.0,137490.0,Speech-Language Pathologists
45460,291141,1600.0,68890.0,71780.0,81550.0,94700.0,100430.0,Registered Nurses
45460,291171,150.0,84570.0,109790.0,120370.0,153840.0,166830.0,Nurse Practitioners
45460,291216,30.0,,,,,,General Internal Medicine Physicians
45460,291229,80.0,68830.0,68830.0,225970.0,331180.0,348970.0,"Physicians, All Other"
45460,291292,90.0,72650.0,76410.0,79210.0,89510.0,94630.0,Dental Hygienists
45460,292010,170.0,34430.0,39000.0,49650.0,64460.0,73270.0,Clinical Laboratory Technologists and Technicians
45460,292032,30.0,53350.0,77250.0,78820.0,93230.0,108460.0,Diagnostic Medical Sonographers
45460,292034,160.0,53770.0,65060.0,75870.0,83450.0,103720.0,Radiologic Technologists and Technicians
45460,292052,220.0,35190.0,36060.0,39820.0,47360.0,50260.0,Pharmacy Technicians
45460,292053,110.0,32770.0,36440.0,37090.0,41430.0,46980.0,Psychiatric Technicians
45460,292055,70.0,49660.0,52320.0,64790.0,66420.0,79360.0,Surgical Technologists
45460,292061,400.0,38720.0,52990.0,62460.0,64820.0,71380.0,Licensed Practical and Licensed Vocational Nurses
45460,292072,60.0,36850.0,40670.0,46620.0,53450.0,69380.0,Medical Records Specialists
45460,292081,30.0,28910.0,37010.0,38260.0,41580.0,49230.0,"Opticians, Dispensing"
45460,292099,40.0,38110.0,38850.0,44630.0,49140.0,81080.0,"Health Technologists and Technicians, All Other"
45460,310000,3290.0,28990.0,33530.0,35540.0,38050.0,45360.0,Healthcare Support Occupations
45460,311120,1430.0,28260.0,29020.0,34540.0,35120.0,37390.0,Home Health and Personal Care Aides
45460,311131,720.0,35240.0,35580.0,36360.0,39700.0,44010.0,Nursing Assistants
45460,312021,50.0,44460.0,56580.0,66760.0,73590.0,84100.0,Physical Therapist Assistants
45460,319011,50.0,36100.0,43790.0,44830.0,57370.0,63070.0,Massage Therapists
45460,319091,110.0,35140.0,39920.0,46450.0,47210.0,57650.0,Dental Assistants
45460,319092,570.0,35540.0,35540.0,36960.0,43500.0,47210.0,Medical Assistants
45460,330000,2270.0,33050.0,42010.0,53160.0,60120.0,74230.0,Protective Service Occupations
45460,331012,120.0,56320.0,60120.0,60120.0,60120.0,61580.0,First-Line Supervisors of Police and Detectives
45460,332011,150.0,36480.0,49490.0,54460.0,54460.0,54500.0,Firefighters
45460,333012,960.0,42890.0,46790.0,53670.0,66390.0,75610.0,Correctional Officers and Jailers
45460,333051,240.0,42010.0,50390.0,54500.0,56140.0,62700.0,Police and Sheriff's Patrol Officers
45460,339032,330.0,28600.0,29680.0,33550.0,43640.0,57390.0,Security Guards
45460,339091,80.0,34940.0,34940.0,34940.0,35990.0,41070.0,Crossing Guards and Flaggers
45460,350000,6990.0,19540.0,22760.0,27680.0,33570.0,39440.0,Food Preparation and Serving Related Occupations
45460,351011,50.0,28190.0,42070.0,85920.0,98510.0,98510.0,Chefs and Head Cooks
45460,351012,610.0,29010.0,35130.0,38890.0,47370.0,59610.0,First-Line Supervisors of Food Preparation and Serving Workers
45460,352011,180.0,23260.0,25630.0,27800.0,28430.0,34250.0,"Cooks, Fast Food"
45460,352012,240.0,27110.0,29970.0,33300.0,36910.0,42450.0,"Cooks, Institution and Cafeteria"
45460,352014,600.0,23890.0,27360.0,29830.0,35850.0,38840.0,"Cooks, Restaurant"
45460,352015,50.0,17560.0,19540.0,21940.0,30140.0,39750.0,"Cooks, Short Order"
45460,352021,340.0,22330.0,25800.0,28610.0,33180.0,37060.0,Food Preparation Workers
45460,353011,410.0,16000.0,17100.0,21090.0,27330.0,34820.0,Bartenders
45460,353023,2700.0,20630.0,22630.0,27020.0,28830.0,33600.0,Fast Food and Counter Workers
45460,353031,1050.0,16420.0,19270.0,26520.0,30740.0,44070.0,Waiters and Waitresses
45460,359011,230.0,17940.0,21950.0,27250.0,30410.0,34660.0,Dining Room and Cafeteria Attendants and Bartender Helpers
45460,359021,170.0,20220.0,22880.0,27680.0,29590.0,34060.0,Dishwashers
45460,359031,210.0,19100.0,22120.0,24120.0,28440.0,35120.0,"Hosts and Hostesses, Restaurant, Lounge, and Coffee Shop"
45460,370000,1730.0,27340.0,29500.0,35130.0,39420.0,46700.0,Building and Grounds Cleaning and Maintenance Occupations
45460,371011,60.0,32760.0,38930.0,43850.0,55000.0,62810.0,First-Line Supervisors of Housekeeping and Janitorial Workers
45460,371012,30.0,38590.0,45830.0,59640.0,62590.0,74180.0,"First-Line Supervisors of Landscaping, Lawn Service, and Groundskeeping Workers"
45460,372011,950.0,27380.0,29830.0,34040.0,36540.0,43430.0,"Janitors and Cleaners, Except Maids and Housekeeping Cleaners"
45460,372012,250.0,24090.0,27460.0,29070.0,35670.0,36930.0,Maids and Housekeeping Cleaners
45460,373011,320.0,26550.0,30650.0,35850.0,42280.0,45040.0,Landscaping and Groundskeeping Workers
45460,390000,1250.0,21520.0,22780.0,28580.0,36800.0,50500.0,Personal Care and Service Occupations
45460,391014,40.0,35960.0,39480.0,46850.0,58230.0,65510.0,"First-Line Supervisors of Entertainment and Recreation Workers, Except Gambling Services"
45460,391022,50.0,32720.0,35770.0,40730.0,47380.0,52730.0,First-Line Supervisors of Personal Service Workers
45460,392021,130.0,18500.0,21520.0,27280.0,29360.0,34780.0,Animal Caretakers
45460,393091,100.0,20640.0,21590.0,23130.0,29110.0,35130.0,Amusement and Recreation Attendants
45460,395012,90.0,22990.0,24400.0,28280.0,36460.0,46670.0,"Hairdressers, Hairstylists, and Cosmetologists"
45460,399011,210.0,22410.0,24240.0,28200.0,29260.0,33070.0,Childcare Workers
45460,399031,90.0,20460.0,28080.0,33740.0,43820.0,48400.0,Exercise Trainers and Group Fitness Instructors
45460,399032,180.0,22220.0,22780.0,28390.0,35320.0,46060.0,Recreation Workers
45460,410000,5940.0,22400.0,27200.0,30470.0,42940.0,64330.0,Sales and Related Occupations
45460,411011,600.0,29170.0,34360.0,42870.0,54810.0,63610.0,First-Line Supervisors of Retail Sales Workers
45460,411012,50.0,48410.0,58580.0,76030.0,88850.0,110750.0,First-Line Supervisors of Non-Retail Sales Workers
45460,412011,1870.0,21830.0,23300.0,27760.0,30170.0,34360.0,Cashiers
45460,412021,130.0,23000.0,27380.0,34420.0,37950.0,46300.0,Counter and Rental Clerks
45460,412022,160.0,26700.0,28470.0,38110.0,46300.0,54620.0,Parts Salespersons
45460,412031,1940.0,22080.0,24930.0,29090.0,34920.0,43200.0,Retail Salespersons
45460,413021,160.0,37400.0,47570.0,58520.0,96350.0,127880.0,Insurance Sales Agents
45460,413031,80.0,37560.0,45800.0,56810.0,102590.0,190430.0,"Securities, Commodities, and Financial Services Sales Agents"
45460,413091,300.0,33070.0,40010.0,54950.0,73120.0,97910.0,"Sales Representatives of Services, Except Advertising, Insurance, Financial Services, and Travel"
45460,414012,430.0,33860.0,46000.0,63410.0,92450.0,127040.0,"Sales Representatives, Wholesale and Manufacturing, Except Technical and Scientific Products"
45460,419022,100.0,22540.0,22540.0,25730.0,45960.0,64980.0,Real Estate Sales Agents
45460,430000,6600.0,29010.0,35250.0,42390.0,50870.0,63350.0,Office and Administrative Support Occupations
45460,431011,420.0,39500.0,47690.0,61090.0,75560.0,91360.0,First-Line Supervisors of Office and Administrative Support Workers
45460,433011,50.0,35420.0,37920.0,45730.0,57910.0,57910.0,Bill and Account Collectors
45460,433021,150.0,35340.0,38370.0,43020.0,46990.0,54590.0,Billing and Posting Clerks
45460,433031,550.0,31340.0,38200.0,46060.0,54900.0,61420.0,"Bookkeeping, Accounting, and Auditing Clerks"
45460,433051,70.0,37230.0,41180.0,48510.0,57540.0,65830.0,Payroll and Timekeeping Clerks
45460,433071,200.0,31360.0,34320.0,35210.0,36390.0,43780.0,Tellers
45460,434031,220.0,35940.0,39850.0,46690.0,48400.0,60570.0,"Court, Municipal, and License Clerks"
45460,434051,530.0,29630.0,33660.0,38600.0,47510.0,60180.0,Customer Service Representatives
45460,434061,80.0,32550.0,32560.0,40000.0,46300.0,50780.0,"Eligibility Interviewers, Government Programs"
45460,434071,40.0,32130.0,36560.0,39690.0,48870.0,61470.0,File Clerks
45460,434081,110.0,27240.0,28870.0,29810.0,31390.0,35830.0,"Hotel, Motel, and Resort Desk Clerks"
45460,434111,100.0,33680.0,36310.0,36310.0,49980.0,62100.0,"Interviewers, Except Eligibility and Loan"
45460,434121,50.0,20700.0,22720.0,28240.0,32850.0,38930.0,"Library Assistants, Clerical"
45460,434131,90.0,36900.0,38610.0,44980.0,46210.0,58250.0,Loan Interviewers and Clerks
45460,434161,40.0,40060.0,43690.0,43700.0,54860.0,64540.0,"Human Resources Assistants, Except Payroll and Timekeeping"
45460,434171,360.0,23380.0,28330.0,34130.0,38190.0,44890.0,Receptionists and Information Clerks
45460,435031,70.0,32210.0,38900.0,45450.0,48310.0,63660.0,Public Safety Telecommunicators
45460,435032,60.0,36610.0,42740.0,48210.0,48210.0,59450.0,"Dispatchers, Except Police, Fire, and Ambulance"
45460,435051,60.0,42600.0,42600.0,57090.0,68160.0,75030.0,Postal Service Clerks
45460,435052,180.0,42390.0,51110.0,60270.0,80600.0,81040.0,Postal Service Mail Carriers
45460,435061,260.0,37490.0,45920.0,50300.0,65450.0,78070.0,"Production, Planning, and Expediting Clerks"
45460,435071,340.0,30440.0,37820.0,45450.0,51800.0,60170.0,"Shipping, Receiving, and Inventory Clerks"
45460,436011,50.0,41500.0,48900.0,54410.0,64150.0,86600.0,Executive Secretaries and Executive Administrative Assistants
45460,436012,90.0,35600.0,37970.0,46330.0,55940.0,60050.0,Legal Secretaries and Administrative Assistants
45460,436013,460.0,34570.0,36580.0,38310.0,45300.0,48500.0,Medical Secretaries and Administrative Assistants
45460,436014,490.0,30080.0,35090.0,39900.0,48090.0,54570.0,"Secretaries and Administrative Assistants, Except Legal, Medical, and Executive"
45460,439041,60.0,38170.0,46630.0,53980.0,57800.0,78120.0,Insurance Claims and Policy Processing Clerks
45460,439061,1140.0,21950.0,28740.0,37310.0,46240.0,57370.0,"Office Clerks, General"
45460,450000,80.0,34870.0,41360.0,46260.0,53880.0,61550.0,"Farming, Fishing, and Forestry Occupations"
45460,470000,3320.0,38860.0,47280.0,64070.0,77650.0,96140.0,Construction and Extraction Occupations
45460,471011,330.0,50190.0,63310.0,76070.0,95590.0,116380.0,First-Line Supervisors of Construction Trades and Extraction Workers
45460,472031,280.0,38950.0,49450.0,60560.0,73940.0,80610.0,Carpenters
45460,472051,50.0,38850.0,44800.0,59980.0,64520.0,75540.0,Cement Masons and Concrete Finishers
45460,472061,500.0,32900.0,38470.0,45450.0,56810.0,66170.0,Construction Laborers
45460,472073,230.0,43370.0,50280.0,61630.0,84020.0,92470.0,Operating Engineers and Other Construction Equipment Operators
45460,472111,380.0,44850.0,50380.0,77650.0,89890.0,99510.0,Electricians
45460,472141,60.0,35640.0,38220.0,45880.0,58240.0,61350.0,"Painters, Construction and Maintenance"
45460,472152,420.0,46120.0,61420.0,90250.0,99990.0,99990.0,"Plumbers, Pipefitters, and Steamfitters"
45460,472181,80.0,37400.0,44280.0,49700.0,61660.0,63450.0,Roofers
45460,474051,180.0,40940.0,41120.0,48020.0,51050.0,52760.0,Highway Maintenance Workers
45460,490000,3270.0,35460.0,42740.0,55070.0,71000.0,83800.0,"Installation, Maintenance, and Repair Occupations"
45460,491011,350.0,46800.0,59390.0,75200.0,98500.0,125410.0,"First-Line Supervisors of Mechanics, Installers, and Repairers"
45460,492022,60.0,35820.0,47700.0,55990.0,76960.0,76960.0,"Telecommunications Equipment Installers and Repairers, Except Line Installers"
45460,493021,70.0,31600.0,37780.0,46880.0,56190.0,73070.0,Automotive Body and Related Repairers
45460,493023,410.0,32690.0,36430.0,46840.0,58430.0,72960.0,Automotive Service Technicians and Mechanics
45460,493031,170.0,39430.0,47020.0,57390.0,62580.0,74170.0,Bus and Truck Mechanics and Diesel Engine Specialists
45460,493042,40.0,47310.0,57930.0,62130.0,79000.0,95540.0,"Mobile Heavy Equipment Mechanics, Except Engines"
45460,493093,50.0,30580.0,30850.0,34530.0,36810.0,42630.0,Tire Repairers and Changers
45460,499021,140.0,38170.0,48440.0,54300.0,68730.0,81250.0,"Heating, Air Conditioning, and Refrigeration Mechanics and Installers"
45460,499041,430.0,50300.0,59800.0,70820.0,73330.0,79880.0,Industrial Machinery Mechanics
45460,499052,60.0,48190.0,48190.0,52690.0,65820.0,72900.0,Telecommunications Line Installers and Repairers
45460,499071,850.0,34690.0,39520.0,47220.0,60060.0,72910.0,"Maintenance and Repair Workers, General"
45460,510000,6350.0,33520.0,37850.0,46090.0,58000.0,67460.0,Production Occupations
45460,511011,480.0,45360.0,57670.0,72350.0,81340.0,96730.0,First-Line Supervisors of Production and Operating Workers
45460,512090,1040.0,27700.0,35560.0,39680.0,44880.0,85830.0,Miscellaneous Assemblers and Fabricators
45460,513011,40.0,20570.0,26470.0,34090.0,36090.0,42060.0,Bakers
45460,513021,40.0,30220.0,34860.0,35780.0,45540.0,49260.0,Butchers and Meat Cutters
45460,514021,130.0,36970.0,43730.0,52510.0,63800.0,63800.0,"Extruding and Drawing Machine Setters, Operators, and Tenders, Metal and Plastic"
45460,514041,240.0,38680.0,46590.0,54160.0,62580.0,65880.0,Machinists
45460,514081,260.0,42350.0,42960.0,54050.0,60940.0,65360.0,"Multiple Machine Tool Setters, Operators, and Tenders, Metal and Plastic"
45460,514121,350.0,37780.0,46090.0,46090.0,52610.0,67460.0,"Welders, Cutters, Solderers, and Brazers"
45460,515112,340.0,34000.0,43620.0,45150.0,59070.0,59110.0,Printing Press Operators
45460,516011,90.0,22820.0,27530.0,29400.0,38730.0,38730.0,Laundry and Dry-Cleaning Workers
45460,518031,60.0,36520.0,40980.0,45030.0,58490.0,75980.0,Water and Wastewater Treatment Plant and System Operators
45460,519032,90.0,36240.0,49570.0,53180.0,61470.0,61470.0,"Cutting and Slicing Machine Setters, Operators, and Tenders"
45460,519061,500.0,34990.0,45460.0,46780.0,59330.0,67030.0,"Inspectors, Testers, Sorters, Samplers, and Weighers"
45460,519111,250.0,30960.0,33990.0,43310.0,46130.0,56620.0,Packaging and Filling Machine Operators and Tenders
45460,519161,230.0,36100.0,39340.0,44820.0,49650.0,58490.0,Computer Numerically Controlled Tool Operators
45460,530000,5780.0,27860.0,31000.0,40030.0,50590.0,60830.0,Transportation and Material Moving Occupations
45460,531047,240.0,38330.0,46960.0,57640.0,75010.0,90330.0,"First-Line Supervisors of Transportation and Material Moving Workers, Except Aircraft Cargo Handling"
45460,533031,310.0,20350.0,21850.0,32160.0,45310.0,49190.0,Driver/Sales Workers
45460,533032,1140.0,43880.0,48520.0,53030.0,61720.0,72780.0,Heavy and Tractor-Trailer Truck Drivers
45460,533033,460.0,28790.0,36690.0,40370.0,42800.0,53590.0,Light Truck Drivers
45460,533051,180.0,22350.0,35200.0,45610.0,50150.0,57230.0,"Bus Drivers, School"
45460,533053,80.0,21460.0,26410.0,31580.0,37160.0,41690.0,Shuttle Drivers and Chauffeurs
45460,536031,50.0,27140.0,29010.0,34230.0,35000.0,39160.0,Automotive and Watercraft Service Attendants
45460,537051,250.0,34470.0,37570.0,44140.0,48060.0,58530.0,Industrial Truck and Tractor Operators
45460,537061,110.0,23370.0,27860.0,30160.0,36480.0,41550.0,Cleaners of Vehicles and Equipment
45460,537062,1180.0,27710.0,31350.0,37420.0,44480.0,51440.0,"Laborers and Freight, Stock, and Material Movers, Hand"
45460,537064,70.0,27120.0,29000.0,29750.0,32930.0,37060.0,"Packers and Packagers, Hand"
45460,537065,1370.0,27820.0,30110.0,31380.0,35160.0,44390.0,Stockers and Order Fillers
45460,119033,,62370.0,79120.0,103780.0,161340.0,186340.0,"Education Administrators, Postsecondary"
45460,132082,40.0,23150.0,37330.0,39990.0,48440.0,71500.0,Tax Preparers
45460,211094,60.0,33740.0,38240.0,43710.0,45010.0,58070.0,Community Health Workers
45460,252012,40.0,45000.0,46360.0,55440.0,58030.0,78510.0,"Kindergarten Teachers, Except Special Education"
45460,252022,250.0,45970.0,49790.0,59000.0,62220.0,78270.0,"Middle School Teachers, Except Special and Career/Technical Education"
45460,252058,60.0,46280.0,48620.0,56620.0,66150.0,75030.0,"Special Education Teachers, Secondary School"
45460,259031,30.0,39300.0,46950.0,66000.0,73580.0,78400.0,Instructional Coordinators
45460,292043,90.0,47840.0,56380.0,60520.0,63090.0,63090.0,Paramedics
45460,299021,40.0,37160.0,40350.0,48800.0,63830.0,81190.0,Health Information Technologists and Medical Registrars
45460,319097,140.0,33350.0,35540.0,37400.0,43600.0,49320.0,Phlebotomists
45460,333021,60.0,53350.0,56320.0,56320.0,56320.0,73320.0,Detectives and Criminal Investigators
45460,339092,60.0,22360.0,25850.0,26730.0,28060.0,30410.0,"Lifeguards, Ski Patrol, and Other Recreational Protective Service Workers"
45460,353041,120.0,24640.0,30340.0,33400.0,36500.0,36500.0,"Food Servers, Nonrestaurant"
45460,397010,30.0,19290.0,19290.0,27490.0,28440.0,37440.0,Tour and Travel Guides
45460,472211,80.0,36880.0,47240.0,75800.0,88960.0,98560.0,Sheet Metal Workers
45460,499098,40.0,21300.0,27060.0,35320.0,41080.0,53760.0,"Helpers--Installation, Maintenance, and Repair Workers"
45460,499099,30.0,31170.0,36620.0,42740.0,54680.0,73860.0,"Installation, Maintenance, and Repair Workers, All Other"
45460,514072,60.0,29800.0,33770.0,43880.0,49490.0,58410.0,"Molding, Coremaking, and Casting Machine Setters, Operators, and Tenders, Metal and Plastic"
45460,516031,40.0,15570.0,28350.0,36250.0,42510.0,45980.0,Sewing Machine Operators
45460,519011,230.0,35470.0,43820.0,46660.0,58740.0,64970.0,Chemical Equipment Operators and Tenders
45460,519124,130.0,35530.0,39540.0,45630.0,50400.0,59350.0,"Coating, Painting, and Spraying Machine Setters, Operators, and Tenders"
45460,519196,40.0,35320.0,46070.0,65110.0,78890.0,78890.0,"Paper Goods Machine Setters, Operators, and Tenders"
45460,519198,50.0,27380.0,37630.0,43430.0,46240.0,46240.0,Helpers--Production Workers
45460,537081,80.0,30100.0,48650.0,57010.0,58960.0,61450.0,Refuse and Recyclable Material Collectors
45460,131075,70.0,40030.0,60040.0,78430.0,98140.0,119100.0,Labor Relations Specialists
45460,173023,40.0,46540.0,50300.0,68250.0,81330.0,111690.0,Electrical and Electronic Engineering Technologists and Technicians
45460,173027,40.0,52980.0,66670.0,70340.0,84950.0,105540.0,Mechanical Engineering Technologists and Technicians
45460,194042,30.0,36630.0,42120.0,46030.0,50980.0,64280.0,"Environmental Science and Protection Technicians, Including Health"
45460,251072,,48740.0,64740.0,78160.0,107420.0,123110.0,"Nursing Instructors and Teachers, Postsecondary"
45460,251081,,39090.0,49890.0,66150.0,85120.0,106600.0,"Education Teachers, Postsecondary"
45460,253041,40.0,24090.0,24090.0,32320.0,43490.0,61260.0,Tutors
45460,372021,50.0,30180.0,35290.0,44470.0,49310.0,59490.0,Pest Control Workers
45460,394021,50.0,29000.0,30430.0,30430.0,37660.0,37660.0,Funeral Attendants
45460,519023,160.0,37410.0,38310.0,44820.0,49450.0,58350.0,"Mixing and Blending Machine Setters, Operators, and Tenders"
45460,251022,,51860.0,66170.0,85130.0,98500.0,121480.0,"Mathematical Science Teachers, Postsecondary"
45460,251123,,48920.0,66350.0,73780.0,92720.0,125090.0,"English Language and Literature Teachers, Postsecondary"
45460,259044,,30160.0,31650.0,36050.0,44870.0,57930.0,"Teaching Assistants, Postsecondary"
45460,331011,140.0,42330.0,54790.0,59730.0,77080.0,91170.0,First-Line Supervisors of Correctional Officers
45460,434151,50.0,32320.0,37730.0,48390.0,60320.0,72800.0,Order Clerks
45460,435011,30.0,40230.0,48730.0,52210.0,59810.0,60130.0,Cargo and Freight Agents
45460,452091,40.0,39450.0,44230.0,48330.0,53880.0,60160.0,Agricultural Equipment Operators
45460,472221,30.0,42640.0,45920.0,52140.0,71400.0,89840.0,Structural Iron and Steel Workers
45460,499031,50.0,28440.0,30160.0,35360.0,49740.0,55380.0,Home Appliance Repairers
45460,512041,80.0,38370.0,45390.0,45790.0,55480.0,57940.0,Structural Metal Fabricators and Fitters
45460,514033,60.0,38650.0,44020.0,46370.0,46800.0,48390.0,"Grinding, Lapping, Polishing, & Buffing Machine Tool Setters, Operators, & Tenders, Metal & Plastic"
45460,514034,30.0,40400.0,47180.0,47600.0,53180.0,59590.0,"Lathe and Turning Machine Tool Setters, Operators, and Tenders, Metal and Plastic"
45460,517042,60.0,29480.0,34020.0,38650.0,47860.0,57260.0,"Woodworking Machine Setters, Operators, and Tenders, Except Sawing"
45460,518013,80.0,74140.0,103030.0,103030.0,103040.0,103040.0,Power Plant Operators
45460,519021,40.0,36730.0,46750.0,51880.0,61120.0,61120.0,"Crushing, Grinding, and Polishing Machine Setters, Operators, and Tenders"
45460,519041,170.0,43650.0,44310.0,59080.0,59080.0,59080.0,"Extruding, Forming, Pressing, and Compacting Machine Setters, Operators, and Tenders"
45460,493092,40.0,23610.0,37390.0,45260.0,65350.0,65350.0,Recreational Vehicle Service Technicians
45780,000000,291530.0,28970.0,36480.0,48220.0,74310.0,99970.0,All Occupations
45780,110000,19110.0,51340.0,72730.0,101010.0,140180.0,198540.0,Management Occupations
45780,111011,180.0,84000.0,117150.0,168830.0,341120.0,449880.0,Chief Executives
45780,111021,7320.0,46450.0,62140.0,95120.0,142730.0,210400.0,General and Operations Managers
45780,112021,400.0,76560.0,94890.0,124940.0,160420.0,201580.0,Marketing Managers
45780,112022,890.0,73110.0,94630.0,129720.0,172970.0,227170.0,Sales Managers
45780,113012,360.0,57470.0,68720.0,85090.0,114410.0,146220.0,Administrative Services Managers
45780,113013,330.0,57620.0,73450.0,97550.0,121100.0,138690.0,Facilities Managers
45780,113021,510.0,94770.0,115630.0,145080.0,176640.0,223900.0,Computer and Information Systems Managers
45780,113031,1060.0,75510.0,88420.0,125330.0,165940.0,237580.0,Financial Managers
45780,113051,880.0,74890.0,88800.0,110760.0,137300.0,170610.0,Industrial Production Managers
45780,113071,430.0,60330.0,70820.0,98970.0,125660.0,160960.0,"Transportation, Storage, and Distribution Managers"
45780,113121,360.0,80840.0,99860.0,125130.0,164860.0,232770.0,Human Resources Managers
45780,119021,1000.0,67170.0,81590.0,100100.0,127260.0,161220.0,Construction Managers
45780,119032,700.0,61220.0,80110.0,100140.0,116800.0,125930.0,"Education Administrators, Kindergarten through Secondary"
45780,119041,460.0,110630.0,129710.0,146180.0,177960.0,213710.0,Architectural and Engineering Managers
45780,119051,600.0,47420.0,49660.0,59910.0,74140.0,81740.0,Food Service Managers
45780,119111,1180.0,64360.0,81040.0,106720.0,131400.0,170120.0,Medical and Health Services Managers
45780,119121,50.0,63910.0,80500.0,88750.0,132830.0,162240.0,Natural Sciences Managers
45780,119141,450.0,34930.0,46510.0,57260.0,76690.0,105960.0,"Property, Real Estate, and Community Association Managers"
45780,119151,290.0,45760.0,57800.0,72380.0,84800.0,104510.0,Social and Community Service Managers
45780,119199,350.0,52230.0,77320.0,113100.0,173880.0,224810.0,"Managers, All Other"
45780,130000,12770.0,45280.0,56280.0,74030.0,96550.0,126790.0,Business and Financial Operations Occupations
45780,131020,890.0,47300.0,56210.0,68850.0,83650.0,108070.0,Buyers and Purchasing Agents
45780,131031,250.0,46900.0,56730.0,73920.0,90040.0,104800.0,"Claims Adjusters, Examiners, and Investigators"
45780,131041,380.0,44600.0,50790.0,69310.0,89990.0,113530.0,Compliance Officers
45780,131051,430.0,47420.0,59960.0,77230.0,99280.0,123880.0,Cost Estimators
45780,131071,1500.0,46060.0,52840.0,67200.0,83800.0,106410.0,Human Resources Specialists
45780,131081,360.0,53240.0,64660.0,85700.0,101990.0,131320.0,Logisticians
45780,131082,1340.0,47730.0,61660.0,81940.0,111590.0,145880.0,Project Management Specialists
45780,131111,470.0,58070.0,67200.0,78100.0,103910.0,133210.0,Management Analysts
45780,131121,190.0,29110.0,42470.0,52500.0,65060.0,78670.0,"Meeting, Convention, and Event Planners"
45780,131131,180.0,43300.0,48800.0,61440.0,76880.0,98920.0,Fundraisers
45780,131141,110.0,50330.0,59250.0,76810.0,97800.0,125930.0,"Compensation, Benefits, and Job Analysis Specialists"
45780,131151,740.0,31810.0,44840.0,56970.0,75570.0,99280.0,Training and Development Specialists
45780,131161,1080.0,37530.0,48750.0,62950.0,80530.0,102830.0,Market Research Analysts and Marketing Specialists
45780,131199,970.0,47350.0,58020.0,74520.0,97850.0,129630.0,"Business Operations Specialists, All Other"
45780,132011,2130.0,50940.0,61310.0,77400.0,101510.0,135920.0,Accountants and Auditors
45780,132020,70.0,37650.0,49400.0,62370.0,77710.0,99260.0,Property Appraisers and Assessors
45780,132051,210.0,63130.0,75300.0,96640.0,126280.0,170750.0,Financial and Investment Analysts
45780,132052,250.0,49650.0,60040.0,82890.0,165180.0,220840.0,Personal Financial Advisors
45780,132072,320.0,32680.0,43810.0,74400.0,96680.0,106820.0,Loan Officers
45780,150000,3970.0,48560.0,62700.0,82480.0,111790.0,143220.0,Computer and Mathematical Occupations
45780,151211,480.0,62260.0,77360.0,91950.0,111870.0,139890.0,Computer Systems Analysts
45780,151231,280.0,44280.0,51780.0,65560.0,78380.0,99990.0,Computer Network Support Specialists
45780,151232,690.0,37440.0,46780.0,58830.0,71720.0,79870.0,Computer User Support Specialists
45780,151241,160.0,70200.0,96540.0,122770.0,151680.0,181790.0,Computer Network Architects
45780,151242,60.0,46740.0,53360.0,77200.0,120690.0,138340.0,Database Administrators
45780,151244,590.0,58380.0,73060.0,84130.0,110070.0,137740.0,Network and Computer Systems Administrators
45780,151251,100.0,49120.0,71650.0,79770.0,98230.0,147390.0,Computer Programmers
45780,151252,880.0,71630.0,84560.0,104360.0,133110.0,166330.0,Software Developers
45780,151299,110.0,45140.0,45140.0,64430.0,87880.0,108720.0,"Computer Occupations, All Other"
45780,152051,150.0,37650.0,62210.0,82000.0,107480.0,146670.0,Data Scientists
45780,170000,5580.0,52000.0,68190.0,84890.0,108320.0,132730.0,Architecture and Engineering Occupations
45780,171011,150.0,59550.0,73440.0,95480.0,126290.0,177510.0,"Architects, Except Landscape and Naval"
45780,172051,770.0,65890.0,76920.0,96300.0,121950.0,134540.0,Civil Engineers
45780,172071,370.0,71630.0,79470.0,100290.0,122800.0,137440.0,Electrical Engineers
45780,172112,1150.0,72560.0,81370.0,98490.0,109150.0,131220.0,Industrial Engineers
45780,172141,620.0,62400.0,77880.0,95170.0,108510.0,134840.0,Mechanical Engineers
45780,173011,250.0,48450.0,52670.0,61930.0,77080.0,83730.0,Architectural and Civil Drafters
45780,173026,440.0,49510.0,51870.0,59420.0,69080.0,85310.0,Industrial Engineering Technologists and Technicians
45780,173031,70.0,47000.0,51290.0,63720.0,74710.0,79180.0,Surveying and Mapping Technicians
45780,190000,1650.0,47160.0,60800.0,77190.0,100170.0,122290.0,"Life, Physical, and Social Science Occupations"
45780,191042,160.0,64760.0,67970.0,82250.0,99020.0,131570.0,"Medical Scientists, Except Epidemiologists"
45780,192031,150.0,54860.0,64870.0,78250.0,99480.0,134980.0,Chemists
45780,192041,190.0,63460.0,66360.0,81070.0,95120.0,108100.0,"Environmental Scientists and Specialists, Including Health"
45780,193033,90.0,31700.0,74690.0,93220.0,128960.0,152900.0,Clinical and Counseling Psychologists
45780,194021,50.0,36820.0,45060.0,51760.0,60030.0,73320.0,Biological Technicians
45780,194031,110.0,46030.0,49350.0,60000.0,72750.0,105340.0,Chemical Technicians
45780,195011,330.0,58770.0,73830.0,91560.0,115170.0,129460.0,Occupational Health and Safety Specialists
45780,195012,90.0,45520.0,52820.0,62370.0,76260.0,78980.0,Occupational Health and Safety Technicians
45780,210000,5140.0,37000.0,45280.0,56170.0,66030.0,80520.0,Community and Social Service Occupations
45780,211012,940.0,39700.0,46150.0,58770.0,77370.0,94610.0,"Educational, Guidance, and Career Counselors and Advisors"
45780,211015,210.0,34700.0,38450.0,47580.0,64310.0,85240.0,Rehabilitation Counselors
45780,211018,1080.0,39380.0,47360.0,58190.0,67960.0,87400.0,"Substance Abuse, Behavioral Disorder, and Mental Health Counselors"
45780,211021,740.0,39350.0,46760.0,57990.0,60020.0,77220.0,"Child, Family, and School Social Workers"
45780,211022,460.0,45180.0,48660.0,60540.0,74440.0,78940.0,Healthcare Social Workers
45780,211023,350.0,36900.0,42050.0,46600.0,56630.0,73180.0,Mental Health and Substance Abuse Social Workers
45780,211091,110.0,38500.0,42710.0,60320.0,76020.0,96580.0,Health Education Specialists
45780,211092,240.0,47930.0,60430.0,60430.0,75490.0,75490.0,Probation Officers and Correctional Treatment Specialists
45780,211093,460.0,30940.0,35230.0,37290.0,45860.0,52810.0,Social and Human Service Assistants
45780,230000,1410.0,47270.0,59670.0,91400.0,141160.0,218660.0,Legal Occupations
45780,231011,820.0,54400.0,81770.0,113920.0,171340.0,285180.0,Lawyers
45780,232011,340.0,34290.0,48050.0,59960.0,75880.0,94660.0,Paralegals and Legal Assistants
45780,250000,19850.0,31430.0,43680.0,60740.0,80910.0,99050.0,Educational Instruction and Library Occupations
45780,251011,280.0,47240.0,64740.0,99330.0,159950.0,210020.0,"Business Teachers, Postsecondary"
45780,251071,340.0,46960.0,60740.0,79410.0,130560.0,222660.0,"Health Specialties Teachers, Postsecondary"
45780,251121,310.0,47010.0,59680.0,76350.0,83910.0,107850.0,"Art, Drama, and Music Teachers, Postsecondary"
45780,251194,450.0,40520.0,49340.0,65660.0,92040.0,134150.0,"Career/Technical Education Teachers, Postsecondary"
45780,251199,320.0,51170.0,61390.0,77340.0,99370.0,129810.0,"Postsecondary Teachers, All Other"
45780,252011,930.0,27510.0,28920.0,33580.0,36640.0,41820.0,"Preschool Teachers, Except Special Education"
45780,252021,3350.0,46380.0,49770.0,63250.0,82370.0,98310.0,"Elementary School Teachers, Except Special Education"
45780,252031,3080.0,47460.0,58820.0,77930.0,96890.0,100450.0,"Secondary School Teachers, Except Special and Career/Technical Education"
45780,252052,790.0,45240.0,47970.0,64580.0,81190.0,100080.0,"Special Education Teachers, Kindergarten and Elementary School"
45780,253021,460.0,23490.0,28020.0,37180.0,44930.0,60070.0,Self-Enrichment Teachers
45780,253031,290.0,28480.0,29360.0,32350.0,35110.0,39080.0,"Substitute Teachers, Short-Term"
45780,254022,290.0,46640.0,49930.0,61950.0,77840.0,99130.0,Librarians and Media Collections Specialists
45780,254031,90.0,27150.0,35530.0,37920.0,46090.0,55840.0,Library Technicians
45780,259045,2800.0,25860.0,29230.0,36120.0,43290.0,48910.0,"Teaching Assistants, Except Postsecondary"
45780,270000,2880.0,29810.0,37440.0,48660.0,69470.0,100320.0,"Arts, Design, Entertainment, Sports, and Media Occupations"
45780,271024,290.0,37360.0,45120.0,50320.0,62140.0,78320.0,Graphic Designers
45780,271026,380.0,28330.0,31630.0,36890.0,43040.0,48000.0,Merchandise Displayers and Window Trimmers
45780,272012,100.0,42060.0,45800.0,62220.0,76910.0,102100.0,Producers and Directors
45780,272022,530.0,28310.0,32450.0,47270.0,63380.0,100220.0,Coaches and Scouts
45780,273011,40.0,23520.0,31550.0,42030.0,64460.0,79980.0,Broadcast Announcers and Radio Disc Jockeys
45780,273031,290.0,41240.0,48100.0,60220.0,77690.0,98280.0,Public Relations Specialists
45780,274011,110.0,38130.0,41410.0,52330.0,64020.0,86390.0,Audio and Video Technicians
45780,274012,30.0,24160.0,27040.0,59570.0,83990.0,104190.0,Broadcast Technicians
45780,290000,21650.0,46990.0,63160.0,79900.0,101050.0,150380.0,Healthcare Practitioners and Technical Occupations
45780,291021,180.0,120180.0,159900.0,205920.0,206280.0,295320.0,"Dentists, General"
45780,291031,150.0,35320.0,59920.0,70780.0,78250.0,88770.0,Dietitians and Nutritionists
45780,291051,660.0,46660.0,108210.0,134010.0,156290.0,161790.0,Pharmacists
45780,291071,280.0,102090.0,120330.0,131730.0,134140.0,161750.0,Physician Assistants
45780,291122,380.0,73840.0,81560.0,100340.0,106660.0,118670.0,Occupational Therapists
45780,291123,560.0,80040.0,96270.0,104750.0,114300.0,125070.0,Physical Therapists
45780,291126,350.0,66150.0,77690.0,82280.0,94340.0,98750.0,Respiratory Therapists
45780,291127,310.0,60300.0,75570.0,89010.0,103300.0,109300.0,Speech-Language Pathologists
45780,291131,140.0,58750.0,96680.0,126970.0,158470.0,199650.0,Veterinarians
45780,291141,7890.0,67810.0,78410.0,81050.0,98890.0,103210.0,Registered Nurses
45780,291171,800.0,77050.0,104480.0,121780.0,131260.0,153740.0,Nurse Practitioners
45780,291216,220.0,215090.0,315660.0,330220.0,442000.0,586750.0,General Internal Medicine Physicians
45780,291229,1160.0,66170.0,68500.0,302450.0,478000.0,532800.0,"Physicians, All Other"
45780,291292,580.0,66170.0,74450.0,76580.0,82250.0,94060.0,Dental Hygienists
45780,292010,510.0,37380.0,45990.0,58840.0,79070.0,89750.0,Clinical Laboratory Technologists and Technicians
45780,292032,180.0,69020.0,79060.0,82560.0,95500.0,101050.0,Diagnostic Medical Sonographers
45780,292034,590.0,62020.0,65780.0,79080.0,80770.0,96330.0,Radiologic Technologists and Technicians
45780,292035,80.0,69990.0,79660.0,81610.0,91250.0,100380.0,Magnetic Resonance Imaging Technologists
45780,292042,250.0,36820.0,37830.0,39850.0,48620.0,52470.0,Emergency Medical Technicians
45780,292052,790.0,36180.0,37190.0,44870.0,48320.0,59030.0,Pharmacy Technicians
45780,292053,190.0,31810.0,37920.0,41240.0,46470.0,48820.0,Psychiatric Technicians
45780,292055,230.0,49450.0,59970.0,62470.0,67000.0,76360.0,Surgical Technologists
45780,292056,220.0,34730.0,39370.0,47860.0,50690.0,61340.0,Veterinary Technologists and Technicians
45780,292061,2120.0,50250.0,57350.0,62280.0,64560.0,73040.0,Licensed Practical and Licensed Vocational Nurses
45780,292072,310.0,37080.0,41710.0,47340.0,57880.0,64310.0,Medical Records Specialists
45780,292081,180.0,35410.0,45750.0,49370.0,62710.0,73520.0,"Opticians, Dispensing"
45780,292099,500.0,37880.0,38860.0,43890.0,54930.0,64540.0,"Health Technologists and Technicians, All Other"
45780,310000,13370.0,30020.0,34840.0,37530.0,44450.0,54490.0,Healthcare Support Occupations
45780,311120,5430.0,29080.0,30180.0,34550.0,36490.0,38260.0,Home Health and Personal Care Aides
45780,311131,3590.0,36050.0,37240.0,39700.0,44180.0,46900.0,Nursing Assistants
45780,311133,50.0,33740.0,35270.0,37710.0,37880.0,44390.0,Psychiatric Aides
45780,312021,530.0,50880.0,60420.0,63450.0,74450.0,81530.0,Physical Therapist Assistants
45780,319011,90.0,40860.0,46370.0,54850.0,57140.0,71040.0,Massage Therapists
45780,319091,700.0,36870.0,38640.0,46580.0,57470.0,76090.0,Dental Assistants
45780,319092,1620.0,36790.0,38310.0,44120.0,45190.0,46330.0,Medical Assistants
45780,319093,180.0,36400.0,38950.0,45020.0,49190.0,55140.0,Medical Equipment Preparers
45780,319096,200.0,30110.0,31890.0,35660.0,37960.0,48340.0,Veterinary Assistants and Laboratory Animal Caretakers
45780,330000,6160.0,29970.0,35140.0,56160.0,75590.0,93060.0,Protective Service Occupations
45780,331012,350.0,74240.0,83990.0,96920.0,97310.0,124130.0,First-Line Supervisors of Police and Detectives
45780,331091,110.0,37690.0,37750.0,48080.0,61960.0,71500.0,First-Line Supervisors of Security Workers
45780,332011,1010.0,34870.0,46090.0,60590.0,75990.0,75990.0,Firefighters
45780,333012,470.0,45950.0,49480.0,58480.0,65420.0,68060.0,Correctional Officers and Jailers
45780,333051,1230.0,60060.0,69280.0,73650.0,78070.0,90440.0,Police and Sheriff's Patrol Officers
45780,339032,1680.0,28490.0,33500.0,34950.0,39500.0,48520.0,Security Guards
45780,339091,180.0,28180.0,30730.0,38470.0,39330.0,57340.0,Crossing Guards and Flaggers
45780,350000,27910.0,23140.0,26740.0,29720.0,36730.0,47060.0,Food Preparation and Serving Related Occupations
45780,351011,220.0,38900.0,42950.0,50790.0,73860.0,78820.0,Chefs and Head Cooks
45780,351012,2650.0,29570.0,33520.0,37230.0,47060.0,59210.0,First-Line Supervisors of Food Preparation and Serving Workers
45780,352011,850.0,22260.0,22260.0,22560.0,26800.0,34570.0,"Cooks, Fast Food"
45780,352012,1280.0,29360.0,32150.0,36760.0,39070.0,45080.0,"Cooks, Institution and Cafeteria"
45780,352014,2920.0,28070.0,29660.0,35560.0,36960.0,44080.0,"Cooks, Restaurant"
45780,352015,290.0,26520.0,26520.0,27970.0,33340.0,37490.0,"Cooks, Short Order"
45780,352021,950.0,27580.0,29100.0,35260.0,38260.0,45200.0,Food Preparation Workers
45780,353011,1480.0,22800.0,24500.0,30820.0,46190.0,70830.0,Bartenders
45780,353023,9280.0,23030.0,24180.0,27570.0,29270.0,35020.0,Fast Food and Counter Workers
45780,353031,4600.0,23590.0,28670.0,36140.0,47780.0,60740.0,Waiters and Waitresses
45780,359011,770.0,23140.0,24630.0,28800.0,35220.0,37620.0,Dining Room and Cafeteria Attendants and Bartender Helpers
45780,359021,850.0,23230.0,25470.0,29290.0,33660.0,35430.0,Dishwashers
45780,359031,790.0,23080.0,23740.0,27200.0,29780.0,37290.0,"Hosts and Hostesses, Restaurant, Lounge, and Coffee Shop"
45780,370000,8240.0,28080.0,30510.0,35810.0,43680.0,49400.0,Building and Grounds Cleaning and Maintenance Occupations
45780,371011,370.0,33420.0,38580.0,45980.0,56630.0,61350.0,First-Line Supervisors of Housekeeping and Janitorial Workers
45780,371012,190.0,41030.0,46130.0,54720.0,72830.0,75580.0,"First-Line Supervisors of Landscaping, Lawn Service, and Groundskeeping Workers"
45780,372011,4220.0,28270.0,30540.0,35240.0,41160.0,47790.0,"Janitors and Cleaners, Except Maids and Housekeeping Cleaners"
45780,372012,1540.0,26790.0,29020.0,30910.0,35200.0,37270.0,Maids and Housekeeping Cleaners
45780,373011,1740.0,28100.0,35260.0,37270.0,45320.0,49370.0,Landscaping and Groundskeeping Workers
45780,390000,4930.0,23230.0,27500.0,31060.0,41130.0,57190.0,Personal Care and Service Occupations
45780,391014,160.0,33920.0,39530.0,46030.0,56590.0,69550.0,"First-Line Supervisors of Entertainment and Recreation Workers, Except Gambling Services"
45780,391022,130.0,30490.0,34840.0,37750.0,49550.0,58310.0,First-Line Supervisors of Personal Service Workers
45780,392011,30.0,27090.0,29650.0,35840.0,40560.0,57010.0,Animal Trainers
45780,392021,590.0,24130.0,28760.0,30870.0,45170.0,64740.0,Animal Caretakers
45780,393091,560.0,22500.0,23120.0,26850.0,28920.0,34130.0,Amusement and Recreation Attendants
45780,395012,650.0,23170.0,27500.0,36440.0,58030.0,74520.0,"Hairdressers, Hairstylists, and Cosmetologists"
45780,399011,700.0,22990.0,26990.0,29000.0,33760.0,38650.0,Childcare Workers
45780,399031,420.0,23450.0,28780.0,36400.0,46280.0,59070.0,Exercise Trainers and Group Fitness Instructors
45780,399032,520.0,22830.0,28030.0,30550.0,37940.0,46580.0,Recreation Workers
45780,399041,210.0,28960.0,33450.0,37460.0,44440.0,48850.0,Residential Advisors
45780,410000,22820.0,25700.0,28650.0,35560.0,50360.0,77930.0,Sales and Related Occupations
45780,411011,1990.0,30720.0,35930.0,46190.0,60340.0,73600.0,First-Line Supervisors of Retail Sales Workers
45780,411012,250.0,48930.0,59430.0,77590.0,107740.0,144990.0,First-Line Supervisors of Non-Retail Sales Workers
45780,412011,5740.0,24030.0,27660.0,29270.0,33450.0,36710.0,Cashiers
45780,412021,580.0,23390.0,29720.0,37530.0,49350.0,76890.0,Counter and Rental Clerks
45780,412022,580.0,27470.0,29170.0,36940.0,48300.0,61100.0,Parts Salespersons
45780,412031,7360.0,24280.0,27960.0,30780.0,36330.0,46140.0,Retail Salespersons
45780,413011,120.0,28270.0,36050.0,54910.0,76940.0,106580.0,Advertising Sales Agents
45780,413021,770.0,37340.0,48710.0,60390.0,76410.0,113390.0,Insurance Sales Agents
45780,413031,300.0,38010.0,49350.0,60270.0,74250.0,109890.0,"Securities, Commodities, and Financial Services Sales Agents"
45780,413091,1620.0,34130.0,39540.0,53470.0,78620.0,116240.0,"Sales Representatives of Services, Except Advertising, Insurance, Financial Services, and Travel"
45780,414011,190.0,41700.0,56200.0,104440.0,168620.0,200510.0,"Sales Representatives, Wholesale and Manufacturing, Technical and Scientific Products"
45780,414012,2630.0,39320.0,49710.0,65800.0,95230.0,136270.0,"Sales Representatives, Wholesale and Manufacturing, Except Technical and Scientific Products"
45780,419022,220.0,28730.0,34460.0,43220.0,56170.0,105440.0,Real Estate Sales Agents
45780,430000,29130.0,31110.0,37520.0,45910.0,56570.0,69970.0,Office and Administrative Support Occupations
45780,431011,2290.0,45820.0,52520.0,63190.0,78310.0,93790.0,First-Line Supervisors of Office and Administrative Support Workers
45780,433011,360.0,30720.0,30830.0,41550.0,48080.0,61710.0,Bill and Account Collectors
45780,433021,810.0,36230.0,39040.0,44560.0,48710.0,58380.0,Billing and Posting Clerks
45780,433031,2200.0,35410.0,40210.0,47840.0,57510.0,65090.0,"Bookkeeping, Accounting, and Auditing Clerks"
45780,433051,260.0,38930.0,46730.0,58170.0,66540.0,79570.0,Payroll and Timekeeping Clerks
45780,433071,680.0,36330.0,37720.0,44160.0,46770.0,47960.0,Tellers
45780,434031,480.0,38620.0,41600.0,48830.0,60670.0,63650.0,"Court, Municipal, and License Clerks"
45780,434051,3170.0,29860.0,35730.0,42970.0,49870.0,61370.0,Customer Service Representatives
45780,434061,200.0,39190.0,42390.0,47950.0,57510.0,61420.0,"Eligibility Interviewers, Government Programs"
45780,434071,100.0,36440.0,39590.0,50840.0,50840.0,62000.0,File Clerks
45780,434081,340.0,27730.0,29150.0,31040.0,34000.0,36310.0,"Hotel, Motel, and Resort Desk Clerks"
45780,434111,320.0,34890.0,36710.0,39230.0,45240.0,53250.0,"Interviewers, Except Eligibility and Loan"
45780,434121,240.0,22940.0,29110.0,36360.0,40070.0,48780.0,"Library Assistants, Clerical"
45780,434131,170.0,38320.0,45250.0,46840.0,57870.0,68550.0,Loan Interviewers and Clerks
45780,434161,130.0,36410.0,43680.0,47130.0,57800.0,70080.0,"Human Resources Assistants, Except Payroll and Timekeeping"
45780,434171,1900.0,27190.0,30120.0,36710.0,40700.0,46110.0,Receptionists and Information Clerks
45780,434199,60.0,35840.0,39300.0,43970.0,60730.0,71930.0,"Information and Record Clerks, All Other"
45780,435031,130.0,43890.0,49080.0,58900.0,62800.0,68800.0,Public Safety Telecommunicators
45780,435032,290.0,34330.0,44210.0,48990.0,60620.0,71660.0,"Dispatchers, Except Police, Fire, and Ambulance"
45780,435041,100.0,38790.0,44790.0,44790.0,57940.0,63740.0,"Meter Readers, Utilities"
45780,435051,120.0,55350.0,58470.0,62690.0,71860.0,75030.0,Postal Service Clerks
45780,435052,730.0,44160.0,53310.0,64250.0,81040.0,81040.0,Postal Service Mail Carriers
45780,435061,800.0,40120.0,46610.0,58810.0,75730.0,84460.0,"Production, Planning, and Expediting Clerks"
45780,435071,1800.0,35980.0,38580.0,46860.0,50860.0,61980.0,"Shipping, Receiving, and Inventory Clerks"
45780,436011,500.0,43880.0,52740.0,65860.0,76630.0,94640.0,Executive Secretaries and Executive Administrative Assistants
45780,436012,260.0,33500.0,41790.0,58060.0,61790.0,65920.0,Legal Secretaries and Administrative Assistants
45780,436013,1540.0,36690.0,37950.0,39730.0,45850.0,48150.0,Medical Secretaries and Administrative Assistants
45780,436014,3100.0,32470.0,39440.0,46780.0,52350.0,62510.0,"Secretaries and Administrative Assistants, Except Legal, Medical, and Executive"
45780,439021,220.0,29910.0,35980.0,39460.0,45970.0,54170.0,Data Entry Keyers
45780,439041,250.0,33860.0,36770.0,45410.0,55740.0,60750.0,Insurance Claims and Policy Processing Clerks
45780,439061,4500.0,27150.0,33240.0,41600.0,50580.0,61080.0,"Office Clerks, General"
45780,450000,470.0,26970.0,32350.0,39020.0,40670.0,51360.0,"Farming, Fishing, and Forestry Occupations"
45780,470000,10920.0,42780.0,49130.0,64960.0,79500.0,99850.0,Construction and Extraction Occupations
45780,471011,1430.0,60860.0,73080.0,78370.0,97150.0,108050.0,First-Line Supervisors of Construction Trades and Extraction Workers
45780,472031,980.0,43260.0,47480.0,61070.0,74980.0,79370.0,Carpenters
45780,472051,330.0,44730.0,50070.0,62200.0,72920.0,81300.0,Cement Masons and Concrete Finishers
45780,472061,1520.0,36690.0,44910.0,50720.0,70590.0,79360.0,Construction Laborers
45780,472073,780.0,45950.0,55880.0,64380.0,93530.0,97580.0,Operating Engineers and Other Construction Equipment Operators
45780,472111,1660.0,46080.0,58920.0,74710.0,91620.0,102000.0,Electricians
45780,472141,400.0,36430.0,42010.0,48820.0,62250.0,68950.0,"Painters, Construction and Maintenance"
45780,472152,1100.0,46530.0,50740.0,66920.0,98890.0,103520.0,"Plumbers, Pipefitters, and Steamfitters"
45780,472181,230.0,39390.0,46430.0,57700.0,64190.0,74850.0,Roofers
45780,474011,120.0,59500.0,66260.0,74510.0,82110.0,96410.0,Construction and Building Inspectors
45780,474051,310.0,37770.0,46270.0,57670.0,63530.0,71500.0,Highway Maintenance Workers
45780,490000,12710.0,37440.0,46980.0,60610.0,75720.0,90500.0,"Installation, Maintenance, and Repair Occupations"
45780,491011,1160.0,49760.0,60460.0,78180.0,97520.0,115810.0,"First-Line Supervisors of Mechanics, Installers, and Repairers"
45780,492022,190.0,43110.0,58960.0,61610.0,89670.0,97980.0,"Telecommunications Equipment Installers and Repairers, Except Line Installers"
45780,492098,90.0,46660.0,49270.0,60630.0,70930.0,79890.0,Security and Fire Alarm Systems Installers
45780,493021,340.0,38160.0,46600.0,49650.0,65400.0,74480.0,Automotive Body and Related Repairers
45780,493023,1350.0,33750.0,36510.0,47090.0,64050.0,78090.0,Automotive Service Technicians and Mechanics
45780,493031,770.0,41590.0,49630.0,60680.0,67380.0,77260.0,Bus and Truck Mechanics and Diesel Engine Specialists
45780,493042,320.0,51430.0,60420.0,70340.0,79210.0,88160.0,"Mobile Heavy Equipment Mechanics, Except Engines"
45780,493093,240.0,34110.0,37050.0,45090.0,46470.0,56670.0,Tire Repairers and Changers
45780,499012,60.0,44390.0,57230.0,78620.0,92380.0,109090.0,"Control and Valve Installers and Repairers, Except Mechanical Door"
45780,499021,650.0,38610.0,49020.0,62460.0,78910.0,99740.0,"Heating, Air Conditioning, and Refrigeration Mechanics and Installers"
45780,499041,1600.0,49280.0,60200.0,70230.0,77110.0,92630.0,Industrial Machinery Mechanics
45780,499052,230.0,46690.0,47990.0,59790.0,73510.0,89770.0,Telecommunications Line Installers and Repairers
45780,499062,90.0,39340.0,40480.0,48860.0,60440.0,71710.0,Medical Equipment Repairers
45780,499071,3640.0,36780.0,45700.0,57170.0,65010.0,77640.0,"Maintenance and Repair Workers, General"
45780,510000,29130.0,35500.0,39430.0,48580.0,64740.0,76320.0,Production Occupations
45780,511011,1930.0,48490.0,58700.0,71920.0,83260.0,102480.0,First-Line Supervisors of Production and Operating Workers
45780,512090,9030.0,37620.0,39430.0,49740.0,68940.0,71300.0,Miscellaneous Assemblers and Fabricators
45780,513011,310.0,23620.0,25720.0,30440.0,37230.0,47510.0,Bakers
45780,513021,310.0,27050.0,31700.0,39740.0,48560.0,57380.0,Butchers and Meat Cutters
45780,514021,160.0,36930.0,44430.0,47210.0,52710.0,56270.0,"Extruding and Drawing Machine Setters, Operators, and Tenders, Metal and Plastic"
45780,514031,850.0,36330.0,37600.0,45500.0,51480.0,59760.0,"Cutting, Punching, and Press Machine Setters, Operators, and Tenders, Metal and Plastic"
45780,514041,1140.0,37280.0,46640.0,62190.0,80170.0,80170.0,Machinists
45780,514081,1640.0,34790.0,34790.0,39780.0,48740.0,50570.0,"Multiple Machine Tool Setters, Operators, and Tenders, Metal and Plastic"
45780,514121,960.0,37970.0,40810.0,49130.0,57020.0,61750.0,"Welders, Cutters, Solderers, and Brazers"
45780,515112,390.0,31660.0,36720.0,40050.0,48510.0,58980.0,Printing Press Operators
45780,516011,410.0,26000.0,26730.0,28940.0,35660.0,37270.0,Laundry and Dry-Cleaning Workers
45780,518031,430.0,44790.0,47260.0,58740.0,64370.0,75770.0,Water and Wastewater Treatment Plant and System Operators
45780,519032,140.0,37160.0,40930.0,46780.0,54600.0,57550.0,"Cutting and Slicing Machine Setters, Operators, and Tenders"
45780,519061,1750.0,34270.0,36710.0,46790.0,59560.0,71320.0,"Inspectors, Testers, Sorters, Samplers, and Weighers"
45780,519111,770.0,35350.0,37860.0,47970.0,64740.0,64740.0,Packaging and Filling Machine Operators and Tenders
45780,519161,850.0,37480.0,40100.0,47190.0,52860.0,62260.0,Computer Numerically Controlled Tool Operators
45780,519199,640.0,27890.0,35670.0,38380.0,46720.0,56280.0,"Production Workers, All Other"
45780,530000,31740.0,30090.0,36510.0,43320.0,51370.0,67450.0,Transportation and Material Moving Occupations
45780,531047,1450.0,46090.0,51370.0,61360.0,74270.0,85200.0,"First-Line Supervisors of Transportation and Material Moving Workers, Except Aircraft Cargo Handling"
45780,533031,1130.0,22490.0,27830.0,37110.0,47340.0,59300.0,Driver/Sales Workers
45780,533032,5110.0,39990.0,48890.0,60410.0,72680.0,77340.0,Heavy and Tractor-Trailer Truck Drivers
45780,533033,2230.0,27750.0,35720.0,41640.0,47950.0,80350.0,Light Truck Drivers
45780,533051,60.0,24160.0,27670.0,33810.0,45860.0,49010.0,"Bus Drivers, School"
45780,533053,500.0,24400.0,28810.0,31200.0,36230.0,44040.0,Shuttle Drivers and Chauffeurs
45780,536031,190.0,27700.0,32710.0,34670.0,36610.0,42610.0,Automotive and Watercraft Service Attendants
45780,537051,3280.0,39050.0,42570.0,45100.0,59840.0,67440.0,Industrial Truck and Tractor Operators
45780,537061,700.0,23570.0,28250.0,31980.0,37190.0,45210.0,Cleaners of Vehicles and Equipment
45780,537062,8120.0,31200.0,37480.0,42640.0,43930.0,48530.0,"Laborers and Freight, Stock, and Material Movers, Hand"
45780,537064,920.0,30050.0,32690.0,37260.0,40810.0,48170.0,"Packers and Packagers, Hand"
45780,537065,7090.0,29570.0,33560.0,37000.0,45890.0,47060.0,Stockers and Order Fillers
45780,113061,170.0,80790.0,106430.0,136590.0,170390.0,223060.0,Purchasing Managers
45780,119031,150.0,36260.0,40390.0,56900.0,58180.0,60280.0,"Education and Childcare Administrators, Preschool and Daycare"
45780,119033,430.0,62810.0,77390.0,101140.0,128690.0,196210.0,"Education Administrators, Postsecondary"
45780,171022,90.0,55580.0,62660.0,78140.0,89100.0,115460.0,Surveyors
45780,173022,210.0,47520.0,49090.0,63280.0,79000.0,89730.0,Civil Engineering Technologists and Technicians
45780,211094,80.0,35930.0,37690.0,44940.0,54060.0,63250.0,Community Health Workers
45780,252012,210.0,40300.0,52610.0,61520.0,85290.0,95690.0,"Kindergarten Teachers, Except Special Education"
45780,252022,1370.0,43000.0,46820.0,75130.0,93520.0,96840.0,"Middle School Teachers, Except Special and Career/Technical Education"
45780,252057,410.0,46480.0,51850.0,62670.0,85580.0,95240.0,"Special Education Teachers, Middle School"
45780,252058,620.0,47180.0,51880.0,75230.0,81480.0,97040.0,"Special Education Teachers, Secondary School"
45780,259031,200.0,41290.0,45420.0,61860.0,83000.0,96470.0,Instructional Coordinators
45780,259099,90.0,22260.0,34150.0,37370.0,47280.0,62530.0,"Educational Instruction and Library Workers, All Other"
45780,274021,80.0,22880.0,31080.0,35810.0,48220.0,81500.0,Photographers
45780,292043,90.0,44830.0,47120.0,56230.0,63260.0,78000.0,Paramedics
45780,292057,120.0,34350.0,36610.0,39840.0,46840.0,54460.0,Ophthalmic Medical Technicians
45780,299021,190.0,37570.0,59700.0,71330.0,71330.0,71330.0,Health Information Technologists and Medical Registrars
45780,299091,80.0,48660.0,59950.0,60890.0,69480.0,75070.0,Athletic Trainers
45780,312011,250.0,53470.0,59780.0,63710.0,73200.0,78180.0,Occupational Therapy Assistants
45780,319097,390.0,36120.0,36420.0,39080.0,45110.0,49430.0,Phlebotomists
45780,333021,150.0,58070.0,58070.0,75610.0,97220.0,114460.0,Detectives and Criminal Investigators
45780,339092,310.0,22570.0,22810.0,24820.0,26700.0,31040.0,"Lifeguards, Ski Patrol, and Other Recreational Protective Service Workers"
45780,353041,790.0,26480.0,28310.0,30060.0,35470.0,37290.0,"Food Servers, Nonrestaurant"
45780,395094,110.0,27400.0,35880.0,38890.0,48190.0,73790.0,Skincare Specialists
45780,397010,40.0,23990.0,25200.0,30720.0,33290.0,35410.0,Tour and Travel Guides
45780,433061,70.0,36140.0,43710.0,48930.0,58140.0,62380.0,Procurement Clerks
45780,435021,100.0,32030.0,32940.0,38810.0,42920.0,43360.0,Couriers and Messengers
45780,435111,160.0,33710.0,36460.0,45960.0,61540.0,62630.0,"Weighers, Measurers, Checkers, and Samplers, Recordkeeping"
45780,472042,160.0,45140.0,49390.0,72850.0,73440.0,73540.0,"Floor Layers, Except Carpet, Wood, and Hard Tiles"
45780,472211,220.0,45640.0,60560.0,83240.0,88800.0,95880.0,Sheet Metal Workers
45780,493041,50.0,27130.0,39540.0,50070.0,59900.0,72970.0,Farm Equipment Mechanics and Service Technicians
45780,499043,130.0,37700.0,43780.0,55640.0,59280.0,68600.0,"Maintenance Workers, Machinery"
45780,499044,280.0,57540.0,69000.0,83280.0,83280.0,92110.0,Millwrights
45780,499051,210.0,57820.0,61870.0,83870.0,104310.0,107360.0,Electrical Power-Line Installers and Repairers
45780,499098,60.0,25530.0,34820.0,36850.0,47150.0,49970.0,"Helpers--Installation, Maintenance, and Repair Workers"
45780,499099,190.0,37380.0,43220.0,46860.0,57000.0,61030.0,"Installation, Maintenance, and Repair Workers, All Other"
45780,513092,400.0,30170.0,37480.0,47390.0,66150.0,66150.0,Food Batchmakers
45780,514072,700.0,37180.0,37690.0,41350.0,44970.0,57850.0,"Molding, Coremaking, and Casting Machine Setters, Operators, and Tenders, Metal and Plastic"
45780,514111,540.0,46200.0,49980.0,66630.0,83460.0,91640.0,Tool and Die Makers
45780,516021,60.0,26370.0,26690.0,29760.0,35490.0,36950.0,"Pressers, Textile, Garment, and Related Materials"
45780,516031,190.0,29540.0,35430.0,36580.0,43480.0,49890.0,Sewing Machine Operators
45780,519011,290.0,48650.0,51030.0,60830.0,65190.0,75400.0,Chemical Equipment Operators and Tenders
45780,519124,280.0,37530.0,41920.0,48530.0,56410.0,65040.0,"Coating, Painting, and Spraying Machine Setters, Operators, and Tenders"
45780,519162,50.0,45980.0,55850.0,64940.0,76350.0,83040.0,Computer Numerically Controlled Tool Programmers
45780,519196,200.0,38080.0,40450.0,45370.0,51890.0,66160.0,"Paper Goods Machine Setters, Operators, and Tenders"
45780,519198,250.0,31880.0,34600.0,37220.0,43720.0,49660.0,Helpers--Production Workers
45780,536021,110.0,28760.0,29100.0,31510.0,33800.0,38910.0,Parking Attendants
45780,537063,110.0,34310.0,45880.0,45880.0,58160.0,58160.0,Machine Feeders and Offbearers
45780,537081,130.0,32020.0,36880.0,45500.0,59290.0,70990.0,Refuse and Recyclable Material Collectors
45780,119039,70.0,40220.0,53460.0,75600.0,89800.0,111180.0,"Education Administrators, All Other"
45780,131075,360.0,34800.0,73410.0,78840.0,99570.0,123590.0,Labor Relations Specialists
45780,132053,90.0,45990.0,47180.0,59710.0,78870.0,105910.0,Insurance Underwriters
45780,132071,40.0,42990.0,46960.0,47450.0,58950.0,74090.0,Credit Counselors
45780,132099,90.0,43520.0,62450.0,79390.0,107430.0,130160.0,"Financial Specialists, All Other"
45780,151212,150.0,60010.0,77540.0,103720.0,136370.0,170310.0,Information Security Analysts
45780,151243,30.0,68360.0,81140.0,118800.0,150680.0,189520.0,Database Architects
45780,151253,80.0,44360.0,61840.0,94160.0,104060.0,129280.0,Software Quality Assurance Analysts and Testers
45780,152031,30.0,56580.0,70400.0,80360.0,107200.0,128990.0,Operations Research Analysts
45780,172081,70.0,69000.0,82310.0,98720.0,119250.0,145860.0,Environmental Engineers
45780,172199,200.0,42620.0,61660.0,81210.0,122320.0,145780.0,"Engineers, All Other"
45780,173023,90.0,48810.0,57130.0,67510.0,75860.0,97360.0,Electrical and Electronic Engineering Technologists and Technicians
45780,173027,60.0,58490.0,70620.0,75830.0,88800.0,95210.0,Mechanical Engineering Technologists and Technicians
45780,173029,40.0,52000.0,60500.0,69110.0,82780.0,103630.0,"Engineering Technologists and Technicians, Except Drafters, All Other"
45780,193034,70.0,64960.0,76970.0,79790.0,104000.0,109590.0,School Psychologists
45780,194092,40.0,65150.0,74630.0,95330.0,108870.0,111430.0,Forensic Science Technicians
45780,211019,30.0,29040.0,33720.0,34420.0,48800.0,62830.0,"Counselors, All Other"
45780,211029,210.0,37870.0,45250.0,59090.0,75250.0,84990.0,"Social Workers, All Other"
45780,211099,,29120.0,29120.0,38540.0,41840.0,46590.0,"Community and Social Service Specialists, All Other"
45780,212011,100.0,36180.0,44300.0,58260.0,60290.0,73270.0,Clergy
45780,231023,120.0,,,,,,"Judges, Magistrate Judges, and Magistrates"
45780,232093,50.0,40380.0,47280.0,52780.0,61700.0,74590.0,"Title Examiners, Abstractors, and Searchers"
45780,251042,110.0,53650.0,62000.0,83110.0,110160.0,133240.0,"Biological Science Teachers, Postsecondary"
45780,251072,270.0,47870.0,61010.0,76030.0,79000.0,98180.0,"Nursing Instructors and Teachers, Postsecondary"
45780,251081,290.0,40520.0,50130.0,64880.0,96010.0,126120.0,"Education Teachers, Postsecondary"
45780,252032,310.0,49250.0,61290.0,77380.0,91620.0,98470.0,"Career/Technical Education Teachers, Secondary School"
45780,252059,50.0,47350.0,51230.0,58120.0,74850.0,94910.0,"Special Education Teachers, All Other"
45780,253011,70.0,37170.0,45090.0,64560.0,64560.0,70870.0,"Adult Basic Education, Adult Secondary Education, and English as a Second Language Instructors"
45780,253041,280.0,27550.0,35980.0,44720.0,55310.0,69600.0,Tutors
45780,271023,90.0,24190.0,28590.0,35250.0,38810.0,45760.0,Floral Designers
45780,273043,30.0,42060.0,53340.0,63090.0,87550.0,115920.0,Writers and Authors
45780,291151,,134990.0,204540.0,248100.0,294780.0,327910.0,Nurse Anesthetists
45780,291215,90.0,191590.0,218490.0,244550.0,321500.0,438080.0,Family Medicine Physicians
45780,291249,50.0,109640.0,402140.0,618680.0,624260.0,676030.0,"Surgeons, All Other"
45780,292033,50.0,80730.0,83550.0,96150.0,97740.0,101240.0,Nuclear Medicine Technologists
45780,319099,100.0,22260.0,22260.0,38860.0,49130.0,61610.0,"Healthcare Support Workers, All Other"
45780,331021,270.0,62350.0,79330.0,97350.0,97350.0,123600.0,First-Line Supervisors of Firefighting and Prevention Workers
45780,332021,40.0,41110.0,49250.0,66540.0,106800.0,106820.0,Fire Inspectors and Investigators
45780,339099,90.0,30140.0,30300.0,37010.0,46440.0,53920.0,"Protective Service Workers, All Other"
45780,372021,110.0,36410.0,38020.0,45430.0,56270.0,61290.0,Pest Control Workers
45780,394021,100.0,28590.0,32720.0,35250.0,36980.0,57000.0,Funeral Attendants
45780,419011,60.0,30850.0,30850.0,30850.0,35180.0,46150.0,Demonstrators and Product Promoters
45780,419099,80.0,26500.0,26970.0,27600.0,42910.0,84160.0,"Sales and Related Workers, All Other"
45780,433099,,36290.0,42340.0,47290.0,50900.0,53510.0,"Financial Clerks, All Other"
45780,435053,100.0,45530.0,48880.0,57430.0,75030.0,76360.0,"Postal Service Mail Sorters, Processors, and Processing Machine Operators"
45780,439051,80.0,29160.0,32490.0,36100.0,41820.0,47620.0,"Mail Clerks and Mail Machine Operators, Except Postal Service"
45780,439199,110.0,22260.0,22260.0,38650.0,58280.0,65090.0,"Office and Administrative Support Workers, All Other"
45780,472021,120.0,48530.0,61470.0,76870.0,78680.0,83730.0,Brickmasons and Blockmasons
45780,492094,150.0,48880.0,59860.0,72250.0,85350.0,95560.0,"Electrical and Electronics Repairers, Commercial and Industrial Equipment"
45780,493011,110.0,51490.0,63370.0,79830.0,85990.0,92560.0,Aircraft Mechanics and Service Technicians
45780,512028,400.0,36960.0,38040.0,49960.0,49960.0,57510.0,"Electrical, Electronic, and Electromechanical Assemblers, Except Coil Winders, Tapers, and Finishers"
45780,518092,30.0,45420.0,56300.0,57530.0,60840.0,83000.0,Gas Plant Operators
45780,519023,280.0,37990.0,38650.0,45570.0,48750.0,63850.0,"Mixing and Blending Machine Setters, Operators, and Tenders"
45780,112032,60.0,57770.0,80180.0,96830.0,128180.0,188570.0,Public Relations Managers
45780,112033,90.0,67120.0,83700.0,95660.0,136390.0,187620.0,Fundraising Managers
45780,113111,30.0,76710.0,98880.0,110870.0,147220.0,167300.0,Compensation and Benefits Managers
45780,119072,80.0,40310.0,44580.0,60050.0,74990.0,83440.0,"Entertainment and Recreation Managers, Except Gambling"
45780,119081,80.0,36950.0,43660.0,48700.0,71840.0,97710.0,Lodging Managers
45780,132031,40.0,58670.0,63080.0,82990.0,103380.0,130780.0,Budget Analysts
45780,132054,40.0,49450.0,60430.0,82930.0,95620.0,129920.0,Financial Risk Specialists
45780,151254,80.0,52650.0,64550.0,75380.0,98980.0,127920.0,Web Developers
45780,151255,70.0,41250.0,57890.0,72860.0,90600.0,156710.0,Web and Digital Interface Designers
45780,171021,30.0,59130.0,60400.0,72290.0,77990.0,93950.0,Cartographers and Photogrammetrists
45780,172041,70.0,98240.0,111180.0,132760.0,174680.0,174760.0,Chemical Engineers
45780,172072,190.0,76430.0,90940.0,103470.0,128610.0,150390.0,"Electronics Engineers, Except Computer"
45780,172131,260.0,71750.0,87070.0,110620.0,132040.0,147250.0,Materials Engineers
45780,173013,90.0,49370.0,55870.0,63720.0,77870.0,100420.0,Mechanical Drafters
45780,173024,40.0,47750.0,109890.0,109890.0,109910.0,109910.0,Electro-Mechanical and Mechatronics Technologists and Technicians
45780,191013,40.0,,,,,,Soil and Plant Scientists
45780,211013,30.0,39990.0,40900.0,63780.0,130270.0,154320.0,Marriage and Family Therapists
45780,231021,30.0,84820.0,102620.0,134930.0,176050.0,207480.0,"Administrative Law Judges, Adjudicators, and Hearing Officers"
45780,251022,140.0,49740.0,66790.0,84320.0,101800.0,132040.0,"Mathematical Science Teachers, Postsecondary"
45780,251052,60.0,57290.0,72740.0,81670.0,105720.0,138940.0,"Chemistry Teachers, Postsecondary"
45780,251066,110.0,47440.0,63500.0,77970.0,100900.0,119980.0,"Psychology Teachers, Postsecondary"
45780,251113,60.0,50140.0,50940.0,62390.0,84050.0,96060.0,"Social Work Teachers, Postsecondary"
45780,251122,110.0,47970.0,63800.0,78320.0,96500.0,107850.0,"Communications Teachers, Postsecondary"
45780,251123,190.0,47520.0,59290.0,65150.0,95670.0,105220.0,"English Language and Literature Teachers, Postsecondary"
45780,251125,40.0,46730.0,59540.0,81080.0,105500.0,134250.0,"History Teachers, Postsecondary"
45780,251126,40.0,50700.0,63640.0,76690.0,100650.0,124350.0,"Philosophy and Religion Teachers, Postsecondary"
45780,251193,50.0,38170.0,51450.0,66810.0,86330.0,105450.0,"Recreation and Fitness Studies Teachers, Postsecondary"
45780,252023,30.0,45680.0,45680.0,46990.0,97650.0,105770.0,"Career/Technical Education Teachers, Middle School"
45780,254012,40.0,46470.0,55360.0,76910.0,96500.0,96900.0,Curators
45780,259044,160.0,29090.0,45700.0,54390.0,78970.0,95940.0,"Teaching Assistants, Postsecondary"
45780,271021,40.0,55660.0,66440.0,77720.0,101220.0,115310.0,Commercial and Industrial Designers
45780,271025,90.0,41610.0,48730.0,59990.0,81660.0,113060.0,Interior Designers
45780,272042,190.0,,,,,,Musicians and Singers
45780,273023,80.0,34560.0,40550.0,48650.0,64930.0,86600.0,"News Analysts, Reporters, and Journalists"
45780,273041,80.0,37630.0,50120.0,69270.0,102120.0,121790.0,Editors
45780,273042,40.0,53390.0,61350.0,65310.0,102430.0,132430.0,Technical Writers
45780,273091,40.0,33280.0,38420.0,59490.0,85110.0,85310.0,Interpreters and Translators
45780,291011,60.0,74800.0,76520.0,100540.0,160670.0,160670.0,Chiropractors
45780,291041,60.0,55810.0,78410.0,130640.0,144150.0,170460.0,Optometrists
45780,291124,40.0,67800.0,83640.0,102960.0,105480.0,136710.0,Radiation Therapists
45780,291129,90.0,49660.0,49660.0,49660.0,75060.0,106440.0,"Therapists, All Other"
45780,291181,50.0,64960.0,79040.0,91910.0,99440.0,113630.0,Audiologists
45780,291212,40.0,,,,,,Cardiologists
45780,291213,,201690.0,365250.0,460070.0,460070.0,724990.0,Dermatologists
45780,291217,60.0,75340.0,97100.0,388860.0,523690.0,523690.0,Neurologists
45780,291221,60.0,153050.0,207980.0,207990.0,302060.0,347720.0,"Pediatricians, General"
45780,291223,70.0,81670.0,175090.0,233210.0,307450.0,393140.0,Psychiatrists
45780,291299,,48610.0,78530.0,78530.0,96990.0,136990.0,"Healthcare Diagnosing or Treating Practitioners, All Other"
45780,292031,180.0,48410.0,59620.0,79090.0,81500.0,96400.0,Cardiovascular Technologists and Technicians
45780,292051,30.0,35330.0,37250.0,41380.0,51740.0,55200.0,Dietetic Technicians
45780,311132,100.0,34840.0,35140.0,36290.0,37780.0,43200.0,Orderlies
45780,312022,30.0,28610.0,35850.0,40160.0,44960.0,71340.0,Physical Therapist Aides
45780,319094,60.0,27000.0,27000.0,34110.0,35500.0,58930.0,Medical Transcriptionists
45780,319095,40.0,37130.0,39200.0,43480.0,53670.0,53670.0,Pharmacy Aides
45780,333011,120.0,45820.0,46890.0,56010.0,60180.0,61190.0,Bailiffs
45780,339021,40.0,36690.0,37760.0,39600.0,47310.0,72170.0,Private Detectives and Investigators
45780,359099,,22630.0,22630.0,26900.0,28090.0,37080.0,"Food Preparation and Serving Related Workers, All Other"
45780,394031,60.0,32600.0,46520.0,57500.0,75980.0,80450.0,"Morticians, Undertakers, and Funeral Arrangers"
45780,395092,220.0,24150.0,28330.0,28660.0,39910.0,48240.0,Manicurists and Pedicurists
45780,413041,50.0,34580.0,38080.0,40770.0,46340.0,60040.0,Travel Agents
45780,419031,50.0,64360.0,76140.0,89780.0,100270.0,136320.0,Sales Engineers
45780,434151,180.0,34930.0,38170.0,46450.0,53550.0,62080.0,Order Clerks
45780,435011,90.0,38290.0,46830.0,49350.0,60980.0,79140.0,Cargo and Freight Agents
45780,439071,40.0,34510.0,35470.0,35470.0,40340.0,51480.0,"Office Machine Operators, Except Computer"
45780,452092,330.0,25830.0,32350.0,38160.0,40670.0,43820.0,"Farmworkers and Laborers, Crop, Nursery, and Greenhouse"
45780,452093,40.0,23990.0,29800.0,30010.0,35590.0,52670.0,"Farmworkers, Farm, Ranch, and Aquacultural Animals"
45780,472044,50.0,38440.0,42960.0,45090.0,45560.0,72660.0,Tile and Stone Setters
45780,472071,,35230.0,44370.0,58080.0,65950.0,79100.0,"Paving, Surfacing, and Tamping Equipment Operators"
45780,472081,150.0,47200.0,48380.0,62920.0,71800.0,73400.0,Drywall and Ceiling Tile Installers
45780,472121,90.0,43570.0,48750.0,60700.0,74440.0,77440.0,Glaziers
45780,472132,50.0,52380.0,58330.0,74580.0,78580.0,85950.0,"Insulation Workers, Mechanical"
45780,472151,30.0,48050.0,61260.0,76870.0,83350.0,94900.0,Pipelayers
45780,472221,220.0,56490.0,60230.0,74710.0,76770.0,78160.0,Structural Iron and Steel Workers
45780,474041,60.0,41880.0,44550.0,52210.0,64960.0,66140.0,Hazardous Materials Removal Workers
45780,474071,110.0,45220.0,49840.0,50750.0,50750.0,59890.0,Septic Tank Servicers and Sewer Pipe Cleaners
45780,474090,90.0,40570.0,41600.0,41600.0,59400.0,74070.0,Miscellaneous Construction and Related Workers
45780,475022,100.0,49200.0,51510.0,61070.0,62970.0,68460.0,"Excavating and Loading Machine and Dragline Operators, Surface Mining"
45780,492092,40.0,41810.0,51450.0,58620.0,58620.0,64590.0,"Electric Motor, Power Tool, and Related Repairers"
45780,493053,60.0,29620.0,35250.0,43760.0,49440.0,55870.0,Outdoor Power Equipment and Other Small Engine Mechanics
45780,499011,130.0,44840.0,50000.0,58670.0,59670.0,63080.0,Mechanical Door Repairers
45780,499031,30.0,40260.0,42950.0,58610.0,75040.0,75040.0,Home Appliance Repairers
45780,513093,70.0,,,,,,Food Cooking Machine Operators and Tenders
45780,514023,160.0,36980.0,37400.0,46590.0,52390.0,57400.0,"Rolling Machine Setters, Operators, and Tenders, Metal and Plastic"
45780,514033,230.0,35900.0,37160.0,45350.0,48320.0,60320.0,"Grinding, Lapping, Polishing, & Buffing Machine Tool Setters, Operators, & Tenders, Metal & Plastic"
45780,514034,30.0,41130.0,45610.0,51290.0,60860.0,71640.0,"Lathe and Turning Machine Tool Setters, Operators, and Tenders, Metal and Plastic"
45780,514051,150.0,40010.0,45100.0,48410.0,57650.0,61530.0,Metal-Refining Furnace Operators and Tenders
45780,514122,170.0,39830.0,46990.0,48110.0,48110.0,54760.0,"Welding, Soldering, and Brazing Machine Setters, Operators, and Tenders"
45780,515111,50.0,35100.0,38890.0,45100.0,49170.0,56920.0,Prepress Technicians and Workers
45780,515113,80.0,29850.0,35830.0,37890.0,46480.0,53520.0,Print Binding and Finishing Workers
45780,516052,50.0,31510.0,34050.0,37440.0,41850.0,42960.0,"Tailors, Dressmakers, and Custom Sewers"
45780,516093,30.0,32700.0,39420.0,39420.0,40750.0,46930.0,Upholsterers
45780,517041,50.0,36690.0,39580.0,39580.0,46630.0,50280.0,"Sawing Machine Setters, Operators, and Tenders, Wood"
45780,518013,50.0,105970.0,106980.0,107440.0,107440.0,107440.0,Power Plant Operators
45780,518021,50.0,59280.0,62910.0,76190.0,81810.0,85400.0,Stationary Engineers and Boiler Operators
45780,519012,70.0,31140.0,36350.0,39630.0,46390.0,62420.0,"Separating, Filtering, Clarifying, Precipitating, and Still Machine Setters, Operators, and Tenders"
45780,519021,70.0,36950.0,39070.0,46230.0,59260.0,64870.0,"Crushing, Grinding, and Polishing Machine Setters, Operators, and Tenders"
45780,519041,220.0,38800.0,46690.0,51250.0,51250.0,51250.0,"Extruding, Forming, Pressing, and Compacting Machine Setters, Operators, and Tenders"
45780,519051,140.0,37590.0,44630.0,50960.0,55730.0,60520.0,"Furnace, Kiln, Oven, Drier, and Kettle Operators and Tenders"
45780,519081,70.0,37230.0,39480.0,48710.0,52040.0,65070.0,Dental Laboratory Technicians
45780,519192,50.0,31200.0,37550.0,41280.0,50500.0,50500.0,"Cleaning, Washing, and Metal Pickling Equipment Operators and Tenders"
45780,532012,100.0,61080.0,61080.0,61080.0,100900.0,163300.0,Commercial Pilots
45780,533099,80.0,22830.0,22830.0,27990.0,46210.0,71810.0,"Motor Vehicle Operators, All Other"
45780,536032,40.0,34160.0,34160.0,37570.0,45480.0,45660.0,Aircraft Service Attendants
45780,537021,120.0,38450.0,47010.0,57020.0,64160.0,68560.0,Crane and Tower Operators
45780,518093,320.0,81850.0,107520.0,107520.0,107530.0,107530.0,"Petroleum Pump System Operators, Refinery Operators, and Gaugers"
45780,536041,40.0,34420.0,54690.0,60780.0,74920.0,83010.0,Traffic Technicians
45780,493092,50.0,32600.0,36270.0,46280.0,57410.0,75070.0,Recreational Vehicle Service Technicians
45780,512031,310.0,75750.0,75770.0,75770.0,75770.0,75770.0,Engine and Other Machine Assemblers
45780,472011,40.0,80770.0,89370.0,107780.0,107800.0,107800.0,Boilermakers
